Command line invocation:
    /Applications/Xcode_15.4.app/Contents/Developer/usr/bin/xcodebuild -workspace Probe.xcworkspace -scheme unimoduleProbe -configuration Debug -sdk iphoneos -arch arm64 ONLY_ACTIVE_ARCH=NO CODE_SIGNING_ALLOWED=NO build

User defaults from command line:
    IDEPackageSupportUseBuiltinSCM = YES

Build settings from command line:
    ARCHS = arm64
    CODE_SIGNING_ALLOWED = NO
    ONLY_ACTIVE_ARCH = NO
    SDKROOT = iphoneos17.5

--- xcodebuild: WARNING: Using the first of multiple matching destinations:
{ platform:iOS, id:dvtdevice-DVTiPhonePlaceholder-iphoneos:placeholder, name:Any iOS Device }
{ platform:macOS, arch:arm64, variant:Designed for [iPad,iPhone], id:0000FE00-7CCC9802DA488B9F, name:My Mac }
{ platform:macOS, arch:arm64, variant:Mac Catalyst, id:0000FE00-7CCC9802DA488B9F, name:My Mac }
{ platform:macOS, arch:x86_64, variant:Mac Catalyst, id:0000FE00-7CCC9802DA488B9F, name:My Mac }
{ platform:iOS Simulator, id:dvtdevice-DVTiOSDeviceSimulatorPlaceholder-iphonesimulator:placeholder, name:Any iOS Simulator Device }
{ platform:macOS, variant:Mac Catalyst, name:Any Mac }
{ platform:visionOS Simulator, variant:Designed for [iPad,iPhone], id:053A7A98-5FD7-453F-A161-ED8CF5BA879E, OS:1.2, name:Apple Vision Pro }
{ platform:visionOS Simulator, variant:Designed for [iPad,iPhone], id:5368165C-FC92-4220-8F33-31E8294414A5, OS:2.1, name:Apple Vision Pro }
{ platform:visionOS Simulator, variant:Designed for [iPad,iPhone], id:139B5B85-24A3-4225-9BE7-A33509E61E3A, OS:2.2, name:Apple Vision Pro }
{ platform:iOS Simulator, id:DF74F7F9-BC7D-45D2-B6D7-365012C9D3E3, OS:17.0.1, name:iPad (10th generation) }
{ platform:iOS Simulator, id:515AD940-54DE-47C5-AFB0-71DA64BD2E4E, OS:17.2, name:iPad (10th generation) }
{ platform:iOS Simulator, id:AD893D61-CF59-4C1F-BC27-17FA95345AEB, OS:17.4, name:iPad (10th generation) }
{ platform:iOS Simulator, id:2CCD0546-54BF-40BA-AC38-A12D1301CCF4, OS:17.5, name:iPad (10th generation) }
{ platform:iOS Simulator, id:5E1D11CA-A613-48CF-91DB-DCC7869F0CD5, OS:18.1, name:iPad (10th generation) }
{ platform:iOS Simulator, id:67F63B96-D57D-490C-8118-60586AF98CFA, OS:18.2, name:iPad (10th generation) }
{ platform:iOS Simulator, id:5663D732-1A65-46D2-936B-E50422D5792B, OS:17.0.1, name:iPad Air (5th generation) }
{ platform:iOS Simulator, id:6C3DF6CE-A91A-4DAF-BBD0-D47F4C0457BC, OS:17.2, name:iPad Air (5th generation) }
{ platform:iOS Simulator, id:6729BE70-A741-4CBF-98D1-8952B5D29F64, OS:17.4, name:iPad Air (5th generation) }
{ platform:iOS Simulator, id:25B3183D-375D-4EAA-8DF5-B2A7BBF9B6D9, OS:17.4, name:iPad Air 11-inch (M2) }
{ platform:iOS Simulator, id:472D7215-B393-46F9-B17A-8C25A48EA87E, OS:17.5, name:iPad Air 11-inch (M2) }
{ platform:iOS Simulator, id:400000AD-7A3F-4967-AEEB-3BC0FCDC0AED, OS:18.1, name:iPad Air 11-inch (M2) }
{ platform:iOS Simulator, id:EB5721BD-03AE-45E8-99B0-2B68B9CB845C, OS:18.2, name:iPad Air 11-inch (M2) }
{ platform:iOS Simulator, id:EAEEF433-7DBF-4642-B59F-E4BBB65FD06A, OS:17.4, name:iPad Air 13-inch (M2) }
{ platform:iOS Simulator, id:863E18C5-8189-490B-8BB9-275BB97D947E, OS:17.5, name:iPad Air 13-inch (M2) }
{ platform:iOS Simulator, id:2EB25C80-6444-4098-A780-F7F59C0F8DD0, OS:18.1, name:iPad Air 13-inch (M2) }
{ platform:iOS Simulator, id:C7ABC0AA-4EEF-4F25-95EB-13FD2E336D3D, OS:18.2, name:iPad Air 13-inch (M2) }
{ platform:iOS Simulator, id:29E0C62D-190C-4E79-98C9-A276D0B4D86C, OS:17.0.1, name:iPad Pro (11-inch) (4th generation) }
{ platform:iOS Simulator, id:3FE96799-A2F6-481F-9014-79F0DF49996D, OS:17.2, name:iPad Pro (11-inch) (4th generation) }
{ platform:iOS Simulator, id:DF049EFE-271B-4EB2-AA47-1D60564A006E, OS:17.4, name:iPad Pro (11-inch) (4th generation) }
{ platform:iOS Simulator, id:1723678C-0F76-4A79-AD2B-1974F77366DD, OS:17.0.1, name:iPad Pro (12.9-inch) (6th generation) }
{ platform:iOS Simulator, id:C7A8F972-935C-416B-BFBD-4B582A7EDC69, OS:17.2, name:iPad Pro (12.9-inch) (6th generation) }
{ platform:iOS Simulator, id:4B481FF8-4D0D-42EB-B97E-9DE64FF49BD6, OS:17.4, name:iPad Pro (12.9-inch) (6th generation) }
{ platform:iOS Simulator, id:11EFB8C6-ED66-489F-A458-204D59C42F76, OS:17.4, name:iPad Pro 11-inch (M4) }
{ platform:iOS Simulator, id:F89BCCFC-5701-4B88-A238-EE866AF4834F, OS:17.5, name:iPad Pro 11-inch (M4) }
{ platform:iOS Simulator, id:F9076D85-9C14-4ED2-93F6-E71E6F981F89, OS:18.1, name:iPad Pro 11-inch (M4) }
{ platform:iOS Simulator, id:4F2A0F20-9193-43F8-A522-C0AA707A082E, OS:18.2, name:iPad Pro 11-inch (M4) }
{ platform:iOS Simulator, id:BBFEF709-CB95-447F-B6CA-D0498DA0B173, OS:17.4, name:iPad Pro 13-inch (M4) }
{ platform:iOS Simulator, id:D69181A5-5606-482B-B916-B040BE2D9FA3, OS:17.5, name:iPad Pro 13-inch (M4) }
{ platform:iOS Simulator, id:BC70BF55-6CA3-43D6-8ACC-E91B7C39C6AB, OS:18.1, name:iPad Pro 13-inch (M4) }
{ platform:iOS Simulator, id:0A36B23B-1467-4152-AFD1-2D260E18A13A, OS:18.2, name:iPad Pro 13-inch (M4) }
{ platform:iOS Simulator, id:BD6387D7-ADCF-4683-B5C2-B6E5A6768FD9, OS:17.0.1, name:iPad mini (6th generation) }
{ platform:iOS Simulator, id:C35FEA6C-B13A-48DD-B9F6-A638EC541DCC, OS:17.2, name:iPad mini (6th generation) }
{ platform:iOS Simulator, id:C7C37F38-AECA-4FC8-B383-F038DCD1588E, OS:17.4, name:iPad mini (6th generation) }
{ platform:iOS Simulator, id:DA1F2196-DA29-4D5E-8BA8-9978EB2033E6, OS:17.5, name:iPad mini (6th generation) }
{ platform:iOS Simulator, id:02F011C2-C296-4AD8-A8C3-57A530006CD4, OS:18.1, name:iPad mini (6th generation) }
{ platform:iOS Simulator, id:906F5AB7-C4A6-4A74-87AC-DD1D64FE6CFB, OS:18.2, name:iPad mini (6th generation) }
{ platform:iOS Simulator, id:951E7119-0D57-4405-BC5D-111B9C0B4C97, OS:18.1, name:iPad mini (A17 Pro) }
{ platform:iOS Simulator, id:0F36BEB5-08B4-447F-A9D5-1DE57F2AA740, OS:18.2, name:iPad mini (A17 Pro) }
{ platform:iOS Simulator, id:85C23E01-9DF2-4DCC-B85A-E0BBB7758E48, OS:17.0.1, name:iPhone 15 }
{ platform:iOS Simulator, id:B85A6126-D430-4125-9250-E65CD7DF14B7, OS:17.2, name:iPhone 15 }
{ platform:iOS Simulator, id:30F33610-4843-4C04-99B0-734F24ADAB6B, OS:17.4, name:iPhone 15 }
{ platform:iOS Simulator, id:CC86AE0C-952D-43BA-B4CA-7A9A56FB3E00, OS:17.5, name:iPhone 15 }
{ platform:iOS Simulator, id:27603EF2-18D3-4658-A41F-E65DC5AA33FD, OS:18.1, name:iPhone 15 }
{ platform:iOS Simulator, id:C53F58B5-F096-4726-A4F5-18817ECAFC10, OS:18.2, name:iPhone 15 }
{ platform:iOS Simulator, id:17A8C012-E83F-467F-888A-25C2977491AB, OS:17.0.1, name:iPhone 15 Plus }
{ platform:iOS Simulator, id:D4463870-0237-4022-B154-00CCA82A0636, OS:17.2, name:iPhone 15 Plus }
{ platform:iOS Simulator, id:9E6981FD-68F6-499B-9715-54D0AC6B324E, OS:17.4, name:iPhone 15 Plus }
{ platform:iOS Simulator, id:4AA0BA9A-F857-4E14-B7E2-0886D349E70F, OS:17.5, name:iPhone 15 Plus }
{ platform:iOS Simulator, id:BB22A80A-BA3A-4261-ABC8-863E20544E43, OS:18.1, name:iPhone 15 Plus }
{ platform:iOS Simulator, id:9F12EA07-1577-4216-A19F-550243367B83, OS:18.2, name:iPhone 15 Plus }
{ platform:iOS Simulator, id:E3BBCD6B-A52D-45EF-B6E0-96D3151F472D, OS:17.0.1, name:iPhone 15 Pro }
{ platform:iOS Simulator, id:0C511E31-82CB-4CE3-AF79-548A755737AE, OS:17.2, name:iPhone 15 Pro }
{ platform:iOS Simulator, id:E63A4C69-8ADF-4037-A5EE-AE47A98E069B, OS:17.4, name:iPhone 15 Pro }
{ platform:iOS Simulator, id:B15C98D2-D2CB-4366-B470-4881BB76708E, OS:17.5, name:iPhone 15 Pro }
{ platform:iOS Simulator, id:07B0C714-38E0-4644-AE23-4A945065158D, OS:18.1, name:iPhone 15 Pro }
{ platform:iOS Simulator, id:AA6416B4-7940-4E06-B962-CA78502FA482, OS:18.2, name:iPhone 15 Pro }
{ platform:iOS Simulator, id:78A14695-FEEB-4A7C-A0FA-91541B02259E, OS:17.0.1, name:iPhone 15 Pro Max }
{ platform:iOS Simulator, id:753632A6-2C76-413F-80EA-EA5B7C90310B, OS:17.2, name:iPhone 15 Pro Max }
{ platform:iOS Simulator, id:F2188A35-1A84-46E5-AD89-58890B04C591, OS:17.4, name:iPhone 15 Pro Max }
{ platform:iOS Simulator, id:B67BB802-8F6F-4830-A0C0-81D202D4AE98, OS:17.5, name:iPhone 15 Pro Max }
{ platform:iOS Simulator, id:822CB78E-D2FA-4AB8-A011-1118CE0A4E75, OS:18.1, name:iPhone 15 Pro Max }
{ platform:iOS Simulator, id:928BE811-85AD-4CCB-8076-68747B8B3AFD, OS:18.2, name:iPhone 15 Pro Max }
{ platform:iOS Simulator, id:A5B144E6-A071-4106-B457-76AA34C952DD, OS:18.1, name:iPhone 16 }
{ platform:iOS Simulator, id:EDC4F281-97FB-4004-B8FA-3ED2BD36749C, OS:18.2, name:iPhone 16 }
{ platform:iOS Simulator, id:CDBA815E-750D-4478-84CE-3B56660EA7E2, OS:18.1, name:iPhone 16 Plus }
{ platform:iOS Simulator, id:21915B6B-125F-4295-A2C0-EC803AABBF05, OS:18.2, name:iPhone 16 Plus }
{ platform:iOS Simulator, id:E6F7DFB4-78AF-4B8D-A285-B24000457240, OS:18.1, name:iPhone 16 Pro }
{ platform:iOS Simulator, id:154781AA-E525-424F-9768-390D4DED6241, OS:18.2, name:iPhone 16 Pro }
{ platform:iOS Simulator, id:D93350B9-61EE-4432-BD8E-E25978972F13, OS:18.1, name:iPhone 16 Pro Max }
{ platform:iOS Simulator, id:F4C49282-5F1D-44F0-B0C6-178B582DB734, OS:18.2, name:iPhone 16 Pro Max }
{ platform:iOS Simulator, id:3E23127D-2EE4-4591-89A5-FD2CEE2A05CE, OS:17.0.1, name:iPhone SE (3rd generation) }
{ platform:iOS Simulator, id:1EEC7A8C-5A8B-4FBE-B86E-AE7A34D4A64A, OS:17.2, name:iPhone SE (3rd generation) }
{ platform:iOS Simulator, id:1A195176-A999-41D7-A7D6-84FCB41A26EF, OS:17.4, name:iPhone SE (3rd generation) }
{ platform:iOS Simulator, id:52978592-8BD6-4A5C-8913-43711812C97D, OS:17.5, name:iPhone SE (3rd generation) }
{ platform:iOS Simulator, id:55BC56C5-67CD-46A7-BB04-A0B19A8F0AAC, OS:18.1, name:iPhone SE (3rd generation) }
{ platform:iOS Simulator, id:A9044B95-7ADA-4C87-9EE0-0393C5CC6805, OS:18.2, name:iPhone SE (3rd generation) }
{ platform:iOS Simulator, id:DF74F7F9-BC7D-45D2-B6D7-365012C9D3E3, OS:17.0.1, name:iPad (10th generation) }
{ platform:iOS Simulator, id:515AD940-54DE-47C5-AFB0-71DA64BD2E4E, OS:17.2, name:iPad (10th generation) }
{ platform:iOS Simulator, id:AD893D61-CF59-4C1F-BC27-17FA95345AEB, OS:17.4, name:iPad (10th generation) }
{ platform:iOS Simulator, id:2CCD0546-54BF-40BA-AC38-A12D1301CCF4, OS:17.5, name:iPad (10th generation) }
{ platform:iOS Simulator, id:5E1D11CA-A613-48CF-91DB-DCC7869F0CD5, OS:18.1, name:iPad (10th generation) }
{ platform:iOS Simulator, id:67F63B96-D57D-490C-8118-60586AF98CFA, OS:18.2, name:iPad (10th generation) }
{ platform:iOS Simulator, id:5663D732-1A65-46D2-936B-E50422D5792B, OS:17.0.1, name:iPad Air (5th generation) }
{ platform:iOS Simulator, id:6C3DF6CE-A91A-4DAF-BBD0-D47F4C0457BC, OS:17.2, name:iPad Air (5th generation) }
{ platform:iOS Simulator, id:6729BE70-A741-4CBF-98D1-8952B5D29F64, OS:17.4, name:iPad Air (5th generation) }
{ platform:iOS Simulator, id:25B3183D-375D-4EAA-8DF5-B2A7BBF9B6D9, OS:17.4, name:iPad Air 11-inch (M2) }
{ platform:iOS Simulator, id:472D7215-B393-46F9-B17A-8C25A48EA87E, OS:17.5, name:iPad Air 11-inch (M2) }
{ platform:iOS Simulator, id:400000AD-7A3F-4967-AEEB-3BC0FCDC0AED, OS:18.1, name:iPad Air 11-inch (M2) }
{ platform:iOS Simulator, id:EB5721BD-03AE-45E8-99B0-2B68B9CB845C, OS:18.2, name:iPad Air 11-inch (M2) }
{ platform:iOS Simulator, id:EAEEF433-7DBF-4642-B59F-E4BBB65FD06A, OS:17.4, name:iPad Air 13-inch (M2) }
{ platform:iOS Simulator, id:863E18C5-8189-490B-8BB9-275BB97D947E, OS:17.5, name:iPad Air 13-inch (M2) }
{ platform:iOS Simulator, id:2EB25C80-6444-4098-A780-F7F59C0F8DD0, OS:18.1, name:iPad Air 13-inch (M2) }
{ platform:iOS Simulator, id:C7ABC0AA-4EEF-4F25-95EB-13FD2E336D3D, OS:18.2, name:iPad Air 13-inch (M2) }
{ platform:iOS Simulator, id:29E0C62D-190C-4E79-98C9-A276D0B4D86C, OS:17.0.1, name:iPad Pro (11-inch) (4th generation) }
{ platform:iOS Simulator, id:3FE96799-A2F6-481F-9014-79F0DF49996D, OS:17.2, name:iPad Pro (11-inch) (4th generation) }
{ platform:iOS Simulator, id:DF049EFE-271B-4EB2-AA47-1D60564A006E, OS:17.4, name:iPad Pro (11-inch) (4th generation) }
{ platform:iOS Simulator, id:1723678C-0F76-4A79-AD2B-1974F77366DD, OS:17.0.1, name:iPad Pro (12.9-inch) (6th generation) }
{ platform:iOS Simulator, id:C7A8F972-935C-416B-BFBD-4B582A7EDC69, OS:17.2, name:iPad Pro (12.9-inch) (6th generation) }
{ platform:iOS Simulator, id:4B481FF8-4D0D-42EB-B97E-9DE64FF49BD6, OS:17.4, name:iPad Pro (12.9-inch) (6th generation) }
{ platform:iOS Simulator, id:11EFB8C6-ED66-489F-A458-204D59C42F76, OS:17.4, name:iPad Pro 11-inch (M4) }
{ platform:iOS Simulator, id:F89BCCFC-5701-4B88-A238-EE866AF4834F, OS:17.5, name:iPad Pro 11-inch (M4) }
{ platform:iOS Simulator, id:F9076D85-9C14-4ED2-93F6-E71E6F981F89, OS:18.1, name:iPad Pro 11-inch (M4) }
{ platform:iOS Simulator, id:4F2A0F20-9193-43F8-A522-C0AA707A082E, OS:18.2, name:iPad Pro 11-inch (M4) }
{ platform:iOS Simulator, id:BBFEF709-CB95-447F-B6CA-D0498DA0B173, OS:17.4, name:iPad Pro 13-inch (M4) }
{ platform:iOS Simulator, id:D69181A5-5606-482B-B916-B040BE2D9FA3, OS:17.5, name:iPad Pro 13-inch (M4) }
{ platform:iOS Simulator, id:BC70BF55-6CA3-43D6-8ACC-E91B7C39C6AB, OS:18.1, name:iPad Pro 13-inch (M4) }
{ platform:iOS Simulator, id:0A36B23B-1467-4152-AFD1-2D260E18A13A, OS:18.2, name:iPad Pro 13-inch (M4) }
{ platform:iOS Simulator, id:BD6387D7-ADCF-4683-B5C2-B6E5A6768FD9, OS:17.0.1, name:iPad mini (6th generation) }
{ platform:iOS Simulator, id:C35FEA6C-B13A-48DD-B9F6-A638EC541DCC, OS:17.2, name:iPad mini (6th generation) }
{ platform:iOS Simulator, id:C7C37F38-AECA-4FC8-B383-F038DCD1588E, OS:17.4, name:iPad mini (6th generation) }
{ platform:iOS Simulator, id:DA1F2196-DA29-4D5E-8BA8-9978EB2033E6, OS:17.5, name:iPad mini (6th generation) }
{ platform:iOS Simulator, id:02F011C2-C296-4AD8-A8C3-57A530006CD4, OS:18.1, name:iPad mini (6th generation) }
{ platform:iOS Simulator, id:906F5AB7-C4A6-4A74-87AC-DD1D64FE6CFB, OS:18.2, name:iPad mini (6th generation) }
{ platform:iOS Simulator, id:951E7119-0D57-4405-BC5D-111B9C0B4C97, OS:18.1, name:iPad mini (A17 Pro) }
{ platform:iOS Simulator, id:0F36BEB5-08B4-447F-A9D5-1DE57F2AA740, OS:18.2, name:iPad mini (A17 Pro) }
{ platform:iOS Simulator, id:85C23E01-9DF2-4DCC-B85A-E0BBB7758E48, OS:17.0.1, name:iPhone 15 }
{ platform:iOS Simulator, id:B85A6126-D430-4125-9250-E65CD7DF14B7, OS:17.2, name:iPhone 15 }
{ platform:iOS Simulator, id:30F33610-4843-4C04-99B0-734F24ADAB6B, OS:17.4, name:iPhone 15 }
{ platform:iOS Simulator, id:CC86AE0C-952D-43BA-B4CA-7A9A56FB3E00, OS:17.5, name:iPhone 15 }
{ platform:iOS Simulator, id:27603EF2-18D3-4658-A41F-E65DC5AA33FD, OS:18.1, name:iPhone 15 }
{ platform:iOS Simulator, id:C53F58B5-F096-4726-A4F5-18817ECAFC10, OS:18.2, name:iPhone 15 }
{ platform:iOS Simulator, id:17A8C012-E83F-467F-888A-25C2977491AB, OS:17.0.1, name:iPhone 15 Plus }
{ platform:iOS Simulator, id:D4463870-0237-4022-B154-00CCA82A0636, OS:17.2, name:iPhone 15 Plus }
{ platform:iOS Simulator, id:9E6981FD-68F6-499B-9715-54D0AC6B324E, OS:17.4, name:iPhone 15 Plus }
{ platform:iOS Simulator, id:4AA0BA9A-F857-4E14-B7E2-0886D349E70F, OS:17.5, name:iPhone 15 Plus }
{ platform:iOS Simulator, id:BB22A80A-BA3A-4261-ABC8-863E20544E43, OS:18.1, name:iPhone 15 Plus }
{ platform:iOS Simulator, id:9F12EA07-1577-4216-A19F-550243367B83, OS:18.2, name:iPhone 15 Plus }
{ platform:iOS Simulator, id:E3BBCD6B-A52D-45EF-B6E0-96D3151F472D, OS:17.0.1, name:iPhone 15 Pro }
{ platform:iOS Simulator, id:0C511E31-82CB-4CE3-AF79-548A755737AE, OS:17.2, name:iPhone 15 Pro }
{ platform:iOS Simulator, id:E63A4C69-8ADF-4037-A5EE-AE47A98E069B, OS:17.4, name:iPhone 15 Pro }
{ platform:iOS Simulator, id:B15C98D2-D2CB-4366-B470-4881BB76708E, OS:17.5, name:iPhone 15 Pro }
{ platform:iOS Simulator, id:07B0C714-38E0-4644-AE23-4A945065158D, OS:18.1, name:iPhone 15 Pro }
{ platform:iOS Simulator, id:AA6416B4-7940-4E06-B962-CA78502FA482, OS:18.2, name:iPhone 15 Pro }
{ platform:iOS Simulator, id:78A14695-FEEB-4A7C-A0FA-91541B02259E, OS:17.0.1, name:iPhone 15 Pro Max }
{ platform:iOS Simulator, id:753632A6-2C76-413F-80EA-EA5B7C90310B, OS:17.2, name:iPhone 15 Pro Max }
{ platform:iOS Simulator, id:F2188A35-1A84-46E5-AD89-58890B04C591, OS:17.4, name:iPhone 15 Pro Max }
{ platform:iOS Simulator, id:B67BB802-8F6F-4830-A0C0-81D202D4AE98, OS:17.5, name:iPhone 15 Pro Max }
{ platform:iOS Simulator, id:822CB78E-D2FA-4AB8-A011-1118CE0A4E75, OS:18.1, name:iPhone 15 Pro Max }
{ platform:iOS Simulator, id:928BE811-85AD-4CCB-8076-68747B8B3AFD, OS:18.2, name:iPhone 15 Pro Max }
{ platform:iOS Simulator, id:A5B144E6-A071-4106-B457-76AA34C952DD, OS:18.1, name:iPhone 16 }
{ platform:iOS Simulator, id:EDC4F281-97FB-4004-B8FA-3ED2BD36749C, OS:18.2, name:iPhone 16 }
{ platform:iOS Simulator, id:CDBA815E-750D-4478-84CE-3B56660EA7E2, OS:18.1, name:iPhone 16 Plus }
{ platform:iOS Simulator, id:21915B6B-125F-4295-A2C0-EC803AABBF05, OS:18.2, name:iPhone 16 Plus }
{ platform:iOS Simulator, id:E6F7DFB4-78AF-4B8D-A285-B24000457240, OS:18.1, name:iPhone 16 Pro }
{ platform:iOS Simulator, id:154781AA-E525-424F-9768-390D4DED6241, OS:18.2, name:iPhone 16 Pro }
{ platform:iOS Simulator, id:D93350B9-61EE-4432-BD8E-E25978972F13, OS:18.1, name:iPhone 16 Pro Max }
{ platform:iOS Simulator, id:F4C49282-5F1D-44F0-B0C6-178B582DB734, OS:18.2, name:iPhone 16 Pro Max }
{ platform:iOS Simulator, id:3E23127D-2EE4-4591-89A5-FD2CEE2A05CE, OS:17.0.1, name:iPhone SE (3rd generation) }
{ platform:iOS Simulator, id:1EEC7A8C-5A8B-4FBE-B86E-AE7A34D4A64A, OS:17.2, name:iPhone SE (3rd generation) }
{ platform:iOS Simulator, id:1A195176-A999-41D7-A7D6-84FCB41A26EF, OS:17.4, name:iPhone SE (3rd generation) }
{ platform:iOS Simulator, id:52978592-8BD6-4A5C-8913-43711812C97D, OS:17.5, name:iPhone SE (3rd generation) }
{ platform:iOS Simulator, id:55BC56C5-67CD-46A7-BB04-A0B19A8F0AAC, OS:18.1, name:iPhone SE (3rd generation) }
{ platform:iOS Simulator, id:A9044B95-7ADA-4C87-9EE0-0393C5CC6805, OS:18.2, name:iPhone SE (3rd generation) }
Prepare packages

ComputeTargetDependencyGraph
note: Building targets in dependency order
note: Target dependency graph (5 targets)
    Target 'unimoduleProbe' in project 'Probe'
        ➜ Implicit dependency on target 'Pods-unimoduleProbe' in project 'Pods' via file 'Pods_unimoduleProbe.framework' in build phase 'Link Binary'
        ➜ Implicit dependency on target 'Masonry' in project 'Pods' via options '-framework Masonry' in build setting 'OTHER_LDFLAGS'
    Target 'Pods-unimoduleProbe' in project 'Pods'
        ➜ Explicit dependency on target 'BaiduNaviKit3' in project 'Pods'
        ➜ Explicit dependency on target 'Masonry' in project 'Pods'
        ➜ Explicit dependency on target 'OpenCV' in project 'Pods'
    Target 'BaiduNaviKit3' in project 'Pods'
        ➜ Explicit dependency on target 'Masonry' in project 'Pods'
        ➜ Explicit dependency on target 'OpenCV' in project 'Pods'
    Target 'OpenCV' in project 'Pods' (no dependencies)
    Target 'Masonry' in project 'Pods' (no dependencies)

GatherProvisioningInputs

CreateBuildDescription

ExecuteExternalTool /Applications/Xcode_15.4.app/Contents/Developer/Toolchains/XcodeDefault.xctoolchain/usr/bin/clang -v -E -dM -arch arm64 -isysroot /Applications/Xcode_15.4.app/Contents/Developer/Platforms/iPhoneOS.platform/Developer/SDKs/iPhoneOS17.5.sdk -x c -c /dev/null

ExecuteExternalTool /Applications/Xcode_15.4.app/Contents/Developer/Toolchains/XcodeDefault.xctoolchain/usr/bin/clang -v -E -dM -isysroot /Applications/Xcode_15.4.app/Contents/Developer/Platforms/iPhoneOS.platform/Developer/SDKs/iPhoneOS17.5.sdk -x c -c /dev/null

ExecuteExternalTool /Applications/Xcode_15.4.app/Contents/Developer/Toolchains/XcodeDefault.xctoolchain/usr/bin/clang -v -E -dM -arch arm64 -isysroot /Applications/Xcode_15.4.app/Contents/Developer/Platforms/iPhoneOS.platform/Developer/SDKs/iPhoneOS17.5.sdk -x objective-c -c /dev/null

ExecuteExternalTool /Applications/Xcode_15.4.app/Contents/Developer/Toolchains/XcodeDefault.xctoolchain/usr/bin/libtool -V

ExecuteExternalTool /Applications/Xcode_15.4.app/Contents/Developer/Toolchains/XcodeDefault.xctoolchain/usr/bin/swiftc -v

ExecuteExternalTool /Applications/Xcode_15.4.app/Contents/Developer/Toolchains/XcodeDefault.xctoolchain/usr/bin/ld -version_details

Build description signature: ba09e4f232c4b89960126bd7a168e74f
Build description path: /Users/runner/Library/Developer/Xcode/DerivedData/Probe-ekfbkukithifuccjqocbdrxgxvkg/Build/Intermediates.noindex/XCBuildData/ba09e4f232c4b89960126bd7a168e74f.xcbuilddata
CreateBuildDirectory /Users/runner/Library/Developer/Xcode/DerivedData/Probe-ekfbkukithifuccjqocbdrxgxvkg/Build/Products
    cd /Users/runner/work/hw-baidu-navi-specs/hw-baidu-navi-specs/probe/B
    builtin-create-build-directory /Users/runner/Library/Developer/Xcode/DerivedData/Probe-ekfbkukithifuccjqocbdrxgxvkg/Build/Products

CreateBuildDirectory /Users/runner/Library/Developer/Xcode/DerivedData/Probe-ekfbkukithifuccjqocbdrxgxvkg/Build/Intermediates.noindex
    cd /Users/runner/work/hw-baidu-navi-specs/hw-baidu-navi-specs/probe/B
    builtin-create-build-directory /Users/runner/Library/Developer/Xcode/DerivedData/Probe-ekfbkukithifuccjqocbdrxgxvkg/Build/Intermediates.noindex

ClangStatCache /Applications/Xcode_15.4.app/Contents/Developer/Toolchains/XcodeDefault.xctoolchain/usr/bin/clang-stat-cache /Applications/Xcode_15.4.app/Contents/Developer/Platforms/iPhoneOS.platform/Developer/SDKs/iPhoneOS17.5.sdk /Users/runner/Library/Developer/Xcode/DerivedData/SDKStatCaches.noindex/iphoneos17.5-21F77-f0fa7969d082b13145125136a829df3a.sdkstatcache
    cd /Users/runner/work/hw-baidu-navi-specs/hw-baidu-navi-specs/probe/B
    /Applications/Xcode_15.4.app/Contents/Developer/Toolchains/XcodeDefault.xctoolchain/usr/bin/clang-stat-cache /Applications/Xcode_15.4.app/Contents/Developer/Platforms/iPhoneOS.platform/Developer/SDKs/iPhoneOS17.5.sdk -o /Users/runner/Library/Developer/Xcode/DerivedData/SDKStatCaches.noindex/iphoneos17.5-21F77-f0fa7969d082b13145125136a829df3a.sdkstatcache

CreateBuildDirectory /Users/runner/Library/Developer/Xcode/DerivedData/Probe-ekfbkukithifuccjqocbdrxgxvkg/Build/Products/Debug-iphoneos
    cd /Users/runner/work/hw-baidu-navi-specs/hw-baidu-navi-specs/probe/B
    builtin-create-build-directory /Users/runner/Library/Developer/Xcode/DerivedData/Probe-ekfbkukithifuccjqocbdrxgxvkg/Build/Products/Debug-iphoneos

CreateBuildDirectory /Users/runner/Library/Developer/Xcode/DerivedData/Probe-ekfbkukithifuccjqocbdrxgxvkg/Build/Intermediates.noindex/EagerLinkingTBDs/Debug-iphoneos
    cd /Users/runner/work/hw-baidu-navi-specs/hw-baidu-navi-specs/probe/B
    builtin-create-build-directory /Users/runner/Library/Developer/Xcode/DerivedData/Probe-ekfbkukithifuccjqocbdrxgxvkg/Build/Intermediates.noindex/EagerLinkingTBDs/Debug-iphoneos

CreateBuildDirectory /Users/runner/Library/Developer/Xcode/DerivedData/Probe-ekfbkukithifuccjqocbdrxgxvkg/Build/Products/Debug-iphoneos/OpenCV
    cd /Users/runner/work/hw-baidu-navi-specs/hw-baidu-navi-specs/probe/B
    builtin-create-build-directory /Users/runner/Library/Developer/Xcode/DerivedData/Probe-ekfbkukithifuccjqocbdrxgxvkg/Build/Products/Debug-iphoneos/OpenCV

CreateBuildDirectory /Users/runner/Library/Developer/Xcode/DerivedData/Probe-ekfbkukithifuccjqocbdrxgxvkg/Build/Products/Debug-iphoneos/Masonry
    cd /Users/runner/work/hw-baidu-navi-specs/hw-baidu-navi-specs/probe/B
    builtin-create-build-directory /Users/runner/Library/Developer/Xcode/DerivedData/Probe-ekfbkukithifuccjqocbdrxgxvkg/Build/Products/Debug-iphoneos/Masonry

CreateBuildDirectory /Users/runner/Library/Developer/Xcode/DerivedData/Probe-ekfbkukithifuccjqocbdrxgxvkg/Build/Products/Debug-iphoneos/BaiduNaviKit3
    cd /Users/runner/work/hw-baidu-navi-specs/hw-baidu-navi-specs/probe/B
    builtin-create-build-directory /Users/runner/Library/Developer/Xcode/DerivedData/Probe-ekfbkukithifuccjqocbdrxgxvkg/Build/Products/Debug-iphoneos/BaiduNaviKit3

MkDir /Users/runner/Library/Developer/Xcode/DerivedData/Probe-ekfbkukithifuccjqocbdrxgxvkg/Build/Products/Debug-iphoneos/unimoduleProbe.framework/Headers (in target 'unimoduleProbe' from project 'Probe')
    cd /Users/runner/work/hw-baidu-navi-specs/hw-baidu-navi-specs/probe/B
    /bin/mkdir -p /Users/runner/Library/Developer/Xcode/DerivedData/Probe-ekfbkukithifuccjqocbdrxgxvkg/Build/Products/Debug-iphoneos/unimoduleProbe.framework/Headers

MkDir /Users/runner/Library/Developer/Xcode/DerivedData/Probe-ekfbkukithifuccjqocbdrxgxvkg/Build/Products/Debug-iphoneos/unimoduleProbe.framework (in target 'unimoduleProbe' from project 'Probe')
    cd /Users/runner/work/hw-baidu-navi-specs/hw-baidu-navi-specs/probe/B
    /bin/mkdir -p /Users/runner/Library/Developer/Xcode/DerivedData/Probe-ekfbkukithifuccjqocbdrxgxvkg/Build/Products/Debug-iphoneos/unimoduleProbe.framework

MkDir /Users/runner/Library/Developer/Xcode/DerivedData/Probe-ekfbkukithifuccjqocbdrxgxvkg/Build/Products/Debug-iphoneos/Pods_unimoduleProbe.framework/Headers (in target 'Pods-unimoduleProbe' from project 'Pods')
    cd /Users/runner/work/hw-baidu-navi-specs/hw-baidu-navi-specs/probe/B/Pods
    /bin/mkdir -p /Users/runner/Library/Developer/Xcode/DerivedData/Probe-ekfbkukithifuccjqocbdrxgxvkg/Build/Products/Debug-iphoneos/Pods_unimoduleProbe.framework/Headers

MkDir /Users/runner/Library/Developer/Xcode/DerivedData/Probe-ekfbkukithifuccjqocbdrxgxvkg/Build/Products/Debug-iphoneos/Pods_unimoduleProbe.framework (in target 'Pods-unimoduleProbe' from project 'Pods')
    cd /Users/runner/work/hw-baidu-navi-specs/hw-baidu-navi-specs/probe/B/Pods
    /bin/mkdir -p /Users/runner/Library/Developer/Xcode/DerivedData/Probe-ekfbkukithifuccjqocbdrxgxvkg/Build/Products/Debug-iphoneos/Pods_unimoduleProbe.framework

MkDir /Users/runner/Library/Developer/Xcode/DerivedData/Probe-ekfbkukithifuccjqocbdrxgxvkg/Build/Products/Debug-iphoneos/Masonry/Masonry.framework/Headers (in target 'Masonry' from project 'Pods')
    cd /Users/runner/work/hw-baidu-navi-specs/hw-baidu-navi-specs/probe/B/Pods
    /bin/mkdir -p /Users/runner/Library/Developer/Xcode/DerivedData/Probe-ekfbkukithifuccjqocbdrxgxvkg/Build/Products/Debug-iphoneos/Masonry/Masonry.framework/Headers

MkDir /Users/runner/Library/Developer/Xcode/DerivedData/Probe-ekfbkukithifuccjqocbdrxgxvkg/Build/Products/Debug-iphoneos/Masonry/Masonry.framework (in target 'Masonry' from project 'Pods')
    cd /Users/runner/work/hw-baidu-navi-specs/hw-baidu-navi-specs/probe/B/Pods
    /bin/mkdir -p /Users/runner/Library/Developer/Xcode/DerivedData/Probe-ekfbkukithifuccjqocbdrxgxvkg/Build/Products/Debug-iphoneos/Masonry/Masonry.framework

WriteAuxiliaryFile /Users/runner/Library/Developer/Xcode/DerivedData/Probe-ekfbkukithifuccjqocbdrxgxvkg/Build/Intermediates.noindex/Pods.build/Debug-iphoneos/Masonry.build/Masonry.hmap (in target 'Masonry' from project 'Pods')
    cd /Users/runner/work/hw-baidu-navi-specs/hw-baidu-navi-specs/probe/B/Pods
    write-file /Users/runner/Library/Developer/Xcode/DerivedData/Probe-ekfbkukithifuccjqocbdrxgxvkg/Build/Intermediates.noindex/Pods.build/Debug-iphoneos/Masonry.build/Masonry.hmap

WriteAuxiliaryFile /Users/runner/Library/Developer/Xcode/DerivedData/Probe-ekfbkukithifuccjqocbdrxgxvkg/Build/Intermediates.noindex/Pods.build/Debug-iphoneos/Masonry.build/all-product-headers.yaml (in target 'Masonry' from project 'Pods')
    cd /Users/runner/work/hw-baidu-navi-specs/hw-baidu-navi-specs/probe/B/Pods
    write-file /Users/runner/Library/Developer/Xcode/DerivedData/Probe-ekfbkukithifuccjqocbdrxgxvkg/Build/Intermediates.noindex/Pods.build/Debug-iphoneos/Masonry.build/all-product-headers.yaml

WriteAuxiliaryFile /Users/runner/Library/Developer/Xcode/DerivedData/Probe-ekfbkukithifuccjqocbdrxgxvkg/Build/Intermediates.noindex/Pods.build/Debug-iphoneos/Masonry.build/Masonry-project-headers.hmap (in target 'Masonry' from project 'Pods')
    cd /Users/runner/work/hw-baidu-navi-specs/hw-baidu-navi-specs/probe/B/Pods
    write-file /Users/runner/Library/Developer/Xcode/DerivedData/Probe-ekfbkukithifuccjqocbdrxgxvkg/Build/Intermediates.noindex/Pods.build/Debug-iphoneos/Masonry.build/Masonry-project-headers.hmap

WriteAuxiliaryFile /Users/runner/Library/Developer/Xcode/DerivedData/Probe-ekfbkukithifuccjqocbdrxgxvkg/Build/Intermediates.noindex/Pods.build/Debug-iphoneos/Masonry.build/Masonry-own-target-headers.hmap (in target 'Masonry' from project 'Pods')
    cd /Users/runner/work/hw-baidu-navi-specs/hw-baidu-navi-specs/probe/B/Pods
    write-file /Users/runner/Library/Developer/Xcode/DerivedData/Probe-ekfbkukithifuccjqocbdrxgxvkg/Build/Intermediates.noindex/Pods.build/Debug-iphoneos/Masonry.build/Masonry-own-target-headers.hmap

WriteAuxiliaryFile /Users/runner/Library/Developer/Xcode/DerivedData/Probe-ekfbkukithifuccjqocbdrxgxvkg/Build/Intermediates.noindex/Pods.build/Debug-iphoneos/Masonry.build/Masonry-generated-files.hmap (in target 'Masonry' from project 'Pods')
    cd /Users/runner/work/hw-baidu-navi-specs/hw-baidu-navi-specs/probe/B/Pods
    write-file /Users/runner/Library/Developer/Xcode/DerivedData/Probe-ekfbkukithifuccjqocbdrxgxvkg/Build/Intermediates.noindex/Pods.build/Debug-iphoneos/Masonry.build/Masonry-generated-files.hmap

WriteAuxiliaryFile /Users/runner/Library/Developer/Xcode/DerivedData/Probe-ekfbkukithifuccjqocbdrxgxvkg/Build/Intermediates.noindex/Pods.build/Debug-iphoneos/Masonry.build/Masonry-all-target-headers.hmap (in target 'Masonry' from project 'Pods')
    cd /Users/runner/work/hw-baidu-navi-specs/hw-baidu-navi-specs/probe/B/Pods
    write-file /Users/runner/Library/Developer/Xcode/DerivedData/Probe-ekfbkukithifuccjqocbdrxgxvkg/Build/Intermediates.noindex/Pods.build/Debug-iphoneos/Masonry.build/Masonry-all-target-headers.hmap

WriteAuxiliaryFile /Users/runner/Library/Developer/Xcode/DerivedData/Probe-ekfbkukithifuccjqocbdrxgxvkg/Build/Intermediates.noindex/Pods.build/Debug-iphoneos/Masonry.build/Masonry-all-non-framework-target-headers.hmap (in target 'Masonry' from project 'Pods')
    cd /Users/runner/work/hw-baidu-navi-specs/hw-baidu-navi-specs/probe/B/Pods
    write-file /Users/runner/Library/Developer/Xcode/DerivedData/Probe-ekfbkukithifuccjqocbdrxgxvkg/Build/Intermediates.noindex/Pods.build/Debug-iphoneos/Masonry.build/Masonry-all-non-framework-target-headers.hmap

WriteAuxiliaryFile /Users/runner/Library/Developer/Xcode/DerivedData/Probe-ekfbkukithifuccjqocbdrxgxvkg/Build/Intermediates.noindex/Pods.build/Debug-iphoneos/Masonry.build/module.modulemap (in target 'Masonry' from project 'Pods')
    cd /Users/runner/work/hw-baidu-navi-specs/hw-baidu-navi-specs/probe/B/Pods
    write-file /Users/runner/Library/Developer/Xcode/DerivedData/Probe-ekfbkukithifuccjqocbdrxgxvkg/Build/Intermediates.noindex/Pods.build/Debug-iphoneos/Masonry.build/module.modulemap

Copy /Users/runner/Library/Developer/Xcode/DerivedData/Probe-ekfbkukithifuccjqocbdrxgxvkg/Build/Products/Debug-iphoneos/Masonry/Masonry.framework/Modules/module.modulemap /Users/runner/Library/Developer/Xcode/DerivedData/Probe-ekfbkukithifuccjqocbdrxgxvkg/Build/Intermediates.noindex/Pods.build/Debug-iphoneos/Masonry.build/module.modulemap (in target 'Masonry' from project 'Pods')
    cd /Users/runner/work/hw-baidu-navi-specs/hw-baidu-navi-specs/probe/B/Pods
    builtin-copy -exclude .DS_Store -exclude CVS -exclude .svn -exclude .git -exclude .hg -resolve-src-symlinks /Users/runner/Library/Developer/Xcode/DerivedData/Probe-ekfbkukithifuccjqocbdrxgxvkg/Build/Intermediates.noindex/Pods.build/Debug-iphoneos/Masonry.build/module.modulemap /Users/runner/Library/Developer/Xcode/DerivedData/Probe-ekfbkukithifuccjqocbdrxgxvkg/Build/Products/Debug-iphoneos/Masonry/Masonry.framework/Modules

CpHeader /Users/runner/Library/Developer/Xcode/DerivedData/Probe-ekfbkukithifuccjqocbdrxgxvkg/Build/Products/Debug-iphoneos/Masonry/Masonry.framework/Headers/ViewController+MASAdditions.h /Users/runner/work/hw-baidu-navi-specs/hw-baidu-navi-specs/probe/B/Pods/Masonry/Masonry/ViewController+MASAdditions.h (in target 'Masonry' from project 'Pods')
    cd /Users/runner/work/hw-baidu-navi-specs/hw-baidu-navi-specs/probe/B/Pods
    builtin-copy -exclude .DS_Store -exclude CVS -exclude .svn -exclude .git -exclude .hg -resolve-src-symlinks /Users/runner/work/hw-baidu-navi-specs/hw-baidu-navi-specs/probe/B/Pods/Masonry/Masonry/ViewController+MASAdditions.h /Users/runner/Library/Developer/Xcode/DerivedData/Probe-ekfbkukithifuccjqocbdrxgxvkg/Build/Products/Debug-iphoneos/Masonry/Masonry.framework/Headers

CpHeader /Users/runner/Library/Developer/Xcode/DerivedData/Probe-ekfbkukithifuccjqocbdrxgxvkg/Build/Products/Debug-iphoneos/Masonry/Masonry.framework/Headers/View+MASShorthandAdditions.h /Users/runner/work/hw-baidu-navi-specs/hw-baidu-navi-specs/probe/B/Pods/Masonry/Masonry/View+MASShorthandAdditions.h (in target 'Masonry' from project 'Pods')
    cd /Users/runner/work/hw-baidu-navi-specs/hw-baidu-navi-specs/probe/B/Pods
    builtin-copy -exclude .DS_Store -exclude CVS -exclude .svn -exclude .git -exclude .hg -resolve-src-symlinks /Users/runner/work/hw-baidu-navi-specs/hw-baidu-navi-specs/probe/B/Pods/Masonry/Masonry/View+MASShorthandAdditions.h /Users/runner/Library/Developer/Xcode/DerivedData/Probe-ekfbkukithifuccjqocbdrxgxvkg/Build/Products/Debug-iphoneos/Masonry/Masonry.framework/Headers

CpHeader /Users/runner/Library/Developer/Xcode/DerivedData/Probe-ekfbkukithifuccjqocbdrxgxvkg/Build/Products/Debug-iphoneos/Masonry/Masonry.framework/Headers/View+MASAdditions.h /Users/runner/work/hw-baidu-navi-specs/hw-baidu-navi-specs/probe/B/Pods/Masonry/Masonry/View+MASAdditions.h (in target 'Masonry' from project 'Pods')
    cd /Users/runner/work/hw-baidu-navi-specs/hw-baidu-navi-specs/probe/B/Pods
    builtin-copy -exclude .DS_Store -exclude CVS -exclude .svn -exclude .git -exclude .hg -resolve-src-symlinks /Users/runner/work/hw-baidu-navi-specs/hw-baidu-navi-specs/probe/B/Pods/Masonry/Masonry/View+MASAdditions.h /Users/runner/Library/Developer/Xcode/DerivedData/Probe-ekfbkukithifuccjqocbdrxgxvkg/Build/Products/Debug-iphoneos/Masonry/Masonry.framework/Headers

CpHeader /Users/runner/Library/Developer/Xcode/DerivedData/Probe-ekfbkukithifuccjqocbdrxgxvkg/Build/Products/Debug-iphoneos/Masonry/Masonry.framework/Headers/NSLayoutConstraint+MASDebugAdditions.h /Users/runner/work/hw-baidu-navi-specs/hw-baidu-navi-specs/probe/B/Pods/Masonry/Masonry/NSLayoutConstraint+MASDebugAdditions.h (in target 'Masonry' from project 'Pods')
    cd /Users/runner/work/hw-baidu-navi-specs/hw-baidu-navi-specs/probe/B/Pods
    builtin-copy -exclude .DS_Store -exclude CVS -exclude .svn -exclude .git -exclude .hg -resolve-src-symlinks /Users/runner/work/hw-baidu-navi-specs/hw-baidu-navi-specs/probe/B/Pods/Masonry/Masonry/NSLayoutConstraint+MASDebugAdditions.h /Users/runner/Library/Developer/Xcode/DerivedData/Probe-ekfbkukithifuccjqocbdrxgxvkg/Build/Products/Debug-iphoneos/Masonry/Masonry.framework/Headers

CpHeader /Users/runner/Library/Developer/Xcode/DerivedData/Probe-ekfbkukithifuccjqocbdrxgxvkg/Build/Products/Debug-iphoneos/Masonry/Masonry.framework/Headers/NSArray+MASShorthandAdditions.h /Users/runner/work/hw-baidu-navi-specs/hw-baidu-navi-specs/probe/B/Pods/Masonry/Masonry/NSArray+MASShorthandAdditions.h (in target 'Masonry' from project 'Pods')
    cd /Users/runner/work/hw-baidu-navi-specs/hw-baidu-navi-specs/probe/B/Pods
    builtin-copy -exclude .DS_Store -exclude CVS -exclude .svn -exclude .git -exclude .hg -resolve-src-symlinks /Users/runner/work/hw-baidu-navi-specs/hw-baidu-navi-specs/probe/B/Pods/Masonry/Masonry/NSArray+MASShorthandAdditions.h /Users/runner/Library/Developer/Xcode/DerivedData/Probe-ekfbkukithifuccjqocbdrxgxvkg/Build/Products/Debug-iphoneos/Masonry/Masonry.framework/Headers

CpHeader /Users/runner/Library/Developer/Xcode/DerivedData/Probe-ekfbkukithifuccjqocbdrxgxvkg/Build/Products/Debug-iphoneos/Masonry/Masonry.framework/Headers/NSArray+MASAdditions.h /Users/runner/work/hw-baidu-navi-specs/hw-baidu-navi-specs/probe/B/Pods/Masonry/Masonry/NSArray+MASAdditions.h (in target 'Masonry' from project 'Pods')
    cd /Users/runner/work/hw-baidu-navi-specs/hw-baidu-navi-specs/probe/B/Pods
    builtin-copy -exclude .DS_Store -exclude CVS -exclude .svn -exclude .git -exclude .hg -resolve-src-symlinks /Users/runner/work/hw-baidu-navi-specs/hw-baidu-navi-specs/probe/B/Pods/Masonry/Masonry/NSArray+MASAdditions.h /Users/runner/Library/Developer/Xcode/DerivedData/Probe-ekfbkukithifuccjqocbdrxgxvkg/Build/Products/Debug-iphoneos/Masonry/Masonry.framework/Headers

CpHeader /Users/runner/Library/Developer/Xcode/DerivedData/Probe-ekfbkukithifuccjqocbdrxgxvkg/Build/Products/Debug-iphoneos/Masonry/Masonry.framework/Headers/Masonry.h /Users/runner/work/hw-baidu-navi-specs/hw-baidu-navi-specs/probe/B/Pods/Masonry/Masonry/Masonry.h (in target 'Masonry' from project 'Pods')
    cd /Users/runner/work/hw-baidu-navi-specs/hw-baidu-navi-specs/probe/B/Pods
    builtin-copy -exclude .DS_Store -exclude CVS -exclude .svn -exclude .git -exclude .hg -resolve-src-symlinks /Users/runner/work/hw-baidu-navi-specs/hw-baidu-navi-specs/probe/B/Pods/Masonry/Masonry/Masonry.h /Users/runner/Library/Developer/Xcode/DerivedData/Probe-ekfbkukithifuccjqocbdrxgxvkg/Build/Products/Debug-iphoneos/Masonry/Masonry.framework/Headers

CpHeader /Users/runner/Library/Developer/Xcode/DerivedData/Probe-ekfbkukithifuccjqocbdrxgxvkg/Build/Products/Debug-iphoneos/Masonry/Masonry.framework/Headers/Masonry-umbrella.h /Users/runner/work/hw-baidu-navi-specs/hw-baidu-navi-specs/probe/B/Pods/Target\ Support\ Files/Masonry/Masonry-umbrella.h (in target 'Masonry' from project 'Pods')
    cd /Users/runner/work/hw-baidu-navi-specs/hw-baidu-navi-specs/probe/B/Pods
    builtin-copy -exclude .DS_Store -exclude CVS -exclude .svn -exclude .git -exclude .hg -resolve-src-symlinks /Users/runner/work/hw-baidu-navi-specs/hw-baidu-navi-specs/probe/B/Pods/Target\ Support\ Files/Masonry/Masonry-umbrella.h /Users/runner/Library/Developer/Xcode/DerivedData/Probe-ekfbkukithifuccjqocbdrxgxvkg/Build/Products/Debug-iphoneos/Masonry/Masonry.framework/Headers

CpHeader /Users/runner/Library/Developer/Xcode/DerivedData/Probe-ekfbkukithifuccjqocbdrxgxvkg/Build/Products/Debug-iphoneos/Masonry/Masonry.framework/Headers/MASViewConstraint.h /Users/runner/work/hw-baidu-navi-specs/hw-baidu-navi-specs/probe/B/Pods/Masonry/Masonry/MASViewConstraint.h (in target 'Masonry' from project 'Pods')
    cd /Users/runner/work/hw-baidu-navi-specs/hw-baidu-navi-specs/probe/B/Pods
    builtin-copy -exclude .DS_Store -exclude CVS -exclude .svn -exclude .git -exclude .hg -resolve-src-symlinks /Users/runner/work/hw-baidu-navi-specs/hw-baidu-navi-specs/probe/B/Pods/Masonry/Masonry/MASViewConstraint.h /Users/runner/Library/Developer/Xcode/DerivedData/Probe-ekfbkukithifuccjqocbdrxgxvkg/Build/Products/Debug-iphoneos/Masonry/Masonry.framework/Headers

CpHeader /Users/runner/Library/Developer/Xcode/DerivedData/Probe-ekfbkukithifuccjqocbdrxgxvkg/Build/Products/Debug-iphoneos/Masonry/Masonry.framework/Headers/MASViewAttribute.h /Users/runner/work/hw-baidu-navi-specs/hw-baidu-navi-specs/probe/B/Pods/Masonry/Masonry/MASViewAttribute.h (in target 'Masonry' from project 'Pods')
    cd /Users/runner/work/hw-baidu-navi-specs/hw-baidu-navi-specs/probe/B/Pods
    builtin-copy -exclude .DS_Store -exclude CVS -exclude .svn -exclude .git -exclude .hg -resolve-src-symlinks /Users/runner/work/hw-baidu-navi-specs/hw-baidu-navi-specs/probe/B/Pods/Masonry/Masonry/MASViewAttribute.h /Users/runner/Library/Developer/Xcode/DerivedData/Probe-ekfbkukithifuccjqocbdrxgxvkg/Build/Products/Debug-iphoneos/Masonry/Masonry.framework/Headers

CpHeader /Users/runner/Library/Developer/Xcode/DerivedData/Probe-ekfbkukithifuccjqocbdrxgxvkg/Build/Products/Debug-iphoneos/Masonry/Masonry.framework/Headers/MASUtilities.h /Users/runner/work/hw-baidu-navi-specs/hw-baidu-navi-specs/probe/B/Pods/Masonry/Masonry/MASUtilities.h (in target 'Masonry' from project 'Pods')
    cd /Users/runner/work/hw-baidu-navi-specs/hw-baidu-navi-specs/probe/B/Pods
    builtin-copy -exclude .DS_Store -exclude CVS -exclude .svn -exclude .git -exclude .hg -resolve-src-symlinks /Users/runner/work/hw-baidu-navi-specs/hw-baidu-navi-specs/probe/B/Pods/Masonry/Masonry/MASUtilities.h /Users/runner/Library/Developer/Xcode/DerivedData/Probe-ekfbkukithifuccjqocbdrxgxvkg/Build/Products/Debug-iphoneos/Masonry/Masonry.framework/Headers

CpHeader /Users/runner/Library/Developer/Xcode/DerivedData/Probe-ekfbkukithifuccjqocbdrxgxvkg/Build/Products/Debug-iphoneos/Masonry/Masonry.framework/Headers/MASLayoutConstraint.h /Users/runner/work/hw-baidu-navi-specs/hw-baidu-navi-specs/probe/B/Pods/Masonry/Masonry/MASLayoutConstraint.h (in target 'Masonry' from project 'Pods')
    cd /Users/runner/work/hw-baidu-navi-specs/hw-baidu-navi-specs/probe/B/Pods
    builtin-copy -exclude .DS_Store -exclude CVS -exclude .svn -exclude .git -exclude .hg -resolve-src-symlinks /Users/runner/work/hw-baidu-navi-specs/hw-baidu-navi-specs/probe/B/Pods/Masonry/Masonry/MASLayoutConstraint.h /Users/runner/Library/Developer/Xcode/DerivedData/Probe-ekfbkukithifuccjqocbdrxgxvkg/Build/Products/Debug-iphoneos/Masonry/Masonry.framework/Headers

CpHeader /Users/runner/Library/Developer/Xcode/DerivedData/Probe-ekfbkukithifuccjqocbdrxgxvkg/Build/Products/Debug-iphoneos/Masonry/Masonry.framework/Headers/MASConstraintMaker.h /Users/runner/work/hw-baidu-navi-specs/hw-baidu-navi-specs/probe/B/Pods/Masonry/Masonry/MASConstraintMaker.h (in target 'Masonry' from project 'Pods')
    cd /Users/runner/work/hw-baidu-navi-specs/hw-baidu-navi-specs/probe/B/Pods
    builtin-copy -exclude .DS_Store -exclude CVS -exclude .svn -exclude .git -exclude .hg -resolve-src-symlinks /Users/runner/work/hw-baidu-navi-specs/hw-baidu-navi-specs/probe/B/Pods/Masonry/Masonry/MASConstraintMaker.h /Users/runner/Library/Developer/Xcode/DerivedData/Probe-ekfbkukithifuccjqocbdrxgxvkg/Build/Products/Debug-iphoneos/Masonry/Masonry.framework/Headers

CpHeader /Users/runner/Library/Developer/Xcode/DerivedData/Probe-ekfbkukithifuccjqocbdrxgxvkg/Build/Products/Debug-iphoneos/Masonry/Masonry.framework/Headers/MASConstraint.h /Users/runner/work/hw-baidu-navi-specs/hw-baidu-navi-specs/probe/B/Pods/Masonry/Masonry/MASConstraint.h (in target 'Masonry' from project 'Pods')
    cd /Users/runner/work/hw-baidu-navi-specs/hw-baidu-navi-specs/probe/B/Pods
    builtin-copy -exclude .DS_Store -exclude CVS -exclude .svn -exclude .git -exclude .hg -resolve-src-symlinks /Users/runner/work/hw-baidu-navi-specs/hw-baidu-navi-specs/probe/B/Pods/Masonry/Masonry/MASConstraint.h /Users/runner/Library/Developer/Xcode/DerivedData/Probe-ekfbkukithifuccjqocbdrxgxvkg/Build/Products/Debug-iphoneos/Masonry/Masonry.framework/Headers

CpHeader /Users/runner/Library/Developer/Xcode/DerivedData/Probe-ekfbkukithifuccjqocbdrxgxvkg/Build/Products/Debug-iphoneos/Masonry/Masonry.framework/Headers/MASConstraint+Private.h /Users/runner/work/hw-baidu-navi-specs/hw-baidu-navi-specs/probe/B/Pods/Masonry/Masonry/MASConstraint+Private.h (in target 'Masonry' from project 'Pods')
    cd /Users/runner/work/hw-baidu-navi-specs/hw-baidu-navi-specs/probe/B/Pods
    builtin-copy -exclude .DS_Store -exclude CVS -exclude .svn -exclude .git -exclude .hg -resolve-src-symlinks /Users/runner/work/hw-baidu-navi-specs/hw-baidu-navi-specs/probe/B/Pods/Masonry/Masonry/MASConstraint+Private.h /Users/runner/Library/Developer/Xcode/DerivedData/Probe-ekfbkukithifuccjqocbdrxgxvkg/Build/Products/Debug-iphoneos/Masonry/Masonry.framework/Headers

CpHeader /Users/runner/Library/Developer/Xcode/DerivedData/Probe-ekfbkukithifuccjqocbdrxgxvkg/Build/Products/Debug-iphoneos/Masonry/Masonry.framework/Headers/MASCompositeConstraint.h /Users/runner/work/hw-baidu-navi-specs/hw-baidu-navi-specs/probe/B/Pods/Masonry/Masonry/MASCompositeConstraint.h (in target 'Masonry' from project 'Pods')
    cd /Users/runner/work/hw-baidu-navi-specs/hw-baidu-navi-specs/probe/B/Pods
    builtin-copy -exclude .DS_Store -exclude CVS -exclude .svn -exclude .git -exclude .hg -resolve-src-symlinks /Users/runner/work/hw-baidu-navi-specs/hw-baidu-navi-specs/probe/B/Pods/Masonry/Masonry/MASCompositeConstraint.h /Users/runner/Library/Developer/Xcode/DerivedData/Probe-ekfbkukithifuccjqocbdrxgxvkg/Build/Products/Debug-iphoneos/Masonry/Masonry.framework/Headers

ProcessInfoPlistFile /Users/runner/Library/Developer/Xcode/DerivedData/Probe-ekfbkukithifuccjqocbdrxgxvkg/Build/Products/Debug-iphoneos/Masonry/Masonry.framework/Info.plist /Users/runner/work/hw-baidu-navi-specs/hw-baidu-navi-specs/probe/B/Pods/Target\ Support\ Files/Masonry/Masonry-Info.plist (in target 'Masonry' from project 'Pods')
    cd /Users/runner/work/hw-baidu-navi-specs/hw-baidu-navi-specs/probe/B/Pods
    builtin-infoPlistUtility /Users/runner/work/hw-baidu-navi-specs/hw-baidu-navi-specs/probe/B/Pods/Target\ Support\ Files/Masonry/Masonry-Info.plist -producttype com.apple.product-type.framework -expandbuildsettings -format binary -platform iphoneos -requiredArchitecture arm64 -o /Users/runner/Library/Developer/Xcode/DerivedData/Probe-ekfbkukithifuccjqocbdrxgxvkg/Build/Products/Debug-iphoneos/Masonry/Masonry.framework/Info.plist

WriteAuxiliaryFile /Users/runner/Library/Developer/Xcode/DerivedData/Probe-ekfbkukithifuccjqocbdrxgxvkg/Build/Intermediates.noindex/Pods.build/Debug-iphoneos/Masonry.build/Objects-normal/arm64/Masonry.LinkFileList (in target 'Masonry' from project 'Pods')
    cd /Users/runner/work/hw-baidu-navi-specs/hw-baidu-navi-specs/probe/B/Pods
    write-file /Users/runner/Library/Developer/Xcode/DerivedData/Probe-ekfbkukithifuccjqocbdrxgxvkg/Build/Intermediates.noindex/Pods.build/Debug-iphoneos/Masonry.build/Objects-normal/arm64/Masonry.LinkFileList

WriteAuxiliaryFile /Users/runner/Library/Developer/Xcode/DerivedData/Probe-ekfbkukithifuccjqocbdrxgxvkg/Build/Intermediates.noindex/Pods.build/Debug-iphoneos/Masonry.build/Objects-normal/arm64/e6072d4f65d7061329687fe24e3d63a7-common-args.resp (in target 'Masonry' from project 'Pods')
    cd /Users/runner/work/hw-baidu-navi-specs/hw-baidu-navi-specs/probe/B/Pods
    write-file /Users/runner/Library/Developer/Xcode/DerivedData/Probe-ekfbkukithifuccjqocbdrxgxvkg/Build/Intermediates.noindex/Pods.build/Debug-iphoneos/Masonry.build/Objects-normal/arm64/e6072d4f65d7061329687fe24e3d63a7-common-args.resp
-target arm64-apple-ios8.0 '-std=gnu11' -fobjc-arc -fobjc-weak -fmodules -gmodules '-fmodules-cache-path=/Users/runner/Library/Developer/Xcode/DerivedData/ModuleCache.noindex' '-fmodule-name=Masonry' -fpascal-strings -O0 -fno-common -pedantic '-DPOD_CONFIGURATION_DEBUG=1' '-DDEBUG=1' '-DCOCOAPODS=1' '-DOBJC_OLD_DISPATCH_PROTOTYPES=0' -isysroot /Applications/Xcode_15.4.app/Contents/Developer/Platforms/iPhoneOS.platform/Developer/SDKs/iPhoneOS17.5.sdk -g -iquote /Users/runner/Library/Developer/Xcode/DerivedData/Probe-ekfbkukithifuccjqocbdrxgxvkg/Build/Intermediates.noindex/Pods.build/Debug-iphoneos/Masonry.build/Masonry-generated-files.hmap -I/Users/runner/Library/Developer/Xcode/DerivedData/Probe-ekfbkukithifuccjqocbdrxgxvkg/Build/Intermediates.noindex/Pods.build/Debug-iphoneos/Masonry.build/Masonry-own-target-headers.hmap -I/Users/runner/Library/Developer/Xcode/DerivedData/Probe-ekfbkukithifuccjqocbdrxgxvkg/Build/Intermediates.noindex/Pods.build/Debug-iphoneos/Masonry.build/Masonry-all-non-framework-target-headers.hmap -ivfsoverlay /Users/runner/Library/Developer/Xcode/DerivedData/Probe-ekfbkukithifuccjqocbdrxgxvkg/Build/Intermediates.noindex/Pods.build/Debug-iphoneos/Masonry.build/all-product-headers.yaml -iquote /Users/runner/Library/Developer/Xcode/DerivedData/Probe-ekfbkukithifuccjqocbdrxgxvkg/Build/Intermediates.noindex/Pods.build/Debug-iphoneos/Masonry.build/Masonry-project-headers.hmap -I/Users/runner/Library/Developer/Xcode/DerivedData/Probe-ekfbkukithifuccjqocbdrxgxvkg/Build/Products/Debug-iphoneos/Masonry/include -I/Users/runner/Library/Developer/Xcode/DerivedData/Probe-ekfbkukithifuccjqocbdrxgxvkg/Build/Intermediates.noindex/Pods.build/Debug-iphoneos/Masonry.build/DerivedSources-normal/arm64 -I/Users/runner/Library/Developer/Xcode/DerivedData/Probe-ekfbkukithifuccjqocbdrxgxvkg/Build/Intermediates.noindex/Pods.build/Debug-iphoneos/Masonry.build/DerivedSources/arm64 -I/Users/runner/Library/Developer/Xcode/DerivedData/Probe-ekfbkukithifuccjqocbdrxgxvkg/Build/Intermediates.noindex/Pods.build/Debug-iphoneos/Masonry.build/DerivedSources -F/Users/runner/Library/Developer/Xcode/DerivedData/Probe-ekfbkukithifuccjqocbdrxgxvkg/Build/Products/Debug-iphoneos/Masonry

WriteAuxiliaryFile /Users/runner/Library/Developer/Xcode/DerivedData/Probe-ekfbkukithifuccjqocbdrxgxvkg/Build/Intermediates.noindex/Pods.build/Debug-iphoneos/Masonry.build/Objects-normal/arm64/7187679823f38a2a940e0043cdf9d637-common-args.resp (in target 'Masonry' from project 'Pods')
    cd /Users/runner/work/hw-baidu-navi-specs/hw-baidu-navi-specs/probe/B/Pods
    write-file /Users/runner/Library/Developer/Xcode/DerivedData/Probe-ekfbkukithifuccjqocbdrxgxvkg/Build/Intermediates.noindex/Pods.build/Debug-iphoneos/Masonry.build/Objects-normal/arm64/7187679823f38a2a940e0043cdf9d637-common-args.resp
-target arm64-apple-ios8.0 '-std=gnu11' -fmodules -gmodules '-fmodules-cache-path=/Users/runner/Library/Developer/Xcode/DerivedData/ModuleCache.noindex' '-fmodule-name=Masonry' -fpascal-strings -O0 -fno-common -pedantic '-DPOD_CONFIGURATION_DEBUG=1' '-DDEBUG=1' '-DCOCOAPODS=1' -isysroot /Applications/Xcode_15.4.app/Contents/Developer/Platforms/iPhoneOS.platform/Developer/SDKs/iPhoneOS17.5.sdk -g -iquote /Users/runner/Library/Developer/Xcode/DerivedData/Probe-ekfbkukithifuccjqocbdrxgxvkg/Build/Intermediates.noindex/Pods.build/Debug-iphoneos/Masonry.build/Masonry-generated-files.hmap -I/Users/runner/Library/Developer/Xcode/DerivedData/Probe-ekfbkukithifuccjqocbdrxgxvkg/Build/Intermediates.noindex/Pods.build/Debug-iphoneos/Masonry.build/Masonry-own-target-headers.hmap -I/Users/runner/Library/Developer/Xcode/DerivedData/Probe-ekfbkukithifuccjqocbdrxgxvkg/Build/Intermediates.noindex/Pods.build/Debug-iphoneos/Masonry.build/Masonry-all-non-framework-target-headers.hmap -ivfsoverlay /Users/runner/Library/Developer/Xcode/DerivedData/Probe-ekfbkukithifuccjqocbdrxgxvkg/Build/Intermediates.noindex/Pods.build/Debug-iphoneos/Masonry.build/all-product-headers.yaml -iquote /Users/runner/Library/Developer/Xcode/DerivedData/Probe-ekfbkukithifuccjqocbdrxgxvkg/Build/Intermediates.noindex/Pods.build/Debug-iphoneos/Masonry.build/Masonry-project-headers.hmap -I/Users/runner/Library/Developer/Xcode/DerivedData/Probe-ekfbkukithifuccjqocbdrxgxvkg/Build/Products/Debug-iphoneos/Masonry/include -I/Users/runner/Library/Developer/Xcode/DerivedData/Probe-ekfbkukithifuccjqocbdrxgxvkg/Build/Intermediates.noindex/Pods.build/Debug-iphoneos/Masonry.build/DerivedSources-normal/arm64 -I/Users/runner/Library/Developer/Xcode/DerivedData/Probe-ekfbkukithifuccjqocbdrxgxvkg/Build/Intermediates.noindex/Pods.build/Debug-iphoneos/Masonry.build/DerivedSources/arm64 -I/Users/runner/Library/Developer/Xcode/DerivedData/Probe-ekfbkukithifuccjqocbdrxgxvkg/Build/Intermediates.noindex/Pods.build/Debug-iphoneos/Masonry.build/DerivedSources -F/Users/runner/Library/Developer/Xcode/DerivedData/Probe-ekfbkukithifuccjqocbdrxgxvkg/Build/Products/Debug-iphoneos/Masonry

WriteAuxiliaryFile /Users/runner/Library/Developer/Xcode/DerivedData/Probe-ekfbkukithifuccjqocbdrxgxvkg/Build/Intermediates.noindex/Pods.build/Debug-iphoneos/Masonry.build/DerivedSources/Masonry_vers.c (in target 'Masonry' from project 'Pods')
    cd /Users/runner/work/hw-baidu-navi-specs/hw-baidu-navi-specs/probe/B/Pods
    write-file /Users/runner/Library/Developer/Xcode/DerivedData/Probe-ekfbkukithifuccjqocbdrxgxvkg/Build/Intermediates.noindex/Pods.build/Debug-iphoneos/Masonry.build/DerivedSources/Masonry_vers.c

WriteAuxiliaryFile /Users/runner/Library/Developer/Xcode/DerivedData/Probe-ekfbkukithifuccjqocbdrxgxvkg/Build/Intermediates.noindex/Pods.build/Debug-iphoneos/Pods-unimoduleProbe.build/all-product-headers.yaml (in target 'Pods-unimoduleProbe' from project 'Pods')
    cd /Users/runner/work/hw-baidu-navi-specs/hw-baidu-navi-specs/probe/B/Pods
    write-file /Users/runner/Library/Developer/Xcode/DerivedData/Probe-ekfbkukithifuccjqocbdrxgxvkg/Build/Intermediates.noindex/Pods.build/Debug-iphoneos/Pods-unimoduleProbe.build/all-product-headers.yaml

WriteAuxiliaryFile /Users/runner/Library/Developer/Xcode/DerivedData/Probe-ekfbkukithifuccjqocbdrxgxvkg/Build/Intermediates.noindex/Pods.build/Debug-iphoneos/Pods-unimoduleProbe.build/Pods_unimoduleProbe.hmap (in target 'Pods-unimoduleProbe' from project 'Pods')
    cd /Users/runner/work/hw-baidu-navi-specs/hw-baidu-navi-specs/probe/B/Pods
    write-file /Users/runner/Library/Developer/Xcode/DerivedData/Probe-ekfbkukithifuccjqocbdrxgxvkg/Build/Intermediates.noindex/Pods.build/Debug-iphoneos/Pods-unimoduleProbe.build/Pods_unimoduleProbe.hmap

WriteAuxiliaryFile /Users/runner/Library/Developer/Xcode/DerivedData/Probe-ekfbkukithifuccjqocbdrxgxvkg/Build/Intermediates.noindex/Pods.build/Debug-iphoneos/Pods-unimoduleProbe.build/Pods_unimoduleProbe-project-headers.hmap (in target 'Pods-unimoduleProbe' from project 'Pods')
    cd /Users/runner/work/hw-baidu-navi-specs/hw-baidu-navi-specs/probe/B/Pods
    write-file /Users/runner/Library/Developer/Xcode/DerivedData/Probe-ekfbkukithifuccjqocbdrxgxvkg/Build/Intermediates.noindex/Pods.build/Debug-iphoneos/Pods-unimoduleProbe.build/Pods_unimoduleProbe-project-headers.hmap

WriteAuxiliaryFile /Users/runner/Library/Developer/Xcode/DerivedData/Probe-ekfbkukithifuccjqocbdrxgxvkg/Build/Intermediates.noindex/Pods.build/Debug-iphoneos/Pods-unimoduleProbe.build/Pods_unimoduleProbe-own-target-headers.hmap (in target 'Pods-unimoduleProbe' from project 'Pods')
    cd /Users/runner/work/hw-baidu-navi-specs/hw-baidu-navi-specs/probe/B/Pods
    write-file /Users/runner/Library/Developer/Xcode/DerivedData/Probe-ekfbkukithifuccjqocbdrxgxvkg/Build/Intermediates.noindex/Pods.build/Debug-iphoneos/Pods-unimoduleProbe.build/Pods_unimoduleProbe-own-target-headers.hmap

WriteAuxiliaryFile /Users/runner/Library/Developer/Xcode/DerivedData/Probe-ekfbkukithifuccjqocbdrxgxvkg/Build/Intermediates.noindex/Pods.build/Debug-iphoneos/Pods-unimoduleProbe.build/Pods_unimoduleProbe-generated-files.hmap (in target 'Pods-unimoduleProbe' from project 'Pods')
    cd /Users/runner/work/hw-baidu-navi-specs/hw-baidu-navi-specs/probe/B/Pods
    write-file /Users/runner/Library/Developer/Xcode/DerivedData/Probe-ekfbkukithifuccjqocbdrxgxvkg/Build/Intermediates.noindex/Pods.build/Debug-iphoneos/Pods-unimoduleProbe.build/Pods_unimoduleProbe-generated-files.hmap

WriteAuxiliaryFile /Users/runner/Library/Developer/Xcode/DerivedData/Probe-ekfbkukithifuccjqocbdrxgxvkg/Build/Intermediates.noindex/Pods.build/Debug-iphoneos/Pods-unimoduleProbe.build/Pods_unimoduleProbe-all-target-headers.hmap (in target 'Pods-unimoduleProbe' from project 'Pods')
    cd /Users/runner/work/hw-baidu-navi-specs/hw-baidu-navi-specs/probe/B/Pods
    write-file /Users/runner/Library/Developer/Xcode/DerivedData/Probe-ekfbkukithifuccjqocbdrxgxvkg/Build/Intermediates.noindex/Pods.build/Debug-iphoneos/Pods-unimoduleProbe.build/Pods_unimoduleProbe-all-target-headers.hmap

WriteAuxiliaryFile /Users/runner/Library/Developer/Xcode/DerivedData/Probe-ekfbkukithifuccjqocbdrxgxvkg/Build/Intermediates.noindex/Pods.build/Debug-iphoneos/Pods-unimoduleProbe.build/Pods_unimoduleProbe-all-non-framework-target-headers.hmap (in target 'Pods-unimoduleProbe' from project 'Pods')
    cd /Users/runner/work/hw-baidu-navi-specs/hw-baidu-navi-specs/probe/B/Pods
    write-file /Users/runner/Library/Developer/Xcode/DerivedData/Probe-ekfbkukithifuccjqocbdrxgxvkg/Build/Intermediates.noindex/Pods.build/Debug-iphoneos/Pods-unimoduleProbe.build/Pods_unimoduleProbe-all-non-framework-target-headers.hmap

WriteAuxiliaryFile /Users/runner/Library/Developer/Xcode/DerivedData/Probe-ekfbkukithifuccjqocbdrxgxvkg/Build/Intermediates.noindex/Pods.build/Debug-iphoneos/Pods-unimoduleProbe.build/module.modulemap (in target 'Pods-unimoduleProbe' from project 'Pods')
    cd /Users/runner/work/hw-baidu-navi-specs/hw-baidu-navi-specs/probe/B/Pods
    write-file /Users/runner/Library/Developer/Xcode/DerivedData/Probe-ekfbkukithifuccjqocbdrxgxvkg/Build/Intermediates.noindex/Pods.build/Debug-iphoneos/Pods-unimoduleProbe.build/module.modulemap

Copy /Users/runner/Library/Developer/Xcode/DerivedData/Probe-ekfbkukithifuccjqocbdrxgxvkg/Build/Products/Debug-iphoneos/Pods_unimoduleProbe.framework/Modules/module.modulemap /Users/runner/Library/Developer/Xcode/DerivedData/Probe-ekfbkukithifuccjqocbdrxgxvkg/Build/Intermediates.noindex/Pods.build/Debug-iphoneos/Pods-unimoduleProbe.build/module.modulemap (in target 'Pods-unimoduleProbe' from project 'Pods')
    cd /Users/runner/work/hw-baidu-navi-specs/hw-baidu-navi-specs/probe/B/Pods
    builtin-copy -exclude .DS_Store -exclude CVS -exclude .svn -exclude .git -exclude .hg -resolve-src-symlinks /Users/runner/Library/Developer/Xcode/DerivedData/Probe-ekfbkukithifuccjqocbdrxgxvkg/Build/Intermediates.noindex/Pods.build/Debug-iphoneos/Pods-unimoduleProbe.build/module.modulemap /Users/runner/Library/Developer/Xcode/DerivedData/Probe-ekfbkukithifuccjqocbdrxgxvkg/Build/Products/Debug-iphoneos/Pods_unimoduleProbe.framework/Modules

CpHeader /Users/runner/Library/Developer/Xcode/DerivedData/Probe-ekfbkukithifuccjqocbdrxgxvkg/Build/Products/Debug-iphoneos/Pods_unimoduleProbe.framework/Headers/Pods-unimoduleProbe-umbrella.h /Users/runner/work/hw-baidu-navi-specs/hw-baidu-navi-specs/probe/B/Pods/Target\ Support\ Files/Pods-unimoduleProbe/Pods-unimoduleProbe-umbrella.h (in target 'Pods-unimoduleProbe' from project 'Pods')
    cd /Users/runner/work/hw-baidu-navi-specs/hw-baidu-navi-specs/probe/B/Pods
    builtin-copy -exclude .DS_Store -exclude CVS -exclude .svn -exclude .git -exclude .hg -resolve-src-symlinks /Users/runner/work/hw-baidu-navi-specs/hw-baidu-navi-specs/probe/B/Pods/Target\ Support\ Files/Pods-unimoduleProbe/Pods-unimoduleProbe-umbrella.h /Users/runner/Library/Developer/Xcode/DerivedData/Probe-ekfbkukithifuccjqocbdrxgxvkg/Build/Products/Debug-iphoneos/Pods_unimoduleProbe.framework/Headers

WriteAuxiliaryFile /Users/runner/Library/Developer/Xcode/DerivedData/Probe-ekfbkukithifuccjqocbdrxgxvkg/Build/Intermediates.noindex/Pods.build/Debug-iphoneos/Pods-unimoduleProbe.build/Objects-normal/arm64/e6072d4f65d7061329687fe24e3d63a7-common-args.resp (in target 'Pods-unimoduleProbe' from project 'Pods')
    cd /Users/runner/work/hw-baidu-navi-specs/hw-baidu-navi-specs/probe/B/Pods
    write-file /Users/runner/Library/Developer/Xcode/DerivedData/Probe-ekfbkukithifuccjqocbdrxgxvkg/Build/Intermediates.noindex/Pods.build/Debug-iphoneos/Pods-unimoduleProbe.build/Objects-normal/arm64/e6072d4f65d7061329687fe24e3d63a7-common-args.resp
-target arm64-apple-ios14.0 '-std=gnu11' -fobjc-arc -fmodules -gmodules '-fmodules-cache-path=/Users/runner/Library/Developer/Xcode/DerivedData/ModuleCache.noindex' '-fmodule-name=Pods_unimoduleProbe' -fpascal-strings -O0 -fno-common -pedantic '-DPOD_CONFIGURATION_DEBUG=1' '-DDEBUG=1' '-DCOCOAPODS=1' '-DOBJC_OLD_DISPATCH_PROTOTYPES=0' -isysroot /Applications/Xcode_15.4.app/Contents/Developer/Platforms/iPhoneOS.platform/Developer/SDKs/iPhoneOS17.5.sdk -g -iquote /Users/runner/Library/Developer/Xcode/DerivedData/Probe-ekfbkukithifuccjqocbdrxgxvkg/Build/Intermediates.noindex/Pods.build/Debug-iphoneos/Pods-unimoduleProbe.build/Pods_unimoduleProbe-generated-files.hmap -I/Users/runner/Library/Developer/Xcode/DerivedData/Probe-ekfbkukithifuccjqocbdrxgxvkg/Build/Intermediates.noindex/Pods.build/Debug-iphoneos/Pods-unimoduleProbe.build/Pods_unimoduleProbe-own-target-headers.hmap -I/Users/runner/Library/Developer/Xcode/DerivedData/Probe-ekfbkukithifuccjqocbdrxgxvkg/Build/Intermediates.noindex/Pods.build/Debug-iphoneos/Pods-unimoduleProbe.build/Pods_unimoduleProbe-all-non-framework-target-headers.hmap -ivfsoverlay /Users/runner/Library/Developer/Xcode/DerivedData/Probe-ekfbkukithifuccjqocbdrxgxvkg/Build/Intermediates.noindex/Pods.build/Debug-iphoneos/Pods-unimoduleProbe.build/all-product-headers.yaml -iquote /Users/runner/Library/Developer/Xcode/DerivedData/Probe-ekfbkukithifuccjqocbdrxgxvkg/Build/Intermediates.noindex/Pods.build/Debug-iphoneos/Pods-unimoduleProbe.build/Pods_unimoduleProbe-project-headers.hmap -I/Users/runner/Library/Developer/Xcode/DerivedData/Probe-ekfbkukithifuccjqocbdrxgxvkg/Build/Products/Debug-iphoneos/include -I/Users/runner/Library/Developer/Xcode/DerivedData/Probe-ekfbkukithifuccjqocbdrxgxvkg/Build/Products/Debug-iphoneos/Masonry/Masonry.framework/Headers -I/Users/runner/Library/Developer/Xcode/DerivedData/Probe-ekfbkukithifuccjqocbdrxgxvkg/Build/Intermediates.noindex/Pods.build/Debug-iphoneos/Pods-unimoduleProbe.build/DerivedSources-normal/arm64 -I/Users/runner/Library/Developer/Xcode/DerivedData/Probe-ekfbkukithifuccjqocbdrxgxvkg/Build/Intermediates.noindex/Pods.build/Debug-iphoneos/Pods-unimoduleProbe.build/DerivedSources/arm64 -I/Users/runner/Library/Developer/Xcode/DerivedData/Probe-ekfbkukithifuccjqocbdrxgxvkg/Build/Intermediates.noindex/Pods.build/Debug-iphoneos/Pods-unimoduleProbe.build/DerivedSources -F/Users/runner/Library/Developer/Xcode/DerivedData/Probe-ekfbkukithifuccjqocbdrxgxvkg/Build/Products/Debug-iphoneos -F/Users/runner/Library/Developer/Xcode/DerivedData/Probe-ekfbkukithifuccjqocbdrxgxvkg/Build/Products/Debug-iphoneos/Masonry -F/Users/runner/work/hw-baidu-navi-specs/hw-baidu-navi-specs/probe/B/Pods/BaiduNaviKit3 -F/Users/runner/work/hw-baidu-navi-specs/hw-baidu-navi-specs/probe/B/Pods/BaiduNaviKit3/BaiduTraceKit -F/Users/runner/work/hw-baidu-navi-specs/hw-baidu-navi-specs/probe/B/Pods/BaiduNaviKit3/MapSDK -F/Users/runner/work/hw-baidu-navi-specs/hw-baidu-navi-specs/probe/B/Pods/OpenCV

WriteAuxiliaryFile /Users/runner/Library/Developer/Xcode/DerivedData/Probe-ekfbkukithifuccjqocbdrxgxvkg/Build/Intermediates.noindex/Pods.build/Debug-iphoneos/Pods-unimoduleProbe.build/Objects-normal/arm64/7187679823f38a2a940e0043cdf9d637-common-args.resp (in target 'Pods-unimoduleProbe' from project 'Pods')
    cd /Users/runner/work/hw-baidu-navi-specs/hw-baidu-navi-specs/probe/B/Pods
    write-file /Users/runner/Library/Developer/Xcode/DerivedData/Probe-ekfbkukithifuccjqocbdrxgxvkg/Build/Intermediates.noindex/Pods.build/Debug-iphoneos/Pods-unimoduleProbe.build/Objects-normal/arm64/7187679823f38a2a940e0043cdf9d637-common-args.resp
-target arm64-apple-ios14.0 '-std=gnu11' -fmodules -gmodules '-fmodules-cache-path=/Users/runner/Library/Developer/Xcode/DerivedData/ModuleCache.noindex' '-fmodule-name=Pods_unimoduleProbe' -fpascal-strings -O0 -fno-common -pedantic '-DPOD_CONFIGURATION_DEBUG=1' '-DDEBUG=1' '-DCOCOAPODS=1' -isysroot /Applications/Xcode_15.4.app/Contents/Developer/Platforms/iPhoneOS.platform/Developer/SDKs/iPhoneOS17.5.sdk -g -iquote /Users/runner/Library/Developer/Xcode/DerivedData/Probe-ekfbkukithifuccjqocbdrxgxvkg/Build/Intermediates.noindex/Pods.build/Debug-iphoneos/Pods-unimoduleProbe.build/Pods_unimoduleProbe-generated-files.hmap -I/Users/runner/Library/Developer/Xcode/DerivedData/Probe-ekfbkukithifuccjqocbdrxgxvkg/Build/Intermediates.noindex/Pods.build/Debug-iphoneos/Pods-unimoduleProbe.build/Pods_unimoduleProbe-own-target-headers.hmap -I/Users/runner/Library/Developer/Xcode/DerivedData/Probe-ekfbkukithifuccjqocbdrxgxvkg/Build/Intermediates.noindex/Pods.build/Debug-iphoneos/Pods-unimoduleProbe.build/Pods_unimoduleProbe-all-non-framework-target-headers.hmap -ivfsoverlay /Users/runner/Library/Developer/Xcode/DerivedData/Probe-ekfbkukithifuccjqocbdrxgxvkg/Build/Intermediates.noindex/Pods.build/Debug-iphoneos/Pods-unimoduleProbe.build/all-product-headers.yaml -iquote /Users/runner/Library/Developer/Xcode/DerivedData/Probe-ekfbkukithifuccjqocbdrxgxvkg/Build/Intermediates.noindex/Pods.build/Debug-iphoneos/Pods-unimoduleProbe.build/Pods_unimoduleProbe-project-headers.hmap -I/Users/runner/Library/Developer/Xcode/DerivedData/Probe-ekfbkukithifuccjqocbdrxgxvkg/Build/Products/Debug-iphoneos/include -I/Users/runner/Library/Developer/Xcode/DerivedData/Probe-ekfbkukithifuccjqocbdrxgxvkg/Build/Products/Debug-iphoneos/Masonry/Masonry.framework/Headers -I/Users/runner/Library/Developer/Xcode/DerivedData/Probe-ekfbkukithifuccjqocbdrxgxvkg/Build/Intermediates.noindex/Pods.build/Debug-iphoneos/Pods-unimoduleProbe.build/DerivedSources-normal/arm64 -I/Users/runner/Library/Developer/Xcode/DerivedData/Probe-ekfbkukithifuccjqocbdrxgxvkg/Build/Intermediates.noindex/Pods.build/Debug-iphoneos/Pods-unimoduleProbe.build/DerivedSources/arm64 -I/Users/runner/Library/Developer/Xcode/DerivedData/Probe-ekfbkukithifuccjqocbdrxgxvkg/Build/Intermediates.noindex/Pods.build/Debug-iphoneos/Pods-unimoduleProbe.build/DerivedSources -F/Users/runner/Library/Developer/Xcode/DerivedData/Probe-ekfbkukithifuccjqocbdrxgxvkg/Build/Products/Debug-iphoneos -F/Users/runner/Library/Developer/Xcode/DerivedData/Probe-ekfbkukithifuccjqocbdrxgxvkg/Build/Products/Debug-iphoneos/Masonry -F/Users/runner/work/hw-baidu-navi-specs/hw-baidu-navi-specs/probe/B/Pods/BaiduNaviKit3 -F/Users/runner/work/hw-baidu-navi-specs/hw-baidu-navi-specs/probe/B/Pods/BaiduNaviKit3/BaiduTraceKit -F/Users/runner/work/hw-baidu-navi-specs/hw-baidu-navi-specs/probe/B/Pods/BaiduNaviKit3/MapSDK -F/Users/runner/work/hw-baidu-navi-specs/hw-baidu-navi-specs/probe/B/Pods/OpenCV

WriteAuxiliaryFile /Users/runner/Library/Developer/Xcode/DerivedData/Probe-ekfbkukithifuccjqocbdrxgxvkg/Build/Intermediates.noindex/Pods.build/Debug-iphoneos/Pods-unimoduleProbe.build/DerivedSources/Pods_unimoduleProbe_vers.c (in target 'Pods-unimoduleProbe' from project 'Pods')
    cd /Users/runner/work/hw-baidu-navi-specs/hw-baidu-navi-specs/probe/B/Pods
    write-file /Users/runner/Library/Developer/Xcode/DerivedData/Probe-ekfbkukithifuccjqocbdrxgxvkg/Build/Intermediates.noindex/Pods.build/Debug-iphoneos/Pods-unimoduleProbe.build/DerivedSources/Pods_unimoduleProbe_vers.c

WriteAuxiliaryFile /Users/runner/Library/Developer/Xcode/DerivedData/Probe-ekfbkukithifuccjqocbdrxgxvkg/Build/Intermediates.noindex/Probe.build/Debug-iphoneos/unimoduleProbe.build/unimoduleProbe-project-headers.hmap (in target 'unimoduleProbe' from project 'Probe')
    cd /Users/runner/work/hw-baidu-navi-specs/hw-baidu-navi-specs/probe/B
    write-file /Users/runner/Library/Developer/Xcode/DerivedData/Probe-ekfbkukithifuccjqocbdrxgxvkg/Build/Intermediates.noindex/Probe.build/Debug-iphoneos/unimoduleProbe.build/unimoduleProbe-project-headers.hmap

WriteAuxiliaryFile /Users/runner/Library/Developer/Xcode/DerivedData/Probe-ekfbkukithifuccjqocbdrxgxvkg/Build/Intermediates.noindex/Probe.build/Debug-iphoneos/unimoduleProbe.build/unimoduleProbe.hmap (in target 'unimoduleProbe' from project 'Probe')
    cd /Users/runner/work/hw-baidu-navi-specs/hw-baidu-navi-specs/probe/B
    write-file /Users/runner/Library/Developer/Xcode/DerivedData/Probe-ekfbkukithifuccjqocbdrxgxvkg/Build/Intermediates.noindex/Probe.build/Debug-iphoneos/unimoduleProbe.build/unimoduleProbe.hmap

WriteAuxiliaryFile /Users/runner/Library/Developer/Xcode/DerivedData/Probe-ekfbkukithifuccjqocbdrxgxvkg/Build/Intermediates.noindex/Probe.build/Debug-iphoneos/unimoduleProbe.build/unimoduleProbe-own-target-headers.hmap (in target 'unimoduleProbe' from project 'Probe')
    cd /Users/runner/work/hw-baidu-navi-specs/hw-baidu-navi-specs/probe/B
    write-file /Users/runner/Library/Developer/Xcode/DerivedData/Probe-ekfbkukithifuccjqocbdrxgxvkg/Build/Intermediates.noindex/Probe.build/Debug-iphoneos/unimoduleProbe.build/unimoduleProbe-own-target-headers.hmap

WriteAuxiliaryFile /Users/runner/Library/Developer/Xcode/DerivedData/Probe-ekfbkukithifuccjqocbdrxgxvkg/Build/Intermediates.noindex/Probe.build/Debug-iphoneos/unimoduleProbe.build/unimoduleProbe-generated-files.hmap (in target 'unimoduleProbe' from project 'Probe')
    cd /Users/runner/work/hw-baidu-navi-specs/hw-baidu-navi-specs/probe/B
    write-file /Users/runner/Library/Developer/Xcode/DerivedData/Probe-ekfbkukithifuccjqocbdrxgxvkg/Build/Intermediates.noindex/Probe.build/Debug-iphoneos/unimoduleProbe.build/unimoduleProbe-generated-files.hmap

WriteAuxiliaryFile /Users/runner/Library/Developer/Xcode/DerivedData/Probe-ekfbkukithifuccjqocbdrxgxvkg/Build/Intermediates.noindex/Probe.build/Debug-iphoneos/unimoduleProbe.build/unimoduleProbe-all-target-headers.hmap (in target 'unimoduleProbe' from project 'Probe')
    cd /Users/runner/work/hw-baidu-navi-specs/hw-baidu-navi-specs/probe/B
    write-file /Users/runner/Library/Developer/Xcode/DerivedData/Probe-ekfbkukithifuccjqocbdrxgxvkg/Build/Intermediates.noindex/Probe.build/Debug-iphoneos/unimoduleProbe.build/unimoduleProbe-all-target-headers.hmap

WriteAuxiliaryFile /Users/runner/Library/Developer/Xcode/DerivedData/Probe-ekfbkukithifuccjqocbdrxgxvkg/Build/Intermediates.noindex/Probe.build/Debug-iphoneos/unimoduleProbe.build/unimoduleProbe-all-non-framework-target-headers.hmap (in target 'unimoduleProbe' from project 'Probe')
    cd /Users/runner/work/hw-baidu-navi-specs/hw-baidu-navi-specs/probe/B
    write-file /Users/runner/Library/Developer/Xcode/DerivedData/Probe-ekfbkukithifuccjqocbdrxgxvkg/Build/Intermediates.noindex/Probe.build/Debug-iphoneos/unimoduleProbe.build/unimoduleProbe-all-non-framework-target-headers.hmap

WriteAuxiliaryFile /Users/runner/Library/Developer/Xcode/DerivedData/Probe-ekfbkukithifuccjqocbdrxgxvkg/Build/Intermediates.noindex/Probe.build/Debug-iphoneos/unimoduleProbe.build/all-product-headers.yaml (in target 'unimoduleProbe' from project 'Probe')
    cd /Users/runner/work/hw-baidu-navi-specs/hw-baidu-navi-specs/probe/B
    write-file /Users/runner/Library/Developer/Xcode/DerivedData/Probe-ekfbkukithifuccjqocbdrxgxvkg/Build/Intermediates.noindex/Probe.build/Debug-iphoneos/unimoduleProbe.build/all-product-headers.yaml

WriteAuxiliaryFile /Users/runner/Library/Developer/Xcode/DerivedData/Probe-ekfbkukithifuccjqocbdrxgxvkg/Build/Intermediates.noindex/Probe.build/Debug-iphoneos/unimoduleProbe.build/module.modulemap (in target 'unimoduleProbe' from project 'Probe')
    cd /Users/runner/work/hw-baidu-navi-specs/hw-baidu-navi-specs/probe/B
    write-file /Users/runner/Library/Developer/Xcode/DerivedData/Probe-ekfbkukithifuccjqocbdrxgxvkg/Build/Intermediates.noindex/Probe.build/Debug-iphoneos/unimoduleProbe.build/module.modulemap

Copy /Users/runner/Library/Developer/Xcode/DerivedData/Probe-ekfbkukithifuccjqocbdrxgxvkg/Build/Products/Debug-iphoneos/unimoduleProbe.framework/Modules/module.modulemap /Users/runner/Library/Developer/Xcode/DerivedData/Probe-ekfbkukithifuccjqocbdrxgxvkg/Build/Intermediates.noindex/Probe.build/Debug-iphoneos/unimoduleProbe.build/module.modulemap (in target 'unimoduleProbe' from project 'Probe')
    cd /Users/runner/work/hw-baidu-navi-specs/hw-baidu-navi-specs/probe/B
    builtin-copy -exclude .DS_Store -exclude CVS -exclude .svn -exclude .git -exclude .hg -resolve-src-symlinks /Users/runner/Library/Developer/Xcode/DerivedData/Probe-ekfbkukithifuccjqocbdrxgxvkg/Build/Intermediates.noindex/Probe.build/Debug-iphoneos/unimoduleProbe.build/module.modulemap /Users/runner/Library/Developer/Xcode/DerivedData/Probe-ekfbkukithifuccjqocbdrxgxvkg/Build/Products/Debug-iphoneos/unimoduleProbe.framework/Modules

CompileC /Users/runner/Library/Developer/Xcode/DerivedData/Probe-ekfbkukithifuccjqocbdrxgxvkg/Build/Intermediates.noindex/Pods.build/Debug-iphoneos/Pods-unimoduleProbe.build/Objects-normal/arm64/Pods_unimoduleProbe_vers.o /Users/runner/Library/Developer/Xcode/DerivedData/Probe-ekfbkukithifuccjqocbdrxgxvkg/Build/Intermediates.noindex/Pods.build/Debug-iphoneos/Pods-unimoduleProbe.build/DerivedSources/Pods_unimoduleProbe_vers.c normal arm64 c com.apple.compilers.llvm.clang.1_0.compiler (in target 'Pods-unimoduleProbe' from project 'Pods')
    cd /Users/runner/work/hw-baidu-navi-specs/hw-baidu-navi-specs/probe/B/Pods
    /Applications/Xcode_15.4.app/Contents/Developer/Toolchains/XcodeDefault.xctoolchain/usr/bin/clang -x c -ivfsstatcache /Users/runner/Library/Developer/Xcode/DerivedData/SDKStatCaches.noindex/iphoneos17.5-21F77-f0fa7969d082b13145125136a829df3a.sdkstatcache -fmessage-length\=0 -fdiagnostics-show-note-include-stack -fmacro-backtrace-limit\=0 -fno-color-diagnostics -fmodules-prune-interval\=86400 -fmodules-prune-after\=345600 -fbuild-session-file\=/Users/runner/Library/Developer/Xcode/DerivedData/ModuleCache.noindex/Session.modulevalidation -fmodules-validate-once-per-build-session -Wnon-modular-include-in-framework-module -Werror\=non-modular-include-in-framework-module -Wno-trigraphs -Wno-missing-field-initializers -Wno-missing-prototypes -Werror\=return-type -Wdocumentation -Wunreachable-code -Werror\=deprecated-objc-isa-usage -Werror\=objc-root-class -Wno-missing-braces -Wparentheses -Wswitch -Wunused-function -Wno-unused-label -Wno-unused-parameter -Wunused-variable -Wunused-value -Wempty-body -Wuninitialized -Wconditional-uninitialized -Wno-unknown-pragmas -Wno-shadow -Wno-four-char-constants -Wno-conversion -Wconstant-conversion -Wint-conversion -Wbool-conversion -Wenum-conversion -Wno-float-conversion -Wnon-literal-null-conversion -Wobjc-literal-conversion -Wshorten-64-to-32 -Wpointer-sign -Wno-newline-eof -Wno-implicit-fallthrough -fstrict-aliasing -Wdeprecated-declarations -Wno-sign-conversion -Winfinite-recursion -Wcomma -Wblock-capture-autoreleasing -Wstrict-prototypes -Wno-semicolon-before-method-body -Wunguarded-availability -index-store-path /Users/runner/Library/Developer/Xcode/DerivedData/Probe-ekfbkukithifuccjqocbdrxgxvkg/Index.noindex/DataStore @/Users/runner/Library/Developer/Xcode/DerivedData/Probe-ekfbkukithifuccjqocbdrxgxvkg/Build/Intermediates.noindex/Pods.build/Debug-iphoneos/Pods-unimoduleProbe.build/Objects-normal/arm64/7187679823f38a2a940e0043cdf9d637-common-args.resp -MMD -MT dependencies -MF /Users/runner/Library/Developer/Xcode/DerivedData/Probe-ekfbkukithifuccjqocbdrxgxvkg/Build/Intermediates.noindex/Pods.build/Debug-iphoneos/Pods-unimoduleProbe.build/Objects-normal/arm64/Pods_unimoduleProbe_vers.d --serialize-diagnostics /Users/runner/Library/Developer/Xcode/DerivedData/Probe-ekfbkukithifuccjqocbdrxgxvkg/Build/Intermediates.noindex/Pods.build/Debug-iphoneos/Pods-unimoduleProbe.build/Objects-normal/arm64/Pods_unimoduleProbe_vers.dia -c /Users/runner/Library/Developer/Xcode/DerivedData/Probe-ekfbkukithifuccjqocbdrxgxvkg/Build/Intermediates.noindex/Pods.build/Debug-iphoneos/Pods-unimoduleProbe.build/DerivedSources/Pods_unimoduleProbe_vers.c -o /Users/runner/Library/Developer/Xcode/DerivedData/Probe-ekfbkukithifuccjqocbdrxgxvkg/Build/Intermediates.noindex/Pods.build/Debug-iphoneos/Pods-unimoduleProbe.build/Objects-normal/arm64/Pods_unimoduleProbe_vers.o -index-unit-output-path /Pods.build/Debug-iphoneos/Pods-unimoduleProbe.build/Objects-normal/arm64/Pods_unimoduleProbe_vers.o

CompileC /Users/runner/Library/Developer/Xcode/DerivedData/Probe-ekfbkukithifuccjqocbdrxgxvkg/Build/Intermediates.noindex/Pods.build/Debug-iphoneos/Pods-unimoduleProbe.build/Objects-normal/arm64/Pods-unimoduleProbe-dummy.o /Users/runner/work/hw-baidu-navi-specs/hw-baidu-navi-specs/probe/B/Pods/Target\ Support\ Files/Pods-unimoduleProbe/Pods-unimoduleProbe-dummy.m normal arm64 objective-c com.apple.compilers.llvm.clang.1_0.compiler (in target 'Pods-unimoduleProbe' from project 'Pods')
    cd /Users/runner/work/hw-baidu-navi-specs/hw-baidu-navi-specs/probe/B/Pods
    /Applications/Xcode_15.4.app/Contents/Developer/Toolchains/XcodeDefault.xctoolchain/usr/bin/clang -x objective-c -ivfsstatcache /Users/runner/Library/Developer/Xcode/DerivedData/SDKStatCaches.noindex/iphoneos17.5-21F77-f0fa7969d082b13145125136a829df3a.sdkstatcache -fmessage-length\=0 -fdiagnostics-show-note-include-stack -fmacro-backtrace-limit\=0 -fno-color-diagnostics -fmodules-prune-interval\=86400 -fmodules-prune-after\=345600 -fbuild-session-file\=/Users/runner/Library/Developer/Xcode/DerivedData/ModuleCache.noindex/Session.modulevalidation -fmodules-validate-once-per-build-session -Wnon-modular-include-in-framework-module -Werror\=non-modular-include-in-framework-module -Wno-trigraphs -Wno-missing-field-initializers -Wno-missing-prototypes -Werror\=return-type -Wdocumentation -Wunreachable-code -Wno-implicit-atomic-properties -Werror\=deprecated-objc-isa-usage -Wno-objc-interface-ivars -Werror\=objc-root-class -Wno-arc-repeated-use-of-weak -Wimplicit-retain-self -Wduplicate-method-match -Wno-missing-braces -Wparentheses -Wswitch -Wunused-function -Wno-unused-label -Wno-unused-parameter -Wunused-variable -Wunused-value -Wempty-body -Wuninitialized -Wconditional-uninitialized -Wno-unknown-pragmas -Wno-shadow -Wno-four-char-constants -Wno-conversion -Wconstant-conversion -Wint-conversion -Wbool-conversion -Wenum-conversion -Wno-float-conversion -Wnon-literal-null-conversion -Wobjc-literal-conversion -Wshorten-64-to-32 -Wpointer-sign -Wno-newline-eof -Wno-selector -Wno-strict-selector-match -Wundeclared-selector -Wdeprecated-implementations -Wno-implicit-fallthrough -fstrict-aliasing -Wprotocol -Wdeprecated-declarations -Wno-sign-conversion -Winfinite-recursion -Wcomma -Wblock-capture-autoreleasing -Wstrict-prototypes -Wno-semicolon-before-method-body -Wunguarded-availability -index-store-path /Users/runner/Library/Developer/Xcode/DerivedData/Probe-ekfbkukithifuccjqocbdrxgxvkg/Index.noindex/DataStore @/Users/runner/Library/Developer/Xcode/DerivedData/Probe-ekfbkukithifuccjqocbdrxgxvkg/Build/Intermediates.noindex/Pods.build/Debug-iphoneos/Pods-unimoduleProbe.build/Objects-normal/arm64/e6072d4f65d7061329687fe24e3d63a7-common-args.resp -MMD -MT dependencies -MF /Users/runner/Library/Developer/Xcode/DerivedData/Probe-ekfbkukithifuccjqocbdrxgxvkg/Build/Intermediates.noindex/Pods.build/Debug-iphoneos/Pods-unimoduleProbe.build/Objects-normal/arm64/Pods-unimoduleProbe-dummy.d --serialize-diagnostics /Users/runner/Library/Developer/Xcode/DerivedData/Probe-ekfbkukithifuccjqocbdrxgxvkg/Build/Intermediates.noindex/Pods.build/Debug-iphoneos/Pods-unimoduleProbe.build/Objects-normal/arm64/Pods-unimoduleProbe-dummy.dia -c /Users/runner/work/hw-baidu-navi-specs/hw-baidu-navi-specs/probe/B/Pods/Target\ Support\ Files/Pods-unimoduleProbe/Pods-unimoduleProbe-dummy.m -o /Users/runner/Library/Developer/Xcode/DerivedData/Probe-ekfbkukithifuccjqocbdrxgxvkg/Build/Intermediates.noindex/Pods.build/Debug-iphoneos/Pods-unimoduleProbe.build/Objects-normal/arm64/Pods-unimoduleProbe-dummy.o -index-unit-output-path /Pods.build/Debug-iphoneos/Pods-unimoduleProbe.build/Objects-normal/arm64/Pods-unimoduleProbe-dummy.o

CompileC /Users/runner/Library/Developer/Xcode/DerivedData/Probe-ekfbkukithifuccjqocbdrxgxvkg/Build/Intermediates.noindex/Pods.build/Debug-iphoneos/Masonry.build/Objects-normal/arm64/ViewController+MASAdditions.o /Users/runner/work/hw-baidu-navi-specs/hw-baidu-navi-specs/probe/B/Pods/Masonry/Masonry/ViewController+MASAdditions.m normal arm64 objective-c com.apple.compilers.llvm.clang.1_0.compiler (in target 'Masonry' from project 'Pods')
    cd /Users/runner/work/hw-baidu-navi-specs/hw-baidu-navi-specs/probe/B/Pods
    /Applications/Xcode_15.4.app/Contents/Developer/Toolchains/XcodeDefault.xctoolchain/usr/bin/clang -x objective-c -ivfsstatcache /Users/runner/Library/Developer/Xcode/DerivedData/SDKStatCaches.noindex/iphoneos17.5-21F77-f0fa7969d082b13145125136a829df3a.sdkstatcache -fmessage-length\=0 -fdiagnostics-show-note-include-stack -fmacro-backtrace-limit\=0 -fno-color-diagnostics -fmodules-prune-interval\=86400 -fmodules-prune-after\=345600 -fbuild-session-file\=/Users/runner/Library/Developer/Xcode/DerivedData/ModuleCache.noindex/Session.modulevalidation -fmodules-validate-once-per-build-session -Wnon-modular-include-in-framework-module -Werror\=non-modular-include-in-framework-module -Wno-trigraphs -Wno-missing-field-initializers -Wno-missing-prototypes -Werror\=return-type -Wdocumentation -Wunreachable-code -Wno-implicit-atomic-properties -Werror\=deprecated-objc-isa-usage -Wno-objc-interface-ivars -Werror\=objc-root-class -Wno-arc-repeated-use-of-weak -Wimplicit-retain-self -Wduplicate-method-match -Wno-missing-braces -Wparentheses -Wswitch -Wunused-function -Wno-unused-label -Wno-unused-parameter -Wunused-variable -Wunused-value -Wempty-body -Wuninitialized -Wconditional-uninitialized -Wno-unknown-pragmas -Wno-shadow -Wno-four-char-constants -Wno-conversion -Wconstant-conversion -Wint-conversion -Wbool-conversion -Wenum-conversion -Wno-float-conversion -Wnon-literal-null-conversion -Wobjc-literal-conversion -Wshorten-64-to-32 -Wpointer-sign -Wno-newline-eof -Wno-selector -Wno-strict-selector-match -Wundeclared-selector -Wdeprecated-implementations -Wno-implicit-fallthrough -fstrict-aliasing -Wprotocol -Wdeprecated-declarations -Wno-sign-conversion -Winfinite-recursion -Wcomma -Wblock-capture-autoreleasing -Wstrict-prototypes -Wno-semicolon-before-method-body -Wunguarded-availability -index-store-path /Users/runner/Library/Developer/Xcode/DerivedData/Probe-ekfbkukithifuccjqocbdrxgxvkg/Index.noindex/DataStore @/Users/runner/Library/Developer/Xcode/DerivedData/Probe-ekfbkukithifuccjqocbdrxgxvkg/Build/Intermediates.noindex/Pods.build/Debug-iphoneos/Masonry.build/Objects-normal/arm64/e6072d4f65d7061329687fe24e3d63a7-common-args.resp -include /Users/runner/work/hw-baidu-navi-specs/hw-baidu-navi-specs/probe/B/Pods/Target\ Support\ Files/Masonry/Masonry-prefix.pch -MMD -MT dependencies -MF /Users/runner/Library/Developer/Xcode/DerivedData/Probe-ekfbkukithifuccjqocbdrxgxvkg/Build/Intermediates.noindex/Pods.build/Debug-iphoneos/Masonry.build/Objects-normal/arm64/ViewController+MASAdditions.d --serialize-diagnostics /Users/runner/Library/Developer/Xcode/DerivedData/Probe-ekfbkukithifuccjqocbdrxgxvkg/Build/Intermediates.noindex/Pods.build/Debug-iphoneos/Masonry.build/Objects-normal/arm64/ViewController+MASAdditions.dia -c /Users/runner/work/hw-baidu-navi-specs/hw-baidu-navi-specs/probe/B/Pods/Masonry/Masonry/ViewController+MASAdditions.m -o /Users/runner/Library/Developer/Xcode/DerivedData/Probe-ekfbkukithifuccjqocbdrxgxvkg/Build/Intermediates.noindex/Pods.build/Debug-iphoneos/Masonry.build/Objects-normal/arm64/ViewController+MASAdditions.o -index-unit-output-path /Pods.build/Debug-iphoneos/Masonry.build/Objects-normal/arm64/ViewController+MASAdditions.o
In file included from /Users/runner/work/hw-baidu-navi-specs/hw-baidu-navi-specs/probe/B/Pods/Masonry/Masonry/ViewController+MASAdditions.m:9:
In file included from /Users/runner/work/hw-baidu-navi-specs/hw-baidu-navi-specs/probe/B/Pods/Masonry/Masonry/ViewController+MASAdditions.h:9:
/Users/runner/work/hw-baidu-navi-specs/hw-baidu-navi-specs/probe/B/Pods/Masonry/Masonry/MASUtilities.h:84:26: warning: C99 forbids casting nonscalar type 'CGPoint' (aka 'struct CGPoint') to the same type [-Wpedantic]
        CGPoint actual = (CGPoint)va_arg(v, CGPoint);
                         ^        ~~~~~~~~~~~~~~~~~~
/Users/runner/work/hw-baidu-navi-specs/hw-baidu-navi-specs/probe/B/Pods/Masonry/Masonry/MASUtilities.h:87:25: warning: C99 forbids casting nonscalar type 'CGSize' (aka 'struct CGSize') to the same type [-Wpedantic]
        CGSize actual = (CGSize)va_arg(v, CGSize);
                        ^       ~~~~~~~~~~~~~~~~~
/Users/runner/work/hw-baidu-navi-specs/hw-baidu-navi-specs/probe/B/Pods/Masonry/Masonry/MASUtilities.h:90:32: warning: C99 forbids casting nonscalar type 'UIEdgeInsets' (aka 'struct UIEdgeInsets') to the same type [-Wpedantic]
        MASEdgeInsets actual = (MASEdgeInsets)va_arg(v, MASEdgeInsets);
                               ^              ~~~~~~~~~~~~~~~~~~~~~~~~
3 warnings generated.

CompileC /Users/runner/Library/Developer/Xcode/DerivedData/Probe-ekfbkukithifuccjqocbdrxgxvkg/Build/Intermediates.noindex/Pods.build/Debug-iphoneos/Masonry.build/Objects-normal/arm64/View+MASAdditions.o /Users/runner/work/hw-baidu-navi-specs/hw-baidu-navi-specs/probe/B/Pods/Masonry/Masonry/View+MASAdditions.m normal arm64 objective-c com.apple.compilers.llvm.clang.1_0.compiler (in target 'Masonry' from project 'Pods')
    cd /Users/runner/work/hw-baidu-navi-specs/hw-baidu-navi-specs/probe/B/Pods
    /Applications/Xcode_15.4.app/Contents/Developer/Toolchains/XcodeDefault.xctoolchain/usr/bin/clang -x objective-c -ivfsstatcache /Users/runner/Library/Developer/Xcode/DerivedData/SDKStatCaches.noindex/iphoneos17.5-21F77-f0fa7969d082b13145125136a829df3a.sdkstatcache -fmessage-length\=0 -fdiagnostics-show-note-include-stack -fmacro-backtrace-limit\=0 -fno-color-diagnostics -fmodules-prune-interval\=86400 -fmodules-prune-after\=345600 -fbuild-session-file\=/Users/runner/Library/Developer/Xcode/DerivedData/ModuleCache.noindex/Session.modulevalidation -fmodules-validate-once-per-build-session -Wnon-modular-include-in-framework-module -Werror\=non-modular-include-in-framework-module -Wno-trigraphs -Wno-missing-field-initializers -Wno-missing-prototypes -Werror\=return-type -Wdocumentation -Wunreachable-code -Wno-implicit-atomic-properties -Werror\=deprecated-objc-isa-usage -Wno-objc-interface-ivars -Werror\=objc-root-class -Wno-arc-repeated-use-of-weak -Wimplicit-retain-self -Wduplicate-method-match -Wno-missing-braces -Wparentheses -Wswitch -Wunused-function -Wno-unused-label -Wno-unused-parameter -Wunused-variable -Wunused-value -Wempty-body -Wuninitialized -Wconditional-uninitialized -Wno-unknown-pragmas -Wno-shadow -Wno-four-char-constants -Wno-conversion -Wconstant-conversion -Wint-conversion -Wbool-conversion -Wenum-conversion -Wno-float-conversion -Wnon-literal-null-conversion -Wobjc-literal-conversion -Wshorten-64-to-32 -Wpointer-sign -Wno-newline-eof -Wno-selector -Wno-strict-selector-match -Wundeclared-selector -Wdeprecated-implementations -Wno-implicit-fallthrough -fstrict-aliasing -Wprotocol -Wdeprecated-declarations -Wno-sign-conversion -Winfinite-recursion -Wcomma -Wblock-capture-autoreleasing -Wstrict-prototypes -Wno-semicolon-before-method-body -Wunguarded-availability -index-store-path /Users/runner/Library/Developer/Xcode/DerivedData/Probe-ekfbkukithifuccjqocbdrxgxvkg/Index.noindex/DataStore @/Users/runner/Library/Developer/Xcode/DerivedData/Probe-ekfbkukithifuccjqocbdrxgxvkg/Build/Intermediates.noindex/Pods.build/Debug-iphoneos/Masonry.build/Objects-normal/arm64/e6072d4f65d7061329687fe24e3d63a7-common-args.resp -include /Users/runner/work/hw-baidu-navi-specs/hw-baidu-navi-specs/probe/B/Pods/Target\ Support\ Files/Masonry/Masonry-prefix.pch -MMD -MT dependencies -MF /Users/runner/Library/Developer/Xcode/DerivedData/Probe-ekfbkukithifuccjqocbdrxgxvkg/Build/Intermediates.noindex/Pods.build/Debug-iphoneos/Masonry.build/Objects-normal/arm64/View+MASAdditions.d --serialize-diagnostics /Users/runner/Library/Developer/Xcode/DerivedData/Probe-ekfbkukithifuccjqocbdrxgxvkg/Build/Intermediates.noindex/Pods.build/Debug-iphoneos/Masonry.build/Objects-normal/arm64/View+MASAdditions.dia -c /Users/runner/work/hw-baidu-navi-specs/hw-baidu-navi-specs/probe/B/Pods/Masonry/Masonry/View+MASAdditions.m -o /Users/runner/Library/Developer/Xcode/DerivedData/Probe-ekfbkukithifuccjqocbdrxgxvkg/Build/Intermediates.noindex/Pods.build/Debug-iphoneos/Masonry.build/Objects-normal/arm64/View+MASAdditions.o -index-unit-output-path /Pods.build/Debug-iphoneos/Masonry.build/Objects-normal/arm64/View+MASAdditions.o
In file included from /Users/runner/work/hw-baidu-navi-specs/hw-baidu-navi-specs/probe/B/Pods/Masonry/Masonry/View+MASAdditions.m:9:
In file included from /Users/runner/work/hw-baidu-navi-specs/hw-baidu-navi-specs/probe/B/Pods/Masonry/Masonry/View+MASAdditions.h:9:
/Users/runner/work/hw-baidu-navi-specs/hw-baidu-navi-specs/probe/B/Pods/Masonry/Masonry/MASUtilities.h:84:26: warning: C99 forbids casting nonscalar type 'CGPoint' (aka 'struct CGPoint') to the same type [-Wpedantic]
        CGPoint actual = (CGPoint)va_arg(v, CGPoint);
                         ^        ~~~~~~~~~~~~~~~~~~
/Users/runner/work/hw-baidu-navi-specs/hw-baidu-navi-specs/probe/B/Pods/Masonry/Masonry/MASUtilities.h:87:25: warning: C99 forbids casting nonscalar type 'CGSize' (aka 'struct CGSize') to the same type [-Wpedantic]
        CGSize actual = (CGSize)va_arg(v, CGSize);
                        ^       ~~~~~~~~~~~~~~~~~
/Users/runner/work/hw-baidu-navi-specs/hw-baidu-navi-specs/probe/B/Pods/Masonry/Masonry/MASUtilities.h:90:32: warning: C99 forbids casting nonscalar type 'UIEdgeInsets' (aka 'struct UIEdgeInsets') to the same type [-Wpedantic]
        MASEdgeInsets actual = (MASEdgeInsets)va_arg(v, MASEdgeInsets);
                               ^              ~~~~~~~~~~~~~~~~~~~~~~~~
/Users/runner/work/hw-baidu-navi-specs/hw-baidu-navi-specs/probe/B/Pods/Masonry/Masonry/View+MASAdditions.m:14:65: warning: parameter of overriding method should be annotated with __attribute__((noescape)) [-Wmissing-noescape]
- (NSArray *)mas_makeConstraints:(void(^)(MASConstraintMaker *))block {
                                                                ^
In file included from /Users/runner/work/hw-baidu-navi-specs/hw-baidu-navi-specs/probe/B/Pods/Masonry/Masonry/View+MASAdditions.m:9:
/Users/runner/work/hw-baidu-navi-specs/hw-baidu-navi-specs/probe/B/Pods/Masonry/Masonry/View+MASAdditions.h:87:81: note: parameter of overridden method is annotated with __attribute__((noescape))
- (NSArray *)mas_makeConstraints:(void(NS_NOESCAPE ^)(MASConstraintMaker *make))block;
                                                                                ^
/Users/runner/work/hw-baidu-navi-specs/hw-baidu-navi-specs/probe/B/Pods/Masonry/Masonry/View+MASAdditions.m:21:67: warning: parameter of overriding method should be annotated with __attribute__((noescape)) [-Wmissing-noescape]
- (NSArray *)mas_updateConstraints:(void(^)(MASConstraintMaker *))block {
                                                                  ^
In file included from /Users/runner/work/hw-baidu-navi-specs/hw-baidu-navi-specs/probe/B/Pods/Masonry/Masonry/View+MASAdditions.m:9:
/Users/runner/work/hw-baidu-navi-specs/hw-baidu-navi-specs/probe/B/Pods/Masonry/Masonry/View+MASAdditions.h:98:83: note: parameter of overridden method is annotated with __attribute__((noescape))
- (NSArray *)mas_updateConstraints:(void(NS_NOESCAPE ^)(MASConstraintMaker *make))block;
                                                                                  ^
/Users/runner/work/hw-baidu-navi-specs/hw-baidu-navi-specs/probe/B/Pods/Masonry/Masonry/View+MASAdditions.m:29:71: warning: parameter of overriding method should be annotated with __attribute__((noescape)) [-Wmissing-noescape]
- (NSArray *)mas_remakeConstraints:(void(^)(MASConstraintMaker *make))block {
                                                                      ^
In file included from /Users/runner/work/hw-baidu-navi-specs/hw-baidu-navi-specs/probe/B/Pods/Masonry/Masonry/View+MASAdditions.m:9:
/Users/runner/work/hw-baidu-navi-specs/hw-baidu-navi-specs/probe/B/Pods/Masonry/Masonry/View+MASAdditions.h:109:83: note: parameter of overridden method is annotated with __attribute__((noescape))
- (NSArray *)mas_remakeConstraints:(void(NS_NOESCAPE ^)(MASConstraintMaker *make))block;
                                                                                  ^
6 warnings generated.

CompileC /Users/runner/Library/Developer/Xcode/DerivedData/Probe-ekfbkukithifuccjqocbdrxgxvkg/Build/Intermediates.noindex/Pods.build/Debug-iphoneos/Masonry.build/Objects-normal/arm64/NSLayoutConstraint+MASDebugAdditions.o /Users/runner/work/hw-baidu-navi-specs/hw-baidu-navi-specs/probe/B/Pods/Masonry/Masonry/NSLayoutConstraint+MASDebugAdditions.m normal arm64 objective-c com.apple.compilers.llvm.clang.1_0.compiler (in target 'Masonry' from project 'Pods')
    cd /Users/runner/work/hw-baidu-navi-specs/hw-baidu-navi-specs/probe/B/Pods
    /Applications/Xcode_15.4.app/Contents/Developer/Toolchains/XcodeDefault.xctoolchain/usr/bin/clang -x objective-c -ivfsstatcache /Users/runner/Library/Developer/Xcode/DerivedData/SDKStatCaches.noindex/iphoneos17.5-21F77-f0fa7969d082b13145125136a829df3a.sdkstatcache -fmessage-length\=0 -fdiagnostics-show-note-include-stack -fmacro-backtrace-limit\=0 -fno-color-diagnostics -fmodules-prune-interval\=86400 -fmodules-prune-after\=345600 -fbuild-session-file\=/Users/runner/Library/Developer/Xcode/DerivedData/ModuleCache.noindex/Session.modulevalidation -fmodules-validate-once-per-build-session -Wnon-modular-include-in-framework-module -Werror\=non-modular-include-in-framework-module -Wno-trigraphs -Wno-missing-field-initializers -Wno-missing-prototypes -Werror\=return-type -Wdocumentation -Wunreachable-code -Wno-implicit-atomic-properties -Werror\=deprecated-objc-isa-usage -Wno-objc-interface-ivars -Werror\=objc-root-class -Wno-arc-repeated-use-of-weak -Wimplicit-retain-self -Wduplicate-method-match -Wno-missing-braces -Wparentheses -Wswitch -Wunused-function -Wno-unused-label -Wno-unused-parameter -Wunused-variable -Wunused-value -Wempty-body -Wuninitialized -Wconditional-uninitialized -Wno-unknown-pragmas -Wno-shadow -Wno-four-char-constants -Wno-conversion -Wconstant-conversion -Wint-conversion -Wbool-conversion -Wenum-conversion -Wno-float-conversion -Wnon-literal-null-conversion -Wobjc-literal-conversion -Wshorten-64-to-32 -Wpointer-sign -Wno-newline-eof -Wno-selector -Wno-strict-selector-match -Wundeclared-selector -Wdeprecated-implementations -Wno-implicit-fallthrough -fstrict-aliasing -Wprotocol -Wdeprecated-declarations -Wno-sign-conversion -Winfinite-recursion -Wcomma -Wblock-capture-autoreleasing -Wstrict-prototypes -Wno-semicolon-before-method-body -Wunguarded-availability -index-store-path /Users/runner/Library/Developer/Xcode/DerivedData/Probe-ekfbkukithifuccjqocbdrxgxvkg/Index.noindex/DataStore @/Users/runner/Library/Developer/Xcode/DerivedData/Probe-ekfbkukithifuccjqocbdrxgxvkg/Build/Intermediates.noindex/Pods.build/Debug-iphoneos/Masonry.build/Objects-normal/arm64/e6072d4f65d7061329687fe24e3d63a7-common-args.resp -include /Users/runner/work/hw-baidu-navi-specs/hw-baidu-navi-specs/probe/B/Pods/Target\ Support\ Files/Masonry/Masonry-prefix.pch -MMD -MT dependencies -MF /Users/runner/Library/Developer/Xcode/DerivedData/Probe-ekfbkukithifuccjqocbdrxgxvkg/Build/Intermediates.noindex/Pods.build/Debug-iphoneos/Masonry.build/Objects-normal/arm64/NSLayoutConstraint+MASDebugAdditions.d --serialize-diagnostics /Users/runner/Library/Developer/Xcode/DerivedData/Probe-ekfbkukithifuccjqocbdrxgxvkg/Build/Intermediates.noindex/Pods.build/Debug-iphoneos/Masonry.build/Objects-normal/arm64/NSLayoutConstraint+MASDebugAdditions.dia -c /Users/runner/work/hw-baidu-navi-specs/hw-baidu-navi-specs/probe/B/Pods/Masonry/Masonry/NSLayoutConstraint+MASDebugAdditions.m -o /Users/runner/Library/Developer/Xcode/DerivedData/Probe-ekfbkukithifuccjqocbdrxgxvkg/Build/Intermediates.noindex/Pods.build/Debug-iphoneos/Masonry.build/Objects-normal/arm64/NSLayoutConstraint+MASDebugAdditions.o -index-unit-output-path /Pods.build/Debug-iphoneos/Masonry.build/Objects-normal/arm64/NSLayoutConstraint+MASDebugAdditions.o
In file included from /Users/runner/work/hw-baidu-navi-specs/hw-baidu-navi-specs/probe/B/Pods/Masonry/Masonry/NSLayoutConstraint+MASDebugAdditions.m:9:
In file included from /Users/runner/work/hw-baidu-navi-specs/hw-baidu-navi-specs/probe/B/Pods/Masonry/Masonry/NSLayoutConstraint+MASDebugAdditions.h:9:
/Users/runner/work/hw-baidu-navi-specs/hw-baidu-navi-specs/probe/B/Pods/Masonry/Masonry/MASUtilities.h:84:26: warning: C99 forbids casting nonscalar type 'CGPoint' (aka 'struct CGPoint') to the same type [-Wpedantic]
        CGPoint actual = (CGPoint)va_arg(v, CGPoint);
                         ^        ~~~~~~~~~~~~~~~~~~
/Users/runner/work/hw-baidu-navi-specs/hw-baidu-navi-specs/probe/B/Pods/Masonry/Masonry/MASUtilities.h:87:25: warning: C99 forbids casting nonscalar type 'CGSize' (aka 'struct CGSize') to the same type [-Wpedantic]
        CGSize actual = (CGSize)va_arg(v, CGSize);
                        ^       ~~~~~~~~~~~~~~~~~
/Users/runner/work/hw-baidu-navi-specs/hw-baidu-navi-specs/probe/B/Pods/Masonry/Masonry/MASUtilities.h:90:32: warning: C99 forbids casting nonscalar type 'UIEdgeInsets' (aka 'struct UIEdgeInsets') to the same type [-Wpedantic]
        MASEdgeInsets actual = (MASEdgeInsets)va_arg(v, MASEdgeInsets);
                               ^              ~~~~~~~~~~~~~~~~~~~~~~~~
/Users/runner/work/hw-baidu-navi-specs/hw-baidu-navi-specs/probe/B/Pods/Masonry/Masonry/NSLayoutConstraint+MASDebugAdditions.m:49:13: warning: duplicate key in dictionary literal [-Wobjc-dictionary-duplicate-keys]
            @(NSLayoutAttributeLastBaseline) : @"lastBaseline",
            ^
/Users/runner/work/hw-baidu-navi-specs/hw-baidu-navi-specs/probe/B/Pods/Masonry/Masonry/NSLayoutConstraint+MASDebugAdditions.m:45:13: note: previous equal key is here
            @(NSLayoutAttributeBaseline) : @"baseline",
            ^
/Users/runner/work/hw-baidu-navi-specs/hw-baidu-navi-specs/probe/B/Pods/Masonry/Masonry/NSLayoutConstraint+MASDebugAdditions.m:104:62: warning: format specifies type 'void *' but the argument has type 'id' [-Wformat-pedantic]
    return [NSString stringWithFormat:@"%@:%p", [obj class], obj];
                                           ~~                ^~~
                                           %@
/Users/runner/work/hw-baidu-navi-specs/hw-baidu-navi-specs/probe/B/Pods/Masonry/Masonry/NSLayoutConstraint+MASDebugAdditions.m:134:85: warning: use of GNU statement expression extension from macro expansion [-Wgnu-statement-expression-from-macro-expansion]
            [description appendFormat:@" %@ %g", (self.constant < 0 ? @"-" : @"+"), ABS(self.constant)];
                                                                                    ^
In module 'Foundation' imported from /Users/runner/work/hw-baidu-navi-specs/hw-baidu-navi-specs/probe/B/Pods/Masonry/Masonry/MASUtilities.h:9:
/Applications/Xcode_15.4.app/Contents/Developer/Platforms/iPhoneOS.platform/Developer/SDKs/iPhoneOS17.5.sdk/System/Library/Frameworks/Foundation.framework/Headers/NSObjCRuntime.h:689:20: note: expanded from macro 'ABS'
    #define ABS(A) __NSABS_IMPL__(A,__COUNTER__)
                   ^
/Applications/Xcode_15.4.app/Contents/Developer/Platforms/iPhoneOS.platform/Developer/SDKs/iPhoneOS17.5.sdk/System/Library/Frameworks/Foundation.framework/Headers/NSObjCRuntime.h:688:34: note: expanded from macro '__NSABS_IMPL__'
    #define __NSABS_IMPL__(A,L) ({ __typeof__(A) __NSX_PASTE__(__a,L) = (A); (__NSX_PASTE__(__a,L) < 0) ? - __NSX_PASTE__(__a,L) : __NSX_PASTE__(__a,L); })
                                 ^
/Users/runner/work/hw-baidu-navi-specs/hw-baidu-navi-specs/probe/B/Pods/Masonry/Masonry/NSLayoutConstraint+MASDebugAdditions.m:139:108: warning: use of GNU ?: conditional expression extension, omitting middle operand [-Wgnu-conditional-omitted-operand]
        [description appendFormat:@" ^%@", self.class.layoutPriorityDescriptionsByValue[@(self.priority)] ?: [NSNumber numberWithDouble:self.priority]];
                                                                                                           ^
7 warnings generated.

CompileC /Users/runner/Library/Developer/Xcode/DerivedData/Probe-ekfbkukithifuccjqocbdrxgxvkg/Build/Intermediates.noindex/Pods.build/Debug-iphoneos/Masonry.build/Objects-normal/arm64/NSArray+MASAdditions.o /Users/runner/work/hw-baidu-navi-specs/hw-baidu-navi-specs/probe/B/Pods/Masonry/Masonry/NSArray+MASAdditions.m normal arm64 objective-c com.apple.compilers.llvm.clang.1_0.compiler (in target 'Masonry' from project 'Pods')
    cd /Users/runner/work/hw-baidu-navi-specs/hw-baidu-navi-specs/probe/B/Pods
    /Applications/Xcode_15.4.app/Contents/Developer/Toolchains/XcodeDefault.xctoolchain/usr/bin/clang -x objective-c -ivfsstatcache /Users/runner/Library/Developer/Xcode/DerivedData/SDKStatCaches.noindex/iphoneos17.5-21F77-f0fa7969d082b13145125136a829df3a.sdkstatcache -fmessage-length\=0 -fdiagnostics-show-note-include-stack -fmacro-backtrace-limit\=0 -fno-color-diagnostics -fmodules-prune-interval\=86400 -fmodules-prune-after\=345600 -fbuild-session-file\=/Users/runner/Library/Developer/Xcode/DerivedData/ModuleCache.noindex/Session.modulevalidation -fmodules-validate-once-per-build-session -Wnon-modular-include-in-framework-module -Werror\=non-modular-include-in-framework-module -Wno-trigraphs -Wno-missing-field-initializers -Wno-missing-prototypes -Werror\=return-type -Wdocumentation -Wunreachable-code -Wno-implicit-atomic-properties -Werror\=deprecated-objc-isa-usage -Wno-objc-interface-ivars -Werror\=objc-root-class -Wno-arc-repeated-use-of-weak -Wimplicit-retain-self -Wduplicate-method-match -Wno-missing-braces -Wparentheses -Wswitch -Wunused-function -Wno-unused-label -Wno-unused-parameter -Wunused-variable -Wunused-value -Wempty-body -Wuninitialized -Wconditional-uninitialized -Wno-unknown-pragmas -Wno-shadow -Wno-four-char-constants -Wno-conversion -Wconstant-conversion -Wint-conversion -Wbool-conversion -Wenum-conversion -Wno-float-conversion -Wnon-literal-null-conversion -Wobjc-literal-conversion -Wshorten-64-to-32 -Wpointer-sign -Wno-newline-eof -Wno-selector -Wno-strict-selector-match -Wundeclared-selector -Wdeprecated-implementations -Wno-implicit-fallthrough -fstrict-aliasing -Wprotocol -Wdeprecated-declarations -Wno-sign-conversion -Winfinite-recursion -Wcomma -Wblock-capture-autoreleasing -Wstrict-prototypes -Wno-semicolon-before-method-body -Wunguarded-availability -index-store-path /Users/runner/Library/Developer/Xcode/DerivedData/Probe-ekfbkukithifuccjqocbdrxgxvkg/Index.noindex/DataStore @/Users/runner/Library/Developer/Xcode/DerivedData/Probe-ekfbkukithifuccjqocbdrxgxvkg/Build/Intermediates.noindex/Pods.build/Debug-iphoneos/Masonry.build/Objects-normal/arm64/e6072d4f65d7061329687fe24e3d63a7-common-args.resp -include /Users/runner/work/hw-baidu-navi-specs/hw-baidu-navi-specs/probe/B/Pods/Target\ Support\ Files/Masonry/Masonry-prefix.pch -MMD -MT dependencies -MF /Users/runner/Library/Developer/Xcode/DerivedData/Probe-ekfbkukithifuccjqocbdrxgxvkg/Build/Intermediates.noindex/Pods.build/Debug-iphoneos/Masonry.build/Objects-normal/arm64/NSArray+MASAdditions.d --serialize-diagnostics /Users/runner/Library/Developer/Xcode/DerivedData/Probe-ekfbkukithifuccjqocbdrxgxvkg/Build/Intermediates.noindex/Pods.build/Debug-iphoneos/Masonry.build/Objects-normal/arm64/NSArray+MASAdditions.dia -c /Users/runner/work/hw-baidu-navi-specs/hw-baidu-navi-specs/probe/B/Pods/Masonry/Masonry/NSArray+MASAdditions.m -o /Users/runner/Library/Developer/Xcode/DerivedData/Probe-ekfbkukithifuccjqocbdrxgxvkg/Build/Intermediates.noindex/Pods.build/Debug-iphoneos/Masonry.build/Objects-normal/arm64/NSArray+MASAdditions.o -index-unit-output-path /Pods.build/Debug-iphoneos/Masonry.build/Objects-normal/arm64/NSArray+MASAdditions.o
In file included from /Users/runner/work/hw-baidu-navi-specs/hw-baidu-navi-specs/probe/B/Pods/Masonry/Masonry/NSArray+MASAdditions.m:9:
In file included from /Users/runner/work/hw-baidu-navi-specs/hw-baidu-navi-specs/probe/B/Pods/Masonry/Masonry/NSArray+MASAdditions.h:9:
/Users/runner/work/hw-baidu-navi-specs/hw-baidu-navi-specs/probe/B/Pods/Masonry/Masonry/MASUtilities.h:84:26: warning: C99 forbids casting nonscalar type 'CGPoint' (aka 'struct CGPoint') to the same type [-Wpedantic]
        CGPoint actual = (CGPoint)va_arg(v, CGPoint);
                         ^        ~~~~~~~~~~~~~~~~~~
/Users/runner/work/hw-baidu-navi-specs/hw-baidu-navi-specs/probe/B/Pods/Masonry/Masonry/MASUtilities.h:87:25: warning: C99 forbids casting nonscalar type 'CGSize' (aka 'struct CGSize') to the same type [-Wpedantic]
        CGSize actual = (CGSize)va_arg(v, CGSize);
                        ^       ~~~~~~~~~~~~~~~~~
/Users/runner/work/hw-baidu-navi-specs/hw-baidu-navi-specs/probe/B/Pods/Masonry/Masonry/MASUtilities.h:90:32: warning: C99 forbids casting nonscalar type 'UIEdgeInsets' (aka 'struct UIEdgeInsets') to the same type [-Wpedantic]
        MASEdgeInsets actual = (MASEdgeInsets)va_arg(v, MASEdgeInsets);
                               ^              ~~~~~~~~~~~~~~~~~~~~~~~~
/Users/runner/work/hw-baidu-navi-specs/hw-baidu-navi-specs/probe/B/Pods/Masonry/Masonry/NSArray+MASAdditions.m:14:69: warning: parameter of overriding method should be annotated with __attribute__((noescape)) [-Wmissing-noescape]
- (NSArray *)mas_makeConstraints:(void(^)(MASConstraintMaker *make))block {
                                                                    ^
In file included from /Users/runner/work/hw-baidu-navi-specs/hw-baidu-navi-specs/probe/B/Pods/Masonry/Masonry/NSArray+MASAdditions.m:9:
/Users/runner/work/hw-baidu-navi-specs/hw-baidu-navi-specs/probe/B/Pods/Masonry/Masonry/NSArray+MASAdditions.h:28:82: note: parameter of overridden method is annotated with __attribute__((noescape))
- (NSArray *)mas_makeConstraints:(void (NS_NOESCAPE ^)(MASConstraintMaker *make))block;
                                                                                 ^
/Users/runner/work/hw-baidu-navi-specs/hw-baidu-navi-specs/probe/B/Pods/Masonry/Masonry/NSArray+MASAdditions.m:23:71: warning: parameter of overriding method should be annotated with __attribute__((noescape)) [-Wmissing-noescape]
- (NSArray *)mas_updateConstraints:(void(^)(MASConstraintMaker *make))block {
                                                                      ^
In file included from /Users/runner/work/hw-baidu-navi-specs/hw-baidu-navi-specs/probe/B/Pods/Masonry/Masonry/NSArray+MASAdditions.m:9:
/Users/runner/work/hw-baidu-navi-specs/hw-baidu-navi-specs/probe/B/Pods/Masonry/Masonry/NSArray+MASAdditions.h:39:84: note: parameter of overridden method is annotated with __attribute__((noescape))
- (NSArray *)mas_updateConstraints:(void (NS_NOESCAPE ^)(MASConstraintMaker *make))block;
                                                                                   ^
/Users/runner/work/hw-baidu-navi-specs/hw-baidu-navi-specs/probe/B/Pods/Masonry/Masonry/NSArray+MASAdditions.m:32:71: warning: parameter of overriding method should be annotated with __attribute__((noescape)) [-Wmissing-noescape]
- (NSArray *)mas_remakeConstraints:(void(^)(MASConstraintMaker *make))block {
                                                                      ^
In file included from /Users/runner/work/hw-baidu-navi-specs/hw-baidu-navi-specs/probe/B/Pods/Masonry/Masonry/NSArray+MASAdditions.m:9:
/Users/runner/work/hw-baidu-navi-specs/hw-baidu-navi-specs/probe/B/Pods/Masonry/Masonry/NSArray+MASAdditions.h:50:84: note: parameter of overridden method is annotated with __attribute__((noescape))
- (NSArray *)mas_remakeConstraints:(void (NS_NOESCAPE ^)(MASConstraintMaker *make))block;
                                                                                   ^
6 warnings generated.

CompileC /Users/runner/Library/Developer/Xcode/DerivedData/Probe-ekfbkukithifuccjqocbdrxgxvkg/Build/Intermediates.noindex/Pods.build/Debug-iphoneos/Masonry.build/Objects-normal/arm64/Masonry_vers.o /Users/runner/Library/Developer/Xcode/DerivedData/Probe-ekfbkukithifuccjqocbdrxgxvkg/Build/Intermediates.noindex/Pods.build/Debug-iphoneos/Masonry.build/DerivedSources/Masonry_vers.c normal arm64 c com.apple.compilers.llvm.clang.1_0.compiler (in target 'Masonry' from project 'Pods')
    cd /Users/runner/work/hw-baidu-navi-specs/hw-baidu-navi-specs/probe/B/Pods
    /Applications/Xcode_15.4.app/Contents/Developer/Toolchains/XcodeDefault.xctoolchain/usr/bin/clang -x c -ivfsstatcache /Users/runner/Library/Developer/Xcode/DerivedData/SDKStatCaches.noindex/iphoneos17.5-21F77-f0fa7969d082b13145125136a829df3a.sdkstatcache -fmessage-length\=0 -fdiagnostics-show-note-include-stack -fmacro-backtrace-limit\=0 -fno-color-diagnostics -fmodules-prune-interval\=86400 -fmodules-prune-after\=345600 -fbuild-session-file\=/Users/runner/Library/Developer/Xcode/DerivedData/ModuleCache.noindex/Session.modulevalidation -fmodules-validate-once-per-build-session -Wnon-modular-include-in-framework-module -Werror\=non-modular-include-in-framework-module -Wno-trigraphs -Wno-missing-field-initializers -Wno-missing-prototypes -Werror\=return-type -Wdocumentation -Wunreachable-code -Werror\=deprecated-objc-isa-usage -Werror\=objc-root-class -Wno-missing-braces -Wparentheses -Wswitch -Wunused-function -Wno-unused-label -Wno-unused-parameter -Wunused-variable -Wunused-value -Wempty-body -Wuninitialized -Wconditional-uninitialized -Wno-unknown-pragmas -Wno-shadow -Wno-four-char-constants -Wno-conversion -Wconstant-conversion -Wint-conversion -Wbool-conversion -Wenum-conversion -Wno-float-conversion -Wnon-literal-null-conversion -Wobjc-literal-conversion -Wshorten-64-to-32 -Wpointer-sign -Wno-newline-eof -Wno-implicit-fallthrough -fstrict-aliasing -Wdeprecated-declarations -Wno-sign-conversion -Winfinite-recursion -Wcomma -Wblock-capture-autoreleasing -Wstrict-prototypes -Wno-semicolon-before-method-body -Wunguarded-availability -index-store-path /Users/runner/Library/Developer/Xcode/DerivedData/Probe-ekfbkukithifuccjqocbdrxgxvkg/Index.noindex/DataStore @/Users/runner/Library/Developer/Xcode/DerivedData/Probe-ekfbkukithifuccjqocbdrxgxvkg/Build/Intermediates.noindex/Pods.build/Debug-iphoneos/Masonry.build/Objects-normal/arm64/7187679823f38a2a940e0043cdf9d637-common-args.resp -MMD -MT dependencies -MF /Users/runner/Library/Developer/Xcode/DerivedData/Probe-ekfbkukithifuccjqocbdrxgxvkg/Build/Intermediates.noindex/Pods.build/Debug-iphoneos/Masonry.build/Objects-normal/arm64/Masonry_vers.d --serialize-diagnostics /Users/runner/Library/Developer/Xcode/DerivedData/Probe-ekfbkukithifuccjqocbdrxgxvkg/Build/Intermediates.noindex/Pods.build/Debug-iphoneos/Masonry.build/Objects-normal/arm64/Masonry_vers.dia -c /Users/runner/Library/Developer/Xcode/DerivedData/Probe-ekfbkukithifuccjqocbdrxgxvkg/Build/Intermediates.noindex/Pods.build/Debug-iphoneos/Masonry.build/DerivedSources/Masonry_vers.c -o /Users/runner/Library/Developer/Xcode/DerivedData/Probe-ekfbkukithifuccjqocbdrxgxvkg/Build/Intermediates.noindex/Pods.build/Debug-iphoneos/Masonry.build/Objects-normal/arm64/Masonry_vers.o -index-unit-output-path /Pods.build/Debug-iphoneos/Masonry.build/Objects-normal/arm64/Masonry_vers.o

CompileC /Users/runner/Library/Developer/Xcode/DerivedData/Probe-ekfbkukithifuccjqocbdrxgxvkg/Build/Intermediates.noindex/Pods.build/Debug-iphoneos/Masonry.build/Objects-normal/arm64/Masonry-dummy.o /Users/runner/work/hw-baidu-navi-specs/hw-baidu-navi-specs/probe/B/Pods/Target\ Support\ Files/Masonry/Masonry-dummy.m normal arm64 objective-c com.apple.compilers.llvm.clang.1_0.compiler (in target 'Masonry' from project 'Pods')
    cd /Users/runner/work/hw-baidu-navi-specs/hw-baidu-navi-specs/probe/B/Pods
    /Applications/Xcode_15.4.app/Contents/Developer/Toolchains/XcodeDefault.xctoolchain/usr/bin/clang -x objective-c -ivfsstatcache /Users/runner/Library/Developer/Xcode/DerivedData/SDKStatCaches.noindex/iphoneos17.5-21F77-f0fa7969d082b13145125136a829df3a.sdkstatcache -fmessage-length\=0 -fdiagnostics-show-note-include-stack -fmacro-backtrace-limit\=0 -fno-color-diagnostics -fmodules-prune-interval\=86400 -fmodules-prune-after\=345600 -fbuild-session-file\=/Users/runner/Library/Developer/Xcode/DerivedData/ModuleCache.noindex/Session.modulevalidation -fmodules-validate-once-per-build-session -Wnon-modular-include-in-framework-module -Werror\=non-modular-include-in-framework-module -Wno-trigraphs -Wno-missing-field-initializers -Wno-missing-prototypes -Werror\=return-type -Wdocumentation -Wunreachable-code -Wno-implicit-atomic-properties -Werror\=deprecated-objc-isa-usage -Wno-objc-interface-ivars -Werror\=objc-root-class -Wno-arc-repeated-use-of-weak -Wimplicit-retain-self -Wduplicate-method-match -Wno-missing-braces -Wparentheses -Wswitch -Wunused-function -Wno-unused-label -Wno-unused-parameter -Wunused-variable -Wunused-value -Wempty-body -Wuninitialized -Wconditional-uninitialized -Wno-unknown-pragmas -Wno-shadow -Wno-four-char-constants -Wno-conversion -Wconstant-conversion -Wint-conversion -Wbool-conversion -Wenum-conversion -Wno-float-conversion -Wnon-literal-null-conversion -Wobjc-literal-conversion -Wshorten-64-to-32 -Wpointer-sign -Wno-newline-eof -Wno-selector -Wno-strict-selector-match -Wundeclared-selector -Wdeprecated-implementations -Wno-implicit-fallthrough -fstrict-aliasing -Wprotocol -Wdeprecated-declarations -Wno-sign-conversion -Winfinite-recursion -Wcomma -Wblock-capture-autoreleasing -Wstrict-prototypes -Wno-semicolon-before-method-body -Wunguarded-availability -index-store-path /Users/runner/Library/Developer/Xcode/DerivedData/Probe-ekfbkukithifuccjqocbdrxgxvkg/Index.noindex/DataStore @/Users/runner/Library/Developer/Xcode/DerivedData/Probe-ekfbkukithifuccjqocbdrxgxvkg/Build/Intermediates.noindex/Pods.build/Debug-iphoneos/Masonry.build/Objects-normal/arm64/e6072d4f65d7061329687fe24e3d63a7-common-args.resp -include /Users/runner/work/hw-baidu-navi-specs/hw-baidu-navi-specs/probe/B/Pods/Target\ Support\ Files/Masonry/Masonry-prefix.pch -MMD -MT dependencies -MF /Users/runner/Library/Developer/Xcode/DerivedData/Probe-ekfbkukithifuccjqocbdrxgxvkg/Build/Intermediates.noindex/Pods.build/Debug-iphoneos/Masonry.build/Objects-normal/arm64/Masonry-dummy.d --serialize-diagnostics /Users/runner/Library/Developer/Xcode/DerivedData/Probe-ekfbkukithifuccjqocbdrxgxvkg/Build/Intermediates.noindex/Pods.build/Debug-iphoneos/Masonry.build/Objects-normal/arm64/Masonry-dummy.dia -c /Users/runner/work/hw-baidu-navi-specs/hw-baidu-navi-specs/probe/B/Pods/Target\ Support\ Files/Masonry/Masonry-dummy.m -o /Users/runner/Library/Developer/Xcode/DerivedData/Probe-ekfbkukithifuccjqocbdrxgxvkg/Build/Intermediates.noindex/Pods.build/Debug-iphoneos/Masonry.build/Objects-normal/arm64/Masonry-dummy.o -index-unit-output-path /Pods.build/Debug-iphoneos/Masonry.build/Objects-normal/arm64/Masonry-dummy.o

CompileC /Users/runner/Library/Developer/Xcode/DerivedData/Probe-ekfbkukithifuccjqocbdrxgxvkg/Build/Intermediates.noindex/Pods.build/Debug-iphoneos/Masonry.build/Objects-normal/arm64/MASViewConstraint.o /Users/runner/work/hw-baidu-navi-specs/hw-baidu-navi-specs/probe/B/Pods/Masonry/Masonry/MASViewConstraint.m normal arm64 objective-c com.apple.compilers.llvm.clang.1_0.compiler (in target 'Masonry' from project 'Pods')
    cd /Users/runner/work/hw-baidu-navi-specs/hw-baidu-navi-specs/probe/B/Pods
    /Applications/Xcode_15.4.app/Contents/Developer/Toolchains/XcodeDefault.xctoolchain/usr/bin/clang -x objective-c -ivfsstatcache /Users/runner/Library/Developer/Xcode/DerivedData/SDKStatCaches.noindex/iphoneos17.5-21F77-f0fa7969d082b13145125136a829df3a.sdkstatcache -fmessage-length\=0 -fdiagnostics-show-note-include-stack -fmacro-backtrace-limit\=0 -fno-color-diagnostics -fmodules-prune-interval\=86400 -fmodules-prune-after\=345600 -fbuild-session-file\=/Users/runner/Library/Developer/Xcode/DerivedData/ModuleCache.noindex/Session.modulevalidation -fmodules-validate-once-per-build-session -Wnon-modular-include-in-framework-module -Werror\=non-modular-include-in-framework-module -Wno-trigraphs -Wno-missing-field-initializers -Wno-missing-prototypes -Werror\=return-type -Wdocumentation -Wunreachable-code -Wno-implicit-atomic-properties -Werror\=deprecated-objc-isa-usage -Wno-objc-interface-ivars -Werror\=objc-root-class -Wno-arc-repeated-use-of-weak -Wimplicit-retain-self -Wduplicate-method-match -Wno-missing-braces -Wparentheses -Wswitch -Wunused-function -Wno-unused-label -Wno-unused-parameter -Wunused-variable -Wunused-value -Wempty-body -Wuninitialized -Wconditional-uninitialized -Wno-unknown-pragmas -Wno-shadow -Wno-four-char-constants -Wno-conversion -Wconstant-conversion -Wint-conversion -Wbool-conversion -Wenum-conversion -Wno-float-conversion -Wnon-literal-null-conversion -Wobjc-literal-conversion -Wshorten-64-to-32 -Wpointer-sign -Wno-newline-eof -Wno-selector -Wno-strict-selector-match -Wundeclared-selector -Wdeprecated-implementations -Wno-implicit-fallthrough -fstrict-aliasing -Wprotocol -Wdeprecated-declarations -Wno-sign-conversion -Winfinite-recursion -Wcomma -Wblock-capture-autoreleasing -Wstrict-prototypes -Wno-semicolon-before-method-body -Wunguarded-availability -index-store-path /Users/runner/Library/Developer/Xcode/DerivedData/Probe-ekfbkukithifuccjqocbdrxgxvkg/Index.noindex/DataStore @/Users/runner/Library/Developer/Xcode/DerivedData/Probe-ekfbkukithifuccjqocbdrxgxvkg/Build/Intermediates.noindex/Pods.build/Debug-iphoneos/Masonry.build/Objects-normal/arm64/e6072d4f65d7061329687fe24e3d63a7-common-args.resp -include /Users/runner/work/hw-baidu-navi-specs/hw-baidu-navi-specs/probe/B/Pods/Target\ Support\ Files/Masonry/Masonry-prefix.pch -MMD -MT dependencies -MF /Users/runner/Library/Developer/Xcode/DerivedData/Probe-ekfbkukithifuccjqocbdrxgxvkg/Build/Intermediates.noindex/Pods.build/Debug-iphoneos/Masonry.build/Objects-normal/arm64/MASViewConstraint.d --serialize-diagnostics /Users/runner/Library/Developer/Xcode/DerivedData/Probe-ekfbkukithifuccjqocbdrxgxvkg/Build/Intermediates.noindex/Pods.build/Debug-iphoneos/Masonry.build/Objects-normal/arm64/MASViewConstraint.dia -c /Users/runner/work/hw-baidu-navi-specs/hw-baidu-navi-specs/probe/B/Pods/Masonry/Masonry/MASViewConstraint.m -o /Users/runner/Library/Developer/Xcode/DerivedData/Probe-ekfbkukithifuccjqocbdrxgxvkg/Build/Intermediates.noindex/Pods.build/Debug-iphoneos/Masonry.build/Objects-normal/arm64/MASViewConstraint.o -index-unit-output-path /Pods.build/Debug-iphoneos/Masonry.build/Objects-normal/arm64/MASViewConstraint.o
In file included from /Users/runner/work/hw-baidu-navi-specs/hw-baidu-navi-specs/probe/B/Pods/Masonry/Masonry/MASViewConstraint.m:9:
In file included from /Users/runner/work/hw-baidu-navi-specs/hw-baidu-navi-specs/probe/B/Pods/Masonry/Masonry/MASViewConstraint.h:9:
In file included from /Users/runner/work/hw-baidu-navi-specs/hw-baidu-navi-specs/probe/B/Pods/Masonry/Masonry/MASViewAttribute.h:9:
/Users/runner/work/hw-baidu-navi-specs/hw-baidu-navi-specs/probe/B/Pods/Masonry/Masonry/MASUtilities.h:84:26: warning: C99 forbids casting nonscalar type 'CGPoint' (aka 'struct CGPoint') to the same type [-Wpedantic]
        CGPoint actual = (CGPoint)va_arg(v, CGPoint);
                         ^        ~~~~~~~~~~~~~~~~~~
/Users/runner/work/hw-baidu-navi-specs/hw-baidu-navi-specs/probe/B/Pods/Masonry/Masonry/MASUtilities.h:87:25: warning: C99 forbids casting nonscalar type 'CGSize' (aka 'struct CGSize') to the same type [-Wpedantic]
        CGSize actual = (CGSize)va_arg(v, CGSize);
                        ^       ~~~~~~~~~~~~~~~~~
/Users/runner/work/hw-baidu-navi-specs/hw-baidu-navi-specs/probe/B/Pods/Masonry/Masonry/MASUtilities.h:90:32: warning: C99 forbids casting nonscalar type 'UIEdgeInsets' (aka 'struct UIEdgeInsets') to the same type [-Wpedantic]
        MASEdgeInsets actual = (MASEdgeInsets)va_arg(v, MASEdgeInsets);
                               ^              ~~~~~~~~~~~~~~~~~~~~~~~~
3 warnings generated.

CompileC /Users/runner/Library/Developer/Xcode/DerivedData/Probe-ekfbkukithifuccjqocbdrxgxvkg/Build/Intermediates.noindex/Pods.build/Debug-iphoneos/Masonry.build/Objects-normal/arm64/MASViewAttribute.o /Users/runner/work/hw-baidu-navi-specs/hw-baidu-navi-specs/probe/B/Pods/Masonry/Masonry/MASViewAttribute.m normal arm64 objective-c com.apple.compilers.llvm.clang.1_0.compiler (in target 'Masonry' from project 'Pods')
    cd /Users/runner/work/hw-baidu-navi-specs/hw-baidu-navi-specs/probe/B/Pods
    /Applications/Xcode_15.4.app/Contents/Developer/Toolchains/XcodeDefault.xctoolchain/usr/bin/clang -x objective-c -ivfsstatcache /Users/runner/Library/Developer/Xcode/DerivedData/SDKStatCaches.noindex/iphoneos17.5-21F77-f0fa7969d082b13145125136a829df3a.sdkstatcache -fmessage-length\=0 -fdiagnostics-show-note-include-stack -fmacro-backtrace-limit\=0 -fno-color-diagnostics -fmodules-prune-interval\=86400 -fmodules-prune-after\=345600 -fbuild-session-file\=/Users/runner/Library/Developer/Xcode/DerivedData/ModuleCache.noindex/Session.modulevalidation -fmodules-validate-once-per-build-session -Wnon-modular-include-in-framework-module -Werror\=non-modular-include-in-framework-module -Wno-trigraphs -Wno-missing-field-initializers -Wno-missing-prototypes -Werror\=return-type -Wdocumentation -Wunreachable-code -Wno-implicit-atomic-properties -Werror\=deprecated-objc-isa-usage -Wno-objc-interface-ivars -Werror\=objc-root-class -Wno-arc-repeated-use-of-weak -Wimplicit-retain-self -Wduplicate-method-match -Wno-missing-braces -Wparentheses -Wswitch -Wunused-function -Wno-unused-label -Wno-unused-parameter -Wunused-variable -Wunused-value -Wempty-body -Wuninitialized -Wconditional-uninitialized -Wno-unknown-pragmas -Wno-shadow -Wno-four-char-constants -Wno-conversion -Wconstant-conversion -Wint-conversion -Wbool-conversion -Wenum-conversion -Wno-float-conversion -Wnon-literal-null-conversion -Wobjc-literal-conversion -Wshorten-64-to-32 -Wpointer-sign -Wno-newline-eof -Wno-selector -Wno-strict-selector-match -Wundeclared-selector -Wdeprecated-implementations -Wno-implicit-fallthrough -fstrict-aliasing -Wprotocol -Wdeprecated-declarations -Wno-sign-conversion -Winfinite-recursion -Wcomma -Wblock-capture-autoreleasing -Wstrict-prototypes -Wno-semicolon-before-method-body -Wunguarded-availability -index-store-path /Users/runner/Library/Developer/Xcode/DerivedData/Probe-ekfbkukithifuccjqocbdrxgxvkg/Index.noindex/DataStore @/Users/runner/Library/Developer/Xcode/DerivedData/Probe-ekfbkukithifuccjqocbdrxgxvkg/Build/Intermediates.noindex/Pods.build/Debug-iphoneos/Masonry.build/Objects-normal/arm64/e6072d4f65d7061329687fe24e3d63a7-common-args.resp -include /Users/runner/work/hw-baidu-navi-specs/hw-baidu-navi-specs/probe/B/Pods/Target\ Support\ Files/Masonry/Masonry-prefix.pch -MMD -MT dependencies -MF /Users/runner/Library/Developer/Xcode/DerivedData/Probe-ekfbkukithifuccjqocbdrxgxvkg/Build/Intermediates.noindex/Pods.build/Debug-iphoneos/Masonry.build/Objects-normal/arm64/MASViewAttribute.d --serialize-diagnostics /Users/runner/Library/Developer/Xcode/DerivedData/Probe-ekfbkukithifuccjqocbdrxgxvkg/Build/Intermediates.noindex/Pods.build/Debug-iphoneos/Masonry.build/Objects-normal/arm64/MASViewAttribute.dia -c /Users/runner/work/hw-baidu-navi-specs/hw-baidu-navi-specs/probe/B/Pods/Masonry/Masonry/MASViewAttribute.m -o /Users/runner/Library/Developer/Xcode/DerivedData/Probe-ekfbkukithifuccjqocbdrxgxvkg/Build/Intermediates.noindex/Pods.build/Debug-iphoneos/Masonry.build/Objects-normal/arm64/MASViewAttribute.o -index-unit-output-path /Pods.build/Debug-iphoneos/Masonry.build/Objects-normal/arm64/MASViewAttribute.o
In file included from /Users/runner/work/hw-baidu-navi-specs/hw-baidu-navi-specs/probe/B/Pods/Masonry/Masonry/MASViewAttribute.m:9:
In file included from /Users/runner/work/hw-baidu-navi-specs/hw-baidu-navi-specs/probe/B/Pods/Masonry/Masonry/MASViewAttribute.h:9:
/Users/runner/work/hw-baidu-navi-specs/hw-baidu-navi-specs/probe/B/Pods/Masonry/Masonry/MASUtilities.h:84:26: warning: C99 forbids casting nonscalar type 'CGPoint' (aka 'struct CGPoint') to the same type [-Wpedantic]
        CGPoint actual = (CGPoint)va_arg(v, CGPoint);
                         ^        ~~~~~~~~~~~~~~~~~~
/Users/runner/work/hw-baidu-navi-specs/hw-baidu-navi-specs/probe/B/Pods/Masonry/Masonry/MASUtilities.h:87:25: warning: C99 forbids casting nonscalar type 'CGSize' (aka 'struct CGSize') to the same type [-Wpedantic]
        CGSize actual = (CGSize)va_arg(v, CGSize);
                        ^       ~~~~~~~~~~~~~~~~~
/Users/runner/work/hw-baidu-navi-specs/hw-baidu-navi-specs/probe/B/Pods/Masonry/Masonry/MASUtilities.h:90:32: warning: C99 forbids casting nonscalar type 'UIEdgeInsets' (aka 'struct UIEdgeInsets') to the same type [-Wpedantic]
        MASEdgeInsets actual = (MASEdgeInsets)va_arg(v, MASEdgeInsets);
                               ^              ~~~~~~~~~~~~~~~~~~~~~~~~
3 warnings generated.

CompileC /Users/runner/Library/Developer/Xcode/DerivedData/Probe-ekfbkukithifuccjqocbdrxgxvkg/Build/Intermediates.noindex/Pods.build/Debug-iphoneos/Masonry.build/Objects-normal/arm64/MASLayoutConstraint.o /Users/runner/work/hw-baidu-navi-specs/hw-baidu-navi-specs/probe/B/Pods/Masonry/Masonry/MASLayoutConstraint.m normal arm64 objective-c com.apple.compilers.llvm.clang.1_0.compiler (in target 'Masonry' from project 'Pods')
    cd /Users/runner/work/hw-baidu-navi-specs/hw-baidu-navi-specs/probe/B/Pods
    /Applications/Xcode_15.4.app/Contents/Developer/Toolchains/XcodeDefault.xctoolchain/usr/bin/clang -x objective-c -ivfsstatcache /Users/runner/Library/Developer/Xcode/DerivedData/SDKStatCaches.noindex/iphoneos17.5-21F77-f0fa7969d082b13145125136a829df3a.sdkstatcache -fmessage-length\=0 -fdiagnostics-show-note-include-stack -fmacro-backtrace-limit\=0 -fno-color-diagnostics -fmodules-prune-interval\=86400 -fmodules-prune-after\=345600 -fbuild-session-file\=/Users/runner/Library/Developer/Xcode/DerivedData/ModuleCache.noindex/Session.modulevalidation -fmodules-validate-once-per-build-session -Wnon-modular-include-in-framework-module -Werror\=non-modular-include-in-framework-module -Wno-trigraphs -Wno-missing-field-initializers -Wno-missing-prototypes -Werror\=return-type -Wdocumentation -Wunreachable-code -Wno-implicit-atomic-properties -Werror\=deprecated-objc-isa-usage -Wno-objc-interface-ivars -Werror\=objc-root-class -Wno-arc-repeated-use-of-weak -Wimplicit-retain-self -Wduplicate-method-match -Wno-missing-braces -Wparentheses -Wswitch -Wunused-function -Wno-unused-label -Wno-unused-parameter -Wunused-variable -Wunused-value -Wempty-body -Wuninitialized -Wconditional-uninitialized -Wno-unknown-pragmas -Wno-shadow -Wno-four-char-constants -Wno-conversion -Wconstant-conversion -Wint-conversion -Wbool-conversion -Wenum-conversion -Wno-float-conversion -Wnon-literal-null-conversion -Wobjc-literal-conversion -Wshorten-64-to-32 -Wpointer-sign -Wno-newline-eof -Wno-selector -Wno-strict-selector-match -Wundeclared-selector -Wdeprecated-implementations -Wno-implicit-fallthrough -fstrict-aliasing -Wprotocol -Wdeprecated-declarations -Wno-sign-conversion -Winfinite-recursion -Wcomma -Wblock-capture-autoreleasing -Wstrict-prototypes -Wno-semicolon-before-method-body -Wunguarded-availability -index-store-path /Users/runner/Library/Developer/Xcode/DerivedData/Probe-ekfbkukithifuccjqocbdrxgxvkg/Index.noindex/DataStore @/Users/runner/Library/Developer/Xcode/DerivedData/Probe-ekfbkukithifuccjqocbdrxgxvkg/Build/Intermediates.noindex/Pods.build/Debug-iphoneos/Masonry.build/Objects-normal/arm64/e6072d4f65d7061329687fe24e3d63a7-common-args.resp -include /Users/runner/work/hw-baidu-navi-specs/hw-baidu-navi-specs/probe/B/Pods/Target\ Support\ Files/Masonry/Masonry-prefix.pch -MMD -MT dependencies -MF /Users/runner/Library/Developer/Xcode/DerivedData/Probe-ekfbkukithifuccjqocbdrxgxvkg/Build/Intermediates.noindex/Pods.build/Debug-iphoneos/Masonry.build/Objects-normal/arm64/MASLayoutConstraint.d --serialize-diagnostics /Users/runner/Library/Developer/Xcode/DerivedData/Probe-ekfbkukithifuccjqocbdrxgxvkg/Build/Intermediates.noindex/Pods.build/Debug-iphoneos/Masonry.build/Objects-normal/arm64/MASLayoutConstraint.dia -c /Users/runner/work/hw-baidu-navi-specs/hw-baidu-navi-specs/probe/B/Pods/Masonry/Masonry/MASLayoutConstraint.m -o /Users/runner/Library/Developer/Xcode/DerivedData/Probe-ekfbkukithifuccjqocbdrxgxvkg/Build/Intermediates.noindex/Pods.build/Debug-iphoneos/Masonry.build/Objects-normal/arm64/MASLayoutConstraint.o -index-unit-output-path /Pods.build/Debug-iphoneos/Masonry.build/Objects-normal/arm64/MASLayoutConstraint.o
In file included from /Users/runner/work/hw-baidu-navi-specs/hw-baidu-navi-specs/probe/B/Pods/Masonry/Masonry/MASLayoutConstraint.m:9:
In file included from /Users/runner/work/hw-baidu-navi-specs/hw-baidu-navi-specs/probe/B/Pods/Masonry/Masonry/MASLayoutConstraint.h:9:
/Users/runner/work/hw-baidu-navi-specs/hw-baidu-navi-specs/probe/B/Pods/Masonry/Masonry/MASUtilities.h:84:26: warning: C99 forbids casting nonscalar type 'CGPoint' (aka 'struct CGPoint') to the same type [-Wpedantic]
        CGPoint actual = (CGPoint)va_arg(v, CGPoint);
                         ^        ~~~~~~~~~~~~~~~~~~
/Users/runner/work/hw-baidu-navi-specs/hw-baidu-navi-specs/probe/B/Pods/Masonry/Masonry/MASUtilities.h:87:25: warning: C99 forbids casting nonscalar type 'CGSize' (aka 'struct CGSize') to the same type [-Wpedantic]
        CGSize actual = (CGSize)va_arg(v, CGSize);
                        ^       ~~~~~~~~~~~~~~~~~
/Users/runner/work/hw-baidu-navi-specs/hw-baidu-navi-specs/probe/B/Pods/Masonry/Masonry/MASUtilities.h:90:32: warning: C99 forbids casting nonscalar type 'UIEdgeInsets' (aka 'struct UIEdgeInsets') to the same type [-Wpedantic]
        MASEdgeInsets actual = (MASEdgeInsets)va_arg(v, MASEdgeInsets);
                               ^              ~~~~~~~~~~~~~~~~~~~~~~~~
3 warnings generated.

CompileC /Users/runner/Library/Developer/Xcode/DerivedData/Probe-ekfbkukithifuccjqocbdrxgxvkg/Build/Intermediates.noindex/Pods.build/Debug-iphoneos/Masonry.build/Objects-normal/arm64/MASConstraintMaker.o /Users/runner/work/hw-baidu-navi-specs/hw-baidu-navi-specs/probe/B/Pods/Masonry/Masonry/MASConstraintMaker.m normal arm64 objective-c com.apple.compilers.llvm.clang.1_0.compiler (in target 'Masonry' from project 'Pods')
    cd /Users/runner/work/hw-baidu-navi-specs/hw-baidu-navi-specs/probe/B/Pods
    /Applications/Xcode_15.4.app/Contents/Developer/Toolchains/XcodeDefault.xctoolchain/usr/bin/clang -x objective-c -ivfsstatcache /Users/runner/Library/Developer/Xcode/DerivedData/SDKStatCaches.noindex/iphoneos17.5-21F77-f0fa7969d082b13145125136a829df3a.sdkstatcache -fmessage-length\=0 -fdiagnostics-show-note-include-stack -fmacro-backtrace-limit\=0 -fno-color-diagnostics -fmodules-prune-interval\=86400 -fmodules-prune-after\=345600 -fbuild-session-file\=/Users/runner/Library/Developer/Xcode/DerivedData/ModuleCache.noindex/Session.modulevalidation -fmodules-validate-once-per-build-session -Wnon-modular-include-in-framework-module -Werror\=non-modular-include-in-framework-module -Wno-trigraphs -Wno-missing-field-initializers -Wno-missing-prototypes -Werror\=return-type -Wdocumentation -Wunreachable-code -Wno-implicit-atomic-properties -Werror\=deprecated-objc-isa-usage -Wno-objc-interface-ivars -Werror\=objc-root-class -Wno-arc-repeated-use-of-weak -Wimplicit-retain-self -Wduplicate-method-match -Wno-missing-braces -Wparentheses -Wswitch -Wunused-function -Wno-unused-label -Wno-unused-parameter -Wunused-variable -Wunused-value -Wempty-body -Wuninitialized -Wconditional-uninitialized -Wno-unknown-pragmas -Wno-shadow -Wno-four-char-constants -Wno-conversion -Wconstant-conversion -Wint-conversion -Wbool-conversion -Wenum-conversion -Wno-float-conversion -Wnon-literal-null-conversion -Wobjc-literal-conversion -Wshorten-64-to-32 -Wpointer-sign -Wno-newline-eof -Wno-selector -Wno-strict-selector-match -Wundeclared-selector -Wdeprecated-implementations -Wno-implicit-fallthrough -fstrict-aliasing -Wprotocol -Wdeprecated-declarations -Wno-sign-conversion -Winfinite-recursion -Wcomma -Wblock-capture-autoreleasing -Wstrict-prototypes -Wno-semicolon-before-method-body -Wunguarded-availability -index-store-path /Users/runner/Library/Developer/Xcode/DerivedData/Probe-ekfbkukithifuccjqocbdrxgxvkg/Index.noindex/DataStore @/Users/runner/Library/Developer/Xcode/DerivedData/Probe-ekfbkukithifuccjqocbdrxgxvkg/Build/Intermediates.noindex/Pods.build/Debug-iphoneos/Masonry.build/Objects-normal/arm64/e6072d4f65d7061329687fe24e3d63a7-common-args.resp -include /Users/runner/work/hw-baidu-navi-specs/hw-baidu-navi-specs/probe/B/Pods/Target\ Support\ Files/Masonry/Masonry-prefix.pch -MMD -MT dependencies -MF /Users/runner/Library/Developer/Xcode/DerivedData/Probe-ekfbkukithifuccjqocbdrxgxvkg/Build/Intermediates.noindex/Pods.build/Debug-iphoneos/Masonry.build/Objects-normal/arm64/MASConstraintMaker.d --serialize-diagnostics /Users/runner/Library/Developer/Xcode/DerivedData/Probe-ekfbkukithifuccjqocbdrxgxvkg/Build/Intermediates.noindex/Pods.build/Debug-iphoneos/Masonry.build/Objects-normal/arm64/MASConstraintMaker.dia -c /Users/runner/work/hw-baidu-navi-specs/hw-baidu-navi-specs/probe/B/Pods/Masonry/Masonry/MASConstraintMaker.m -o /Users/runner/Library/Developer/Xcode/DerivedData/Probe-ekfbkukithifuccjqocbdrxgxvkg/Build/Intermediates.noindex/Pods.build/Debug-iphoneos/Masonry.build/Objects-normal/arm64/MASConstraintMaker.o -index-unit-output-path /Pods.build/Debug-iphoneos/Masonry.build/Objects-normal/arm64/MASConstraintMaker.o
In file included from /Users/runner/work/hw-baidu-navi-specs/hw-baidu-navi-specs/probe/B/Pods/Masonry/Masonry/MASConstraintMaker.m:9:
In file included from /Users/runner/work/hw-baidu-navi-specs/hw-baidu-navi-specs/probe/B/Pods/Masonry/Masonry/MASConstraintMaker.h:9:
In file included from /Users/runner/work/hw-baidu-navi-specs/hw-baidu-navi-specs/probe/B/Pods/Masonry/Masonry/MASConstraint.h:9:
/Users/runner/work/hw-baidu-navi-specs/hw-baidu-navi-specs/probe/B/Pods/Masonry/Masonry/MASUtilities.h:84:26: warning: C99 forbids casting nonscalar type 'CGPoint' (aka 'struct CGPoint') to the same type [-Wpedantic]
        CGPoint actual = (CGPoint)va_arg(v, CGPoint);
                         ^        ~~~~~~~~~~~~~~~~~~
/Users/runner/work/hw-baidu-navi-specs/hw-baidu-navi-specs/probe/B/Pods/Masonry/Masonry/MASUtilities.h:87:25: warning: C99 forbids casting nonscalar type 'CGSize' (aka 'struct CGSize') to the same type [-Wpedantic]
        CGSize actual = (CGSize)va_arg(v, CGSize);
                        ^       ~~~~~~~~~~~~~~~~~
/Users/runner/work/hw-baidu-navi-specs/hw-baidu-navi-specs/probe/B/Pods/Masonry/Masonry/MASUtilities.h:90:32: warning: C99 forbids casting nonscalar type 'UIEdgeInsets' (aka 'struct UIEdgeInsets') to the same type [-Wpedantic]
        MASEdgeInsets actual = (MASEdgeInsets)va_arg(v, MASEdgeInsets);
                               ^              ~~~~~~~~~~~~~~~~~~~~~~~~
3 warnings generated.

CompileC /Users/runner/Library/Developer/Xcode/DerivedData/Probe-ekfbkukithifuccjqocbdrxgxvkg/Build/Intermediates.noindex/Pods.build/Debug-iphoneos/Masonry.build/Objects-normal/arm64/MASConstraint.o /Users/runner/work/hw-baidu-navi-specs/hw-baidu-navi-specs/probe/B/Pods/Masonry/Masonry/MASConstraint.m normal arm64 objective-c com.apple.compilers.llvm.clang.1_0.compiler (in target 'Masonry' from project 'Pods')
    cd /Users/runner/work/hw-baidu-navi-specs/hw-baidu-navi-specs/probe/B/Pods
    /Applications/Xcode_15.4.app/Contents/Developer/Toolchains/XcodeDefault.xctoolchain/usr/bin/clang -x objective-c -ivfsstatcache /Users/runner/Library/Developer/Xcode/DerivedData/SDKStatCaches.noindex/iphoneos17.5-21F77-f0fa7969d082b13145125136a829df3a.sdkstatcache -fmessage-length\=0 -fdiagnostics-show-note-include-stack -fmacro-backtrace-limit\=0 -fno-color-diagnostics -fmodules-prune-interval\=86400 -fmodules-prune-after\=345600 -fbuild-session-file\=/Users/runner/Library/Developer/Xcode/DerivedData/ModuleCache.noindex/Session.modulevalidation -fmodules-validate-once-per-build-session -Wnon-modular-include-in-framework-module -Werror\=non-modular-include-in-framework-module -Wno-trigraphs -Wno-missing-field-initializers -Wno-missing-prototypes -Werror\=return-type -Wdocumentation -Wunreachable-code -Wno-implicit-atomic-properties -Werror\=deprecated-objc-isa-usage -Wno-objc-interface-ivars -Werror\=objc-root-class -Wno-arc-repeated-use-of-weak -Wimplicit-retain-self -Wduplicate-method-match -Wno-missing-braces -Wparentheses -Wswitch -Wunused-function -Wno-unused-label -Wno-unused-parameter -Wunused-variable -Wunused-value -Wempty-body -Wuninitialized -Wconditional-uninitialized -Wno-unknown-pragmas -Wno-shadow -Wno-four-char-constants -Wno-conversion -Wconstant-conversion -Wint-conversion -Wbool-conversion -Wenum-conversion -Wno-float-conversion -Wnon-literal-null-conversion -Wobjc-literal-conversion -Wshorten-64-to-32 -Wpointer-sign -Wno-newline-eof -Wno-selector -Wno-strict-selector-match -Wundeclared-selector -Wdeprecated-implementations -Wno-implicit-fallthrough -fstrict-aliasing -Wprotocol -Wdeprecated-declarations -Wno-sign-conversion -Winfinite-recursion -Wcomma -Wblock-capture-autoreleasing -Wstrict-prototypes -Wno-semicolon-before-method-body -Wunguarded-availability -index-store-path /Users/runner/Library/Developer/Xcode/DerivedData/Probe-ekfbkukithifuccjqocbdrxgxvkg/Index.noindex/DataStore @/Users/runner/Library/Developer/Xcode/DerivedData/Probe-ekfbkukithifuccjqocbdrxgxvkg/Build/Intermediates.noindex/Pods.build/Debug-iphoneos/Masonry.build/Objects-normal/arm64/e6072d4f65d7061329687fe24e3d63a7-common-args.resp -include /Users/runner/work/hw-baidu-navi-specs/hw-baidu-navi-specs/probe/B/Pods/Target\ Support\ Files/Masonry/Masonry-prefix.pch -MMD -MT dependencies -MF /Users/runner/Library/Developer/Xcode/DerivedData/Probe-ekfbkukithifuccjqocbdrxgxvkg/Build/Intermediates.noindex/Pods.build/Debug-iphoneos/Masonry.build/Objects-normal/arm64/MASConstraint.d --serialize-diagnostics /Users/runner/Library/Developer/Xcode/DerivedData/Probe-ekfbkukithifuccjqocbdrxgxvkg/Build/Intermediates.noindex/Pods.build/Debug-iphoneos/Masonry.build/Objects-normal/arm64/MASConstraint.dia -c /Users/runner/work/hw-baidu-navi-specs/hw-baidu-navi-specs/probe/B/Pods/Masonry/Masonry/MASConstraint.m -o /Users/runner/Library/Developer/Xcode/DerivedData/Probe-ekfbkukithifuccjqocbdrxgxvkg/Build/Intermediates.noindex/Pods.build/Debug-iphoneos/Masonry.build/Objects-normal/arm64/MASConstraint.o -index-unit-output-path /Pods.build/Debug-iphoneos/Masonry.build/Objects-normal/arm64/MASConstraint.o
In file included from /Users/runner/work/hw-baidu-navi-specs/hw-baidu-navi-specs/probe/B/Pods/Masonry/Masonry/MASConstraint.m:8:
In file included from /Users/runner/work/hw-baidu-navi-specs/hw-baidu-navi-specs/probe/B/Pods/Masonry/Masonry/MASConstraint.h:9:
/Users/runner/work/hw-baidu-navi-specs/hw-baidu-navi-specs/probe/B/Pods/Masonry/Masonry/MASUtilities.h:84:26: warning: C99 forbids casting nonscalar type 'CGPoint' (aka 'struct CGPoint') to the same type [-Wpedantic]
        CGPoint actual = (CGPoint)va_arg(v, CGPoint);
                         ^        ~~~~~~~~~~~~~~~~~~
/Users/runner/work/hw-baidu-navi-specs/hw-baidu-navi-specs/probe/B/Pods/Masonry/Masonry/MASUtilities.h:87:25: warning: C99 forbids casting nonscalar type 'CGSize' (aka 'struct CGSize') to the same type [-Wpedantic]
        CGSize actual = (CGSize)va_arg(v, CGSize);
                        ^       ~~~~~~~~~~~~~~~~~
/Users/runner/work/hw-baidu-navi-specs/hw-baidu-navi-specs/probe/B/Pods/Masonry/Masonry/MASUtilities.h:90:32: warning: C99 forbids casting nonscalar type 'UIEdgeInsets' (aka 'struct UIEdgeInsets') to the same type [-Wpedantic]
        MASEdgeInsets actual = (MASEdgeInsets)va_arg(v, MASEdgeInsets);
                               ^              ~~~~~~~~~~~~~~~~~~~~~~~~
3 warnings generated.

CompileC /Users/runner/Library/Developer/Xcode/DerivedData/Probe-ekfbkukithifuccjqocbdrxgxvkg/Build/Intermediates.noindex/Pods.build/Debug-iphoneos/Masonry.build/Objects-normal/arm64/MASCompositeConstraint.o /Users/runner/work/hw-baidu-navi-specs/hw-baidu-navi-specs/probe/B/Pods/Masonry/Masonry/MASCompositeConstraint.m normal arm64 objective-c com.apple.compilers.llvm.clang.1_0.compiler (in target 'Masonry' from project 'Pods')
    cd /Users/runner/work/hw-baidu-navi-specs/hw-baidu-navi-specs/probe/B/Pods
    /Applications/Xcode_15.4.app/Contents/Developer/Toolchains/XcodeDefault.xctoolchain/usr/bin/clang -x objective-c -ivfsstatcache /Users/runner/Library/Developer/Xcode/DerivedData/SDKStatCaches.noindex/iphoneos17.5-21F77-f0fa7969d082b13145125136a829df3a.sdkstatcache -fmessage-length\=0 -fdiagnostics-show-note-include-stack -fmacro-backtrace-limit\=0 -fno-color-diagnostics -fmodules-prune-interval\=86400 -fmodules-prune-after\=345600 -fbuild-session-file\=/Users/runner/Library/Developer/Xcode/DerivedData/ModuleCache.noindex/Session.modulevalidation -fmodules-validate-once-per-build-session -Wnon-modular-include-in-framework-module -Werror\=non-modular-include-in-framework-module -Wno-trigraphs -Wno-missing-field-initializers -Wno-missing-prototypes -Werror\=return-type -Wdocumentation -Wunreachable-code -Wno-implicit-atomic-properties -Werror\=deprecated-objc-isa-usage -Wno-objc-interface-ivars -Werror\=objc-root-class -Wno-arc-repeated-use-of-weak -Wimplicit-retain-self -Wduplicate-method-match -Wno-missing-braces -Wparentheses -Wswitch -Wunused-function -Wno-unused-label -Wno-unused-parameter -Wunused-variable -Wunused-value -Wempty-body -Wuninitialized -Wconditional-uninitialized -Wno-unknown-pragmas -Wno-shadow -Wno-four-char-constants -Wno-conversion -Wconstant-conversion -Wint-conversion -Wbool-conversion -Wenum-conversion -Wno-float-conversion -Wnon-literal-null-conversion -Wobjc-literal-conversion -Wshorten-64-to-32 -Wpointer-sign -Wno-newline-eof -Wno-selector -Wno-strict-selector-match -Wundeclared-selector -Wdeprecated-implementations -Wno-implicit-fallthrough -fstrict-aliasing -Wprotocol -Wdeprecated-declarations -Wno-sign-conversion -Winfinite-recursion -Wcomma -Wblock-capture-autoreleasing -Wstrict-prototypes -Wno-semicolon-before-method-body -Wunguarded-availability -index-store-path /Users/runner/Library/Developer/Xcode/DerivedData/Probe-ekfbkukithifuccjqocbdrxgxvkg/Index.noindex/DataStore @/Users/runner/Library/Developer/Xcode/DerivedData/Probe-ekfbkukithifuccjqocbdrxgxvkg/Build/Intermediates.noindex/Pods.build/Debug-iphoneos/Masonry.build/Objects-normal/arm64/e6072d4f65d7061329687fe24e3d63a7-common-args.resp -include /Users/runner/work/hw-baidu-navi-specs/hw-baidu-navi-specs/probe/B/Pods/Target\ Support\ Files/Masonry/Masonry-prefix.pch -MMD -MT dependencies -MF /Users/runner/Library/Developer/Xcode/DerivedData/Probe-ekfbkukithifuccjqocbdrxgxvkg/Build/Intermediates.noindex/Pods.build/Debug-iphoneos/Masonry.build/Objects-normal/arm64/MASCompositeConstraint.d --serialize-diagnostics /Users/runner/Library/Developer/Xcode/DerivedData/Probe-ekfbkukithifuccjqocbdrxgxvkg/Build/Intermediates.noindex/Pods.build/Debug-iphoneos/Masonry.build/Objects-normal/arm64/MASCompositeConstraint.dia -c /Users/runner/work/hw-baidu-navi-specs/hw-baidu-navi-specs/probe/B/Pods/Masonry/Masonry/MASCompositeConstraint.m -o /Users/runner/Library/Developer/Xcode/DerivedData/Probe-ekfbkukithifuccjqocbdrxgxvkg/Build/Intermediates.noindex/Pods.build/Debug-iphoneos/Masonry.build/Objects-normal/arm64/MASCompositeConstraint.o -index-unit-output-path /Pods.build/Debug-iphoneos/Masonry.build/Objects-normal/arm64/MASCompositeConstraint.o
In file included from /Users/runner/work/hw-baidu-navi-specs/hw-baidu-navi-specs/probe/B/Pods/Masonry/Masonry/MASCompositeConstraint.m:9:
In file included from /Users/runner/work/hw-baidu-navi-specs/hw-baidu-navi-specs/probe/B/Pods/Masonry/Masonry/MASCompositeConstraint.h:9:
In file included from /Users/runner/work/hw-baidu-navi-specs/hw-baidu-navi-specs/probe/B/Pods/Masonry/Masonry/MASConstraint.h:9:
/Users/runner/work/hw-baidu-navi-specs/hw-baidu-navi-specs/probe/B/Pods/Masonry/Masonry/MASUtilities.h:84:26: warning: C99 forbids casting nonscalar type 'CGPoint' (aka 'struct CGPoint') to the same type [-Wpedantic]
        CGPoint actual = (CGPoint)va_arg(v, CGPoint);
                         ^        ~~~~~~~~~~~~~~~~~~
/Users/runner/work/hw-baidu-navi-specs/hw-baidu-navi-specs/probe/B/Pods/Masonry/Masonry/MASUtilities.h:87:25: warning: C99 forbids casting nonscalar type 'CGSize' (aka 'struct CGSize') to the same type [-Wpedantic]
        CGSize actual = (CGSize)va_arg(v, CGSize);
                        ^       ~~~~~~~~~~~~~~~~~
/Users/runner/work/hw-baidu-navi-specs/hw-baidu-navi-specs/probe/B/Pods/Masonry/Masonry/MASUtilities.h:90:32: warning: C99 forbids casting nonscalar type 'UIEdgeInsets' (aka 'struct UIEdgeInsets') to the same type [-Wpedantic]
        MASEdgeInsets actual = (MASEdgeInsets)va_arg(v, MASEdgeInsets);
                               ^              ~~~~~~~~~~~~~~~~~~~~~~~~
3 warnings generated.

Libtool /Users/runner/Library/Developer/Xcode/DerivedData/Probe-ekfbkukithifuccjqocbdrxgxvkg/Build/Products/Debug-iphoneos/Masonry/Masonry.framework/Masonry normal (in target 'Masonry' from project 'Pods')
    cd /Users/runner/work/hw-baidu-navi-specs/hw-baidu-navi-specs/probe/B/Pods
    /Applications/Xcode_15.4.app/Contents/Developer/Toolchains/XcodeDefault.xctoolchain/usr/bin/libtool -static -arch_only arm64 -D -syslibroot /Applications/Xcode_15.4.app/Contents/Developer/Platforms/iPhoneOS.platform/Developer/SDKs/iPhoneOS17.5.sdk -L/Users/runner/Library/Developer/Xcode/DerivedData/Probe-ekfbkukithifuccjqocbdrxgxvkg/Build/Products/Debug-iphoneos/Masonry -filelist /Users/runner/Library/Developer/Xcode/DerivedData/Probe-ekfbkukithifuccjqocbdrxgxvkg/Build/Intermediates.noindex/Pods.build/Debug-iphoneos/Masonry.build/Objects-normal/arm64/Masonry.LinkFileList -framework Foundation -framework UIKit -dependency_info /Users/runner/Library/Developer/Xcode/DerivedData/Probe-ekfbkukithifuccjqocbdrxgxvkg/Build/Intermediates.noindex/Pods.build/Debug-iphoneos/Masonry.build/Objects-normal/arm64/Masonry_libtool_dependency_info.dat -o /Users/runner/Library/Developer/Xcode/DerivedData/Probe-ekfbkukithifuccjqocbdrxgxvkg/Build/Products/Debug-iphoneos/Masonry/Masonry.framework/Masonry

RegisterExecutionPolicyException /Users/runner/Library/Developer/Xcode/DerivedData/Probe-ekfbkukithifuccjqocbdrxgxvkg/Build/Products/Debug-iphoneos/Masonry/Masonry.framework (in target 'Masonry' from project 'Pods')
    cd /Users/runner/work/hw-baidu-navi-specs/hw-baidu-navi-specs/probe/B/Pods
    builtin-RegisterExecutionPolicyException /Users/runner/Library/Developer/Xcode/DerivedData/Probe-ekfbkukithifuccjqocbdrxgxvkg/Build/Products/Debug-iphoneos/Masonry/Masonry.framework

Touch /Users/runner/Library/Developer/Xcode/DerivedData/Probe-ekfbkukithifuccjqocbdrxgxvkg/Build/Products/Debug-iphoneos/Masonry/Masonry.framework (in target 'Masonry' from project 'Pods')
    cd /Users/runner/work/hw-baidu-navi-specs/hw-baidu-navi-specs/probe/B/Pods
    /usr/bin/touch -c /Users/runner/Library/Developer/Xcode/DerivedData/Probe-ekfbkukithifuccjqocbdrxgxvkg/Build/Products/Debug-iphoneos/Masonry/Masonry.framework

ProcessInfoPlistFile /Users/runner/Library/Developer/Xcode/DerivedData/Probe-ekfbkukithifuccjqocbdrxgxvkg/Build/Products/Debug-iphoneos/Pods_unimoduleProbe.framework/Info.plist /Users/runner/work/hw-baidu-navi-specs/hw-baidu-navi-specs/probe/B/Pods/Target\ Support\ Files/Pods-unimoduleProbe/Pods-unimoduleProbe-Info.plist (in target 'Pods-unimoduleProbe' from project 'Pods')
    cd /Users/runner/work/hw-baidu-navi-specs/hw-baidu-navi-specs/probe/B/Pods
    builtin-infoPlistUtility /Users/runner/work/hw-baidu-navi-specs/hw-baidu-navi-specs/probe/B/Pods/Target\ Support\ Files/Pods-unimoduleProbe/Pods-unimoduleProbe-Info.plist -producttype com.apple.product-type.framework -expandbuildsettings -format binary -platform iphoneos -requiredArchitecture arm64 -o /Users/runner/Library/Developer/Xcode/DerivedData/Probe-ekfbkukithifuccjqocbdrxgxvkg/Build/Products/Debug-iphoneos/Pods_unimoduleProbe.framework/Info.plist

WriteAuxiliaryFile /Users/runner/Library/Developer/Xcode/DerivedData/Probe-ekfbkukithifuccjqocbdrxgxvkg/Build/Intermediates.noindex/Pods.build/Debug-iphoneos/Pods-unimoduleProbe.build/Objects-normal/arm64/Pods_unimoduleProbe.LinkFileList (in target 'Pods-unimoduleProbe' from project 'Pods')
    cd /Users/runner/work/hw-baidu-navi-specs/hw-baidu-navi-specs/probe/B/Pods
    write-file /Users/runner/Library/Developer/Xcode/DerivedData/Probe-ekfbkukithifuccjqocbdrxgxvkg/Build/Intermediates.noindex/Pods.build/Debug-iphoneos/Pods-unimoduleProbe.build/Objects-normal/arm64/Pods_unimoduleProbe.LinkFileList

Libtool /Users/runner/Library/Developer/Xcode/DerivedData/Probe-ekfbkukithifuccjqocbdrxgxvkg/Build/Products/Debug-iphoneos/Pods_unimoduleProbe.framework/Pods_unimoduleProbe normal (in target 'Pods-unimoduleProbe' from project 'Pods')
    cd /Users/runner/work/hw-baidu-navi-specs/hw-baidu-navi-specs/probe/B/Pods
    /Applications/Xcode_15.4.app/Contents/Developer/Toolchains/XcodeDefault.xctoolchain/usr/bin/libtool -static -arch_only arm64 -D -syslibroot /Applications/Xcode_15.4.app/Contents/Developer/Platforms/iPhoneOS.platform/Developer/SDKs/iPhoneOS17.5.sdk -L/Users/runner/Library/Developer/Xcode/DerivedData/Probe-ekfbkukithifuccjqocbdrxgxvkg/Build/Products/Debug-iphoneos -L/Users/runner/work/hw-baidu-navi-specs/hw-baidu-navi-specs/probe/B/Pods/BaiduNaviKit3/MapSDK/thirdlibs -filelist /Users/runner/Library/Developer/Xcode/DerivedData/Probe-ekfbkukithifuccjqocbdrxgxvkg/Build/Intermediates.noindex/Pods.build/Debug-iphoneos/Pods-unimoduleProbe.build/Objects-normal/arm64/Pods_unimoduleProbe.LinkFileList -framework Foundation -dependency_info /Users/runner/Library/Developer/Xcode/DerivedData/Probe-ekfbkukithifuccjqocbdrxgxvkg/Build/Intermediates.noindex/Pods.build/Debug-iphoneos/Pods-unimoduleProbe.build/Objects-normal/arm64/Pods_unimoduleProbe_libtool_dependency_info.dat -o /Users/runner/Library/Developer/Xcode/DerivedData/Probe-ekfbkukithifuccjqocbdrxgxvkg/Build/Products/Debug-iphoneos/Pods_unimoduleProbe.framework/Pods_unimoduleProbe

RegisterExecutionPolicyException /Users/runner/Library/Developer/Xcode/DerivedData/Probe-ekfbkukithifuccjqocbdrxgxvkg/Build/Products/Debug-iphoneos/Pods_unimoduleProbe.framework (in target 'Pods-unimoduleProbe' from project 'Pods')
    cd /Users/runner/work/hw-baidu-navi-specs/hw-baidu-navi-specs/probe/B/Pods
    builtin-RegisterExecutionPolicyException /Users/runner/Library/Developer/Xcode/DerivedData/Probe-ekfbkukithifuccjqocbdrxgxvkg/Build/Products/Debug-iphoneos/Pods_unimoduleProbe.framework

Touch /Users/runner/Library/Developer/Xcode/DerivedData/Probe-ekfbkukithifuccjqocbdrxgxvkg/Build/Products/Debug-iphoneos/Pods_unimoduleProbe.framework (in target 'Pods-unimoduleProbe' from project 'Pods')
    cd /Users/runner/work/hw-baidu-navi-specs/hw-baidu-navi-specs/probe/B/Pods
    /usr/bin/touch -c /Users/runner/Library/Developer/Xcode/DerivedData/Probe-ekfbkukithifuccjqocbdrxgxvkg/Build/Products/Debug-iphoneos/Pods_unimoduleProbe.framework

WriteAuxiliaryFile /Users/runner/Library/Developer/Xcode/DerivedData/Probe-ekfbkukithifuccjqocbdrxgxvkg/Build/Intermediates.noindex/Probe.build/Debug-iphoneos/unimoduleProbe.build/Script-E1E40BDF53A0601A859E99FF.sh (in target 'unimoduleProbe' from project 'Probe')
    cd /Users/runner/work/hw-baidu-navi-specs/hw-baidu-navi-specs/probe/B
    write-file /Users/runner/Library/Developer/Xcode/DerivedData/Probe-ekfbkukithifuccjqocbdrxgxvkg/Build/Intermediates.noindex/Probe.build/Debug-iphoneos/unimoduleProbe.build/Script-E1E40BDF53A0601A859E99FF.sh

PhaseScriptExecution [CP]\ Check\ Pods\ Manifest.lock /Users/runner/Library/Developer/Xcode/DerivedData/Probe-ekfbkukithifuccjqocbdrxgxvkg/Build/Intermediates.noindex/Probe.build/Debug-iphoneos/unimoduleProbe.build/Script-E1E40BDF53A0601A859E99FF.sh (in target 'unimoduleProbe' from project 'Probe')
    cd /Users/runner/work/hw-baidu-navi-specs/hw-baidu-navi-specs/probe/B
    /bin/sh -c /Users/runner/Library/Developer/Xcode/DerivedData/Probe-ekfbkukithifuccjqocbdrxgxvkg/Build/Intermediates.noindex/Probe.build/Debug-iphoneos/unimoduleProbe.build/Script-E1E40BDF53A0601A859E99FF.sh

WriteAuxiliaryFile /Users/runner/Library/Developer/Xcode/DerivedData/Probe-ekfbkukithifuccjqocbdrxgxvkg/Build/Intermediates.noindex/Probe.build/Debug-iphoneos/unimoduleProbe.build/Objects-normal/arm64/unimoduleProbe.LinkFileList (in target 'unimoduleProbe' from project 'Probe')
    cd /Users/runner/work/hw-baidu-navi-specs/hw-baidu-navi-specs/probe/B
    write-file /Users/runner/Library/Developer/Xcode/DerivedData/Probe-ekfbkukithifuccjqocbdrxgxvkg/Build/Intermediates.noindex/Probe.build/Debug-iphoneos/unimoduleProbe.build/Objects-normal/arm64/unimoduleProbe.LinkFileList

WriteAuxiliaryFile /Users/runner/Library/Developer/Xcode/DerivedData/Probe-ekfbkukithifuccjqocbdrxgxvkg/Build/Intermediates.noindex/Probe.build/Debug-iphoneos/unimoduleProbe.build/Objects-normal/arm64/unimoduleProbe_const_extract_protocols.json (in target 'unimoduleProbe' from project 'Probe')
    cd /Users/runner/work/hw-baidu-navi-specs/hw-baidu-navi-specs/probe/B
    write-file /Users/runner/Library/Developer/Xcode/DerivedData/Probe-ekfbkukithifuccjqocbdrxgxvkg/Build/Intermediates.noindex/Probe.build/Debug-iphoneos/unimoduleProbe.build/Objects-normal/arm64/unimoduleProbe_const_extract_protocols.json

WriteAuxiliaryFile /Users/runner/Library/Developer/Xcode/DerivedData/Probe-ekfbkukithifuccjqocbdrxgxvkg/Build/Intermediates.noindex/Probe.build/Debug-iphoneos/unimoduleProbe.build/Objects-normal/arm64/unimoduleProbe.SwiftFileList (in target 'unimoduleProbe' from project 'Probe')
    cd /Users/runner/work/hw-baidu-navi-specs/hw-baidu-navi-specs/probe/B
    write-file /Users/runner/Library/Developer/Xcode/DerivedData/Probe-ekfbkukithifuccjqocbdrxgxvkg/Build/Intermediates.noindex/Probe.build/Debug-iphoneos/unimoduleProbe.build/Objects-normal/arm64/unimoduleProbe.SwiftFileList

WriteAuxiliaryFile /Users/runner/Library/Developer/Xcode/DerivedData/Probe-ekfbkukithifuccjqocbdrxgxvkg/Build/Intermediates.noindex/Probe.build/Debug-iphoneos/unimoduleProbe.build/Objects-normal/arm64/unimoduleProbe-OutputFileMap.json (in target 'unimoduleProbe' from project 'Probe')
    cd /Users/runner/work/hw-baidu-navi-specs/hw-baidu-navi-specs/probe/B
    write-file /Users/runner/Library/Developer/Xcode/DerivedData/Probe-ekfbkukithifuccjqocbdrxgxvkg/Build/Intermediates.noindex/Probe.build/Debug-iphoneos/unimoduleProbe.build/Objects-normal/arm64/unimoduleProbe-OutputFileMap.json

WriteAuxiliaryFile /Users/runner/Library/Developer/Xcode/DerivedData/Probe-ekfbkukithifuccjqocbdrxgxvkg/Build/Intermediates.noindex/Probe.build/Debug-iphoneos/unimoduleProbe.build/Objects-normal/arm64/e6072d4f65d7061329687fe24e3d63a7-common-args.resp (in target 'unimoduleProbe' from project 'Probe')
    cd /Users/runner/work/hw-baidu-navi-specs/hw-baidu-navi-specs/probe/B
    write-file /Users/runner/Library/Developer/Xcode/DerivedData/Probe-ekfbkukithifuccjqocbdrxgxvkg/Build/Intermediates.noindex/Probe.build/Debug-iphoneos/unimoduleProbe.build/Objects-normal/arm64/e6072d4f65d7061329687fe24e3d63a7-common-args.resp
-target arm64-apple-ios14.0 '-std=gnu11' -fobjc-arc -fmodules -gmodules '-fmodules-cache-path=/Users/runner/Library/Developer/Xcode/DerivedData/ModuleCache.noindex' '-fmodule-name=unimoduleProbe' -fpascal-strings -O0 -fno-common '-DDEBUG=1' '-DCOCOAPODS=1' '-DOBJC_OLD_DISPATCH_PROTOTYPES=0' -isysroot /Applications/Xcode_15.4.app/Contents/Developer/Platforms/iPhoneOS.platform/Developer/SDKs/iPhoneOS17.5.sdk -g -iquote /Users/runner/Library/Developer/Xcode/DerivedData/Probe-ekfbkukithifuccjqocbdrxgxvkg/Build/Intermediates.noindex/Probe.build/Debug-iphoneos/unimoduleProbe.build/unimoduleProbe-generated-files.hmap -I/Users/runner/Library/Developer/Xcode/DerivedData/Probe-ekfbkukithifuccjqocbdrxgxvkg/Build/Intermediates.noindex/Probe.build/Debug-iphoneos/unimoduleProbe.build/unimoduleProbe-own-target-headers.hmap -I/Users/runner/Library/Developer/Xcode/DerivedData/Probe-ekfbkukithifuccjqocbdrxgxvkg/Build/Intermediates.noindex/Probe.build/Debug-iphoneos/unimoduleProbe.build/unimoduleProbe-all-non-framework-target-headers.hmap -ivfsoverlay /Users/runner/Library/Developer/Xcode/DerivedData/Probe-ekfbkukithifuccjqocbdrxgxvkg/Build/Intermediates.noindex/Probe.build/Debug-iphoneos/unimoduleProbe.build/all-product-headers.yaml -iquote /Users/runner/Library/Developer/Xcode/DerivedData/Probe-ekfbkukithifuccjqocbdrxgxvkg/Build/Intermediates.noindex/Probe.build/Debug-iphoneos/unimoduleProbe.build/unimoduleProbe-project-headers.hmap -I/Users/runner/Library/Developer/Xcode/DerivedData/Probe-ekfbkukithifuccjqocbdrxgxvkg/Build/Products/Debug-iphoneos/include -I/Users/runner/Library/Developer/Xcode/DerivedData/Probe-ekfbkukithifuccjqocbdrxgxvkg/Build/Products/Debug-iphoneos/Masonry/Masonry.framework/Headers -I/Users/runner/Library/Developer/Xcode/DerivedData/Probe-ekfbkukithifuccjqocbdrxgxvkg/Build/Intermediates.noindex/Probe.build/Debug-iphoneos/unimoduleProbe.build/DerivedSources-normal/arm64 -I/Users/runner/Library/Developer/Xcode/DerivedData/Probe-ekfbkukithifuccjqocbdrxgxvkg/Build/Intermediates.noindex/Probe.build/Debug-iphoneos/unimoduleProbe.build/DerivedSources/arm64 -I/Users/runner/Library/Developer/Xcode/DerivedData/Probe-ekfbkukithifuccjqocbdrxgxvkg/Build/Intermediates.noindex/Probe.build/Debug-iphoneos/unimoduleProbe.build/DerivedSources -F/Users/runner/Library/Developer/Xcode/DerivedData/Probe-ekfbkukithifuccjqocbdrxgxvkg/Build/Products/Debug-iphoneos -F/Users/runner/Library/Developer/Xcode/DerivedData/Probe-ekfbkukithifuccjqocbdrxgxvkg/Build/Products/Debug-iphoneos/Masonry -F/Users/runner/work/hw-baidu-navi-specs/hw-baidu-navi-specs/probe/B/Pods/BaiduNaviKit3 -F/Users/runner/work/hw-baidu-navi-specs/hw-baidu-navi-specs/probe/B/Pods/BaiduNaviKit3/BaiduTraceKit -F/Users/runner/work/hw-baidu-navi-specs/hw-baidu-navi-specs/probe/B/Pods/BaiduNaviKit3/MapSDK -F/Users/runner/work/hw-baidu-navi-specs/hw-baidu-navi-specs/probe/B/Pods/OpenCV
WriteAuxiliaryFile /Users/runner/Library/Developer/Xcode/DerivedData/Probe-ekfbkukithifuccjqocbdrxgxvkg/Build/Intermediates.noindex/Probe.build/Debug-iphoneos/unimoduleProbe.build/Objects-normal/arm64/7187679823f38a2a940e0043cdf9d637-common-args.resp (in target 'unimoduleProbe' from project 'Probe')
    cd /Users/runner/work/hw-baidu-navi-specs/hw-baidu-navi-specs/probe/B
    write-file /Users/runner/Library/Developer/Xcode/DerivedData/Probe-ekfbkukithifuccjqocbdrxgxvkg/Build/Intermediates.noindex/Probe.build/Debug-iphoneos/unimoduleProbe.build/Objects-normal/arm64/7187679823f38a2a940e0043cdf9d637-common-args.resp
-target arm64-apple-ios14.0 '-std=gnu11' -fmodules -gmodules '-fmodules-cache-path=/Users/runner/Library/Developer/Xcode/DerivedData/ModuleCache.noindex' '-fmodule-name=unimoduleProbe' -fpascal-strings -O0 -fno-common '-DDEBUG=1' '-DCOCOAPODS=1' -isysroot /Applications/Xcode_15.4.app/Contents/Developer/Platforms/iPhoneOS.platform/Developer/SDKs/iPhoneOS17.5.sdk -g -iquote /Users/runner/Library/Developer/Xcode/DerivedData/Probe-ekfbkukithifuccjqocbdrxgxvkg/Build/Intermediates.noindex/Probe.build/Debug-iphoneos/unimoduleProbe.build/unimoduleProbe-generated-files.hmap -I/Users/runner/Library/Developer/Xcode/DerivedData/Probe-ekfbkukithifuccjqocbdrxgxvkg/Build/Intermediates.noindex/Probe.build/Debug-iphoneos/unimoduleProbe.build/unimoduleProbe-own-target-headers.hmap -I/Users/runner/Library/Developer/Xcode/DerivedData/Probe-ekfbkukithifuccjqocbdrxgxvkg/Build/Intermediates.noindex/Probe.build/Debug-iphoneos/unimoduleProbe.build/unimoduleProbe-all-non-framework-target-headers.hmap -ivfsoverlay /Users/runner/Library/Developer/Xcode/DerivedData/Probe-ekfbkukithifuccjqocbdrxgxvkg/Build/Intermediates.noindex/Probe.build/Debug-iphoneos/unimoduleProbe.build/all-product-headers.yaml -iquote /Users/runner/Library/Developer/Xcode/DerivedData/Probe-ekfbkukithifuccjqocbdrxgxvkg/Build/Intermediates.noindex/Probe.build/Debug-iphoneos/unimoduleProbe.build/unimoduleProbe-project-headers.hmap -I/Users/runner/Library/Developer/Xcode/DerivedData/Probe-ekfbkukithifuccjqocbdrxgxvkg/Build/Products/Debug-iphoneos/include -I/Users/runner/Library/Developer/Xcode/DerivedData/Probe-ekfbkukithifuccjqocbdrxgxvkg/Build/Products/Debug-iphoneos/Masonry/Masonry.framework/Headers -I/Users/runner/Library/Developer/Xcode/DerivedData/Probe-ekfbkukithifuccjqocbdrxgxvkg/Build/Intermediates.noindex/Probe.build/Debug-iphoneos/unimoduleProbe.build/DerivedSources-normal/arm64 -I/Users/runner/Library/Developer/Xcode/DerivedData/Probe-ekfbkukithifuccjqocbdrxgxvkg/Build/Intermediates.noindex/Probe.build/Debug-iphoneos/unimoduleProbe.build/DerivedSources/arm64 -I/Users/runner/Library/Developer/Xcode/DerivedData/Probe-ekfbkukithifuccjqocbdrxgxvkg/Build/Intermediates.noindex/Probe.build/Debug-iphoneos/unimoduleProbe.build/DerivedSources -F/Users/runner/Library/Developer/Xcode/DerivedData/Probe-ekfbkukithifuccjqocbdrxgxvkg/Build/Products/Debug-iphoneos -F/Users/runner/Library/Developer/Xcode/DerivedData/Probe-ekfbkukithifuccjqocbdrxgxvkg/Build/Products/Debug-iphoneos/Masonry -F/Users/runner/work/hw-baidu-navi-specs/hw-baidu-navi-specs/probe/B/Pods/BaiduNaviKit3 -F/Users/runner/work/hw-baidu-navi-specs/hw-baidu-navi-specs/probe/B/Pods/BaiduNaviKit3/BaiduTraceKit -F/Users/runner/work/hw-baidu-navi-specs/hw-baidu-navi-specs/probe/B/Pods/BaiduNaviKit3/MapSDK -F/Users/runner/work/hw-baidu-navi-specs/hw-baidu-navi-specs/probe/B/Pods/OpenCV
WriteAuxiliaryFile /Users/runner/Library/Developer/Xcode/DerivedData/Probe-ekfbkukithifuccjqocbdrxgxvkg/Build/Intermediates.noindex/Probe.build/Debug-iphoneos/unimoduleProbe.build/DerivedSources/unimoduleProbe_vers.c (in target 'unimoduleProbe' from project 'Probe')
    cd /Users/runner/work/hw-baidu-navi-specs/hw-baidu-navi-specs/probe/B
    write-file /Users/runner/Library/Developer/Xcode/DerivedData/Probe-ekfbkukithifuccjqocbdrxgxvkg/Build/Intermediates.noindex/Probe.build/Debug-iphoneos/unimoduleProbe.build/DerivedSources/unimoduleProbe_vers.c

SwiftDriver unimoduleProbe normal arm64 com.apple.xcode.tools.swift.compiler (in target 'unimoduleProbe' from project 'Probe')
    cd /Users/runner/work/hw-baidu-navi-specs/hw-baidu-navi-specs/probe/B
    builtin-SwiftDriver -- /Applications/Xcode_15.4.app/Contents/Developer/Toolchains/XcodeDefault.xctoolchain/usr/bin/swiftc -module-name unimoduleProbe -Onone -enforce-exclusivity\=checked @/Users/runner/Library/Developer/Xcode/DerivedData/Probe-ekfbkukithifuccjqocbdrxgxvkg/Build/Intermediates.noindex/Probe.build/Debug-iphoneos/unimoduleProbe.build/Objects-normal/arm64/unimoduleProbe.SwiftFileList -DDEBUG -sdk /Applications/Xcode_15.4.app/Contents/Developer/Platforms/iPhoneOS.platform/Developer/SDKs/iPhoneOS17.5.sdk -target arm64-apple-ios14.0 -enable-bare-slash-regex -g -module-cache-path /Users/runner/Library/Developer/Xcode/DerivedData/ModuleCache.noindex -Xfrontend -serialize-debugging-options -enable-testing -index-store-path /Users/runner/Library/Developer/Xcode/DerivedData/Probe-ekfbkukithifuccjqocbdrxgxvkg/Index.noindex/DataStore -swift-version 5 -I /Users/runner/Library/Developer/Xcode/DerivedData/Probe-ekfbkukithifuccjqocbdrxgxvkg/Build/Products/Debug-iphoneos -F /Users/runner/Library/Developer/Xcode/DerivedData/Probe-ekfbkukithifuccjqocbdrxgxvkg/Build/Products/Debug-iphoneos -F /Users/runner/Library/Developer/Xcode/DerivedData/Probe-ekfbkukithifuccjqocbdrxgxvkg/Build/Products/Debug-iphoneos/Masonry -F /Users/runner/work/hw-baidu-navi-specs/hw-baidu-navi-specs/probe/B/Pods/BaiduNaviKit3 -F /Users/runner/work/hw-baidu-navi-specs/hw-baidu-navi-specs/probe/B/Pods/BaiduNaviKit3/BaiduTraceKit -F /Users/runner/work/hw-baidu-navi-specs/hw-baidu-navi-specs/probe/B/Pods/BaiduNaviKit3/MapSDK -F /Users/runner/work/hw-baidu-navi-specs/hw-baidu-navi-specs/probe/B/Pods/OpenCV -parse-as-library -c -j3 -enable-batch-mode -incremental -Xcc -ivfsstatcache -Xcc /Users/runner/Library/Developer/Xcode/DerivedData/SDKStatCaches.noindex/iphoneos17.5-21F77-f0fa7969d082b13145125136a829df3a.sdkstatcache -output-file-map /Users/runner/Library/Developer/Xcode/DerivedData/Probe-ekfbkukithifuccjqocbdrxgxvkg/Build/Intermediates.noindex/Probe.build/Debug-iphoneos/unimoduleProbe.build/Objects-normal/arm64/unimoduleProbe-OutputFileMap.json -use-frontend-parseable-output -save-temps -no-color-diagnostics -serialize-diagnostics -emit-dependencies -emit-module -emit-module-path /Users/runner/Library/Developer/Xcode/DerivedData/Probe-ekfbkukithifuccjqocbdrxgxvkg/Build/Intermediates.noindex/Probe.build/Debug-iphoneos/unimoduleProbe.build/Objects-normal/arm64/unimoduleProbe.swiftmodule -validate-clang-modules-once -clang-build-session-file /Users/runner/Library/Developer/Xcode/DerivedData/ModuleCache.noindex/Session.modulevalidation -Xcc -I/Users/runner/Library/Developer/Xcode/DerivedData/Probe-ekfbkukithifuccjqocbdrxgxvkg/Build/Intermediates.noindex/Probe.build/Debug-iphoneos/unimoduleProbe.build/swift-overrides.hmap -emit-const-values -Xfrontend -const-gather-protocols-file -Xfrontend /Users/runner/Library/Developer/Xcode/DerivedData/Probe-ekfbkukithifuccjqocbdrxgxvkg/Build/Intermediates.noindex/Probe.build/Debug-iphoneos/unimoduleProbe.build/Objects-normal/arm64/unimoduleProbe_const_extract_protocols.json -Xcc -iquote -Xcc /Users/runner/Library/Developer/Xcode/DerivedData/Probe-ekfbkukithifuccjqocbdrxgxvkg/Build/Intermediates.noindex/Probe.build/Debug-iphoneos/unimoduleProbe.build/unimoduleProbe-generated-files.hmap -Xcc -I/Users/runner/Library/Developer/Xcode/DerivedData/Probe-ekfbkukithifuccjqocbdrxgxvkg/Build/Intermediates.noindex/Probe.build/Debug-iphoneos/unimoduleProbe.build/unimoduleProbe-own-target-headers.hmap -Xcc -I/Users/runner/Library/Developer/Xcode/DerivedData/Probe-ekfbkukithifuccjqocbdrxgxvkg/Build/Intermediates.noindex/Probe.build/Debug-iphoneos/unimoduleProbe.build/unimoduleProbe-all-non-framework-target-headers.hmap -Xcc -ivfsoverlay -Xcc /Users/runner/Library/Developer/Xcode/DerivedData/Probe-ekfbkukithifuccjqocbdrxgxvkg/Build/Intermediates.noindex/Probe.build/Debug-iphoneos/unimoduleProbe.build/all-product-headers.yaml -Xcc -iquote -Xcc /Users/runner/Library/Developer/Xcode/DerivedData/Probe-ekfbkukithifuccjqocbdrxgxvkg/Build/Intermediates.noindex/Probe.build/Debug-iphoneos/unimoduleProbe.build/unimoduleProbe-project-headers.hmap -Xcc -I/Users/runner/Library/Developer/Xcode/DerivedData/Probe-ekfbkukithifuccjqocbdrxgxvkg/Build/Products/Debug-iphoneos/include -Xcc -I/Users/runner/Library/Developer/Xcode/DerivedData/Probe-ekfbkukithifuccjqocbdrxgxvkg/Build/Products/Debug-iphoneos/Masonry/Masonry.framework/Headers -Xcc -I/Users/runner/Library/Developer/Xcode/DerivedData/Probe-ekfbkukithifuccjqocbdrxgxvkg/Build/Intermediates.noindex/Probe.build/Debug-iphoneos/unimoduleProbe.build/DerivedSources-normal/arm64 -Xcc -I/Users/runner/Library/Developer/Xcode/DerivedData/Probe-ekfbkukithifuccjqocbdrxgxvkg/Build/Intermediates.noindex/Probe.build/Debug-iphoneos/unimoduleProbe.build/DerivedSources/arm64 -Xcc -I/Users/runner/Library/Developer/Xcode/DerivedData/Probe-ekfbkukithifuccjqocbdrxgxvkg/Build/Intermediates.noindex/Probe.build/Debug-iphoneos/unimoduleProbe.build/DerivedSources -Xcc -DDEBUG\=1 -Xcc -DCOCOAPODS\=1 -emit-objc-header -emit-objc-header-path /Users/runner/Library/Developer/Xcode/DerivedData/Probe-ekfbkukithifuccjqocbdrxgxvkg/Build/Intermediates.noindex/Probe.build/Debug-iphoneos/unimoduleProbe.build/Objects-normal/arm64/unimoduleProbe-Swift.h -working-directory /Users/runner/work/hw-baidu-navi-specs/hw-baidu-navi-specs/probe/B -experimental-emit-module-separately -disable-cmo

SwiftEmitModule normal arm64 Emitting\ module\ for\ unimoduleProbe (in target 'unimoduleProbe' from project 'Probe')
    cd /Users/runner/work/hw-baidu-navi-specs/hw-baidu-navi-specs/probe/B
    builtin-swiftTaskExecution -- /Applications/Xcode_15.4.app/Contents/Developer/Toolchains/XcodeDefault.xctoolchain/usr/bin/swift-frontend -frontend -emit-module -experimental-skip-non-inlinable-function-bodies-without-types /Users/runner/work/hw-baidu-navi-specs/hw-baidu-navi-specs/probe/B/dummy.swift -target arm64-apple-ios14.0 -Xllvm -aarch64-use-tbi -enable-objc-interop -stack-check -sdk /Applications/Xcode_15.4.app/Contents/Developer/Platforms/iPhoneOS.platform/Developer/SDKs/iPhoneOS17.5.sdk -I /Users/runner/Library/Developer/Xcode/DerivedData/Probe-ekfbkukithifuccjqocbdrxgxvkg/Build/Products/Debug-iphoneos -F /Users/runner/Library/Developer/Xcode/DerivedData/Probe-ekfbkukithifuccjqocbdrxgxvkg/Build/Products/Debug-iphoneos -F /Users/runner/Library/Developer/Xcode/DerivedData/Probe-ekfbkukithifuccjqocbdrxgxvkg/Build/Products/Debug-iphoneos/Masonry -F /Users/runner/work/hw-baidu-navi-specs/hw-baidu-navi-specs/probe/B/Pods/BaiduNaviKit3 -F /Users/runner/work/hw-baidu-navi-specs/hw-baidu-navi-specs/probe/B/Pods/BaiduNaviKit3/BaiduTraceKit -F /Users/runner/work/hw-baidu-navi-specs/hw-baidu-navi-specs/probe/B/Pods/BaiduNaviKit3/MapSDK -F /Users/runner/work/hw-baidu-navi-specs/hw-baidu-navi-specs/probe/B/Pods/OpenCV -no-color-diagnostics -enable-testing -g -module-cache-path /Users/runner/Library/Developer/Xcode/DerivedData/ModuleCache.noindex -swift-version 5 -enforce-exclusivity\=checked -Onone -D DEBUG -serialize-debugging-options -const-gather-protocols-file /Users/runner/Library/Developer/Xcode/DerivedData/Probe-ekfbkukithifuccjqocbdrxgxvkg/Build/Intermediates.noindex/Probe.build/Debug-iphoneos/unimoduleProbe.build/Objects-normal/arm64/unimoduleProbe_const_extract_protocols.json -enable-bare-slash-regex -empty-abi-descriptor -validate-clang-modules-once -clang-build-session-file /Users/runner/Library/Developer/Xcode/DerivedData/ModuleCache.noindex/Session.modulevalidation -Xcc -working-directory -Xcc /Users/runner/work/hw-baidu-navi-specs/hw-baidu-navi-specs/probe/B -resource-dir /Applications/Xcode_15.4.app/Contents/Developer/Toolchains/XcodeDefault.xctoolchain/usr/lib/swift -enable-anonymous-context-mangled-names -Xcc -ivfsstatcache -Xcc /Users/runner/Library/Developer/Xcode/DerivedData/SDKStatCaches.noindex/iphoneos17.5-21F77-f0fa7969d082b13145125136a829df3a.sdkstatcache -Xcc -I/Users/runner/Library/Developer/Xcode/DerivedData/Probe-ekfbkukithifuccjqocbdrxgxvkg/Build/Intermediates.noindex/Probe.build/Debug-iphoneos/unimoduleProbe.build/swift-overrides.hmap -Xcc -iquote -Xcc /Users/runner/Library/Developer/Xcode/DerivedData/Probe-ekfbkukithifuccjqocbdrxgxvkg/Build/Intermediates.noindex/Probe.build/Debug-iphoneos/unimoduleProbe.build/unimoduleProbe-generated-files.hmap -Xcc -I/Users/runner/Library/Developer/Xcode/DerivedData/Probe-ekfbkukithifuccjqocbdrxgxvkg/Build/Intermediates.noindex/Probe.build/Debug-iphoneos/unimoduleProbe.build/unimoduleProbe-own-target-headers.hmap -Xcc -I/Users/runner/Library/Developer/Xcode/DerivedData/Probe-ekfbkukithifuccjqocbdrxgxvkg/Build/Intermediates.noindex/Probe.build/Debug-iphoneos/unimoduleProbe.build/unimoduleProbe-all-non-framework-target-headers.hmap -Xcc -ivfsoverlay -Xcc /Users/runner/Library/Developer/Xcode/DerivedData/Probe-ekfbkukithifuccjqocbdrxgxvkg/Build/Intermediates.noindex/Probe.build/Debug-iphoneos/unimoduleProbe.build/all-product-headers.yaml -Xcc -iquote -Xcc /Users/runner/Library/Developer/Xcode/DerivedData/Probe-ekfbkukithifuccjqocbdrxgxvkg/Build/Intermediates.noindex/Probe.build/Debug-iphoneos/unimoduleProbe.build/unimoduleProbe-project-headers.hmap -Xcc -I/Users/runner/Library/Developer/Xcode/DerivedData/Probe-ekfbkukithifuccjqocbdrxgxvkg/Build/Products/Debug-iphoneos/include -Xcc -I/Users/runner/Library/Developer/Xcode/DerivedData/Probe-ekfbkukithifuccjqocbdrxgxvkg/Build/Products/Debug-iphoneos/Masonry/Masonry.framework/Headers -Xcc -I/Users/runner/Library/Developer/Xcode/DerivedData/Probe-ekfbkukithifuccjqocbdrxgxvkg/Build/Intermediates.noindex/Probe.build/Debug-iphoneos/unimoduleProbe.build/DerivedSources-normal/arm64 -Xcc -I/Users/runner/Library/Developer/Xcode/DerivedData/Probe-ekfbkukithifuccjqocbdrxgxvkg/Build/Intermediates.noindex/Probe.build/Debug-iphoneos/unimoduleProbe.build/DerivedSources/arm64 -Xcc -I/Users/runner/Library/Developer/Xcode/DerivedData/Probe-ekfbkukithifuccjqocbdrxgxvkg/Build/Intermediates.noindex/Probe.build/Debug-iphoneos/unimoduleProbe.build/DerivedSources -Xcc -DDEBUG\=1 -Xcc -DCOCOAPODS\=1 -module-name unimoduleProbe -disable-clang-spi -target-sdk-version 17.5 -target-sdk-name iphoneos17.5 -external-plugin-path /Applications/Xcode_15.4.app/Contents/Developer/Platforms/iPhoneOS.platform/Developer/SDKs/iPhoneOS17.5.sdk/usr/lib/swift/host/plugins\#/Applications/Xcode_15.4.app/Contents/Developer/Platforms/iPhoneOS.platform/Developer/SDKs/iPhoneOS17.5.sdk/usr/bin/swift-plugin-server -external-plugin-path /Applications/Xcode_15.4.app/Contents/Developer/Platforms/iPhoneOS.platform/Developer/SDKs/iPhoneOS17.5.sdk/usr/local/lib/swift/host/plugins\#/Applications/Xcode_15.4.app/Contents/Developer/Platforms/iPhoneOS.platform/Developer/SDKs/iPhoneOS17.5.sdk/usr/bin/swift-plugin-server -external-plugin-path /Applications/Xcode_15.4.app/Contents/Developer/Platforms/iPhoneOS.platform/Developer/usr/lib/swift/host/plugins\#/Applications/Xcode_15.4.app/Contents/Developer/Platforms/iPhoneOS.platform/Developer/usr/bin/swift-plugin-server -external-plugin-path /Applications/Xcode_15.4.app/Contents/Developer/Platforms/iPhoneOS.platform/Developer/usr/local/lib/swift/host/plugins\#/Applications/Xcode_15.4.app/Contents/Developer/Platforms/iPhoneOS.platform/Developer/usr/bin/swift-plugin-server -plugin-path /Applications/Xcode_15.4.app/Contents/Developer/Toolchains/XcodeDefault.xctoolchain/usr/lib/swift/host/plugins -plugin-path /Applications/Xcode_15.4.app/Contents/Developer/Toolchains/XcodeDefault.xctoolchain/usr/local/lib/swift/host/plugins -emit-module-doc-path /Users/runner/Library/Developer/Xcode/DerivedData/Probe-ekfbkukithifuccjqocbdrxgxvkg/Build/Intermediates.noindex/Probe.build/Debug-iphoneos/unimoduleProbe.build/Objects-normal/arm64/unimoduleProbe.swiftdoc -emit-module-source-info-path /Users/runner/Library/Developer/Xcode/DerivedData/Probe-ekfbkukithifuccjqocbdrxgxvkg/Build/Intermediates.noindex/Probe.build/Debug-iphoneos/unimoduleProbe.build/Objects-normal/arm64/unimoduleProbe.swiftsourceinfo -emit-objc-header-path /Users/runner/Library/Developer/Xcode/DerivedData/Probe-ekfbkukithifuccjqocbdrxgxvkg/Build/Intermediates.noindex/Probe.build/Debug-iphoneos/unimoduleProbe.build/Objects-normal/arm64/unimoduleProbe-Swift.h -serialize-diagnostics-path /Users/runner/Library/Developer/Xcode/DerivedData/Probe-ekfbkukithifuccjqocbdrxgxvkg/Build/Intermediates.noindex/Probe.build/Debug-iphoneos/unimoduleProbe.build/Objects-normal/arm64/unimoduleProbe-master-emit-module.dia -emit-dependencies-path /Users/runner/Library/Developer/Xcode/DerivedData/Probe-ekfbkukithifuccjqocbdrxgxvkg/Build/Intermediates.noindex/Probe.build/Debug-iphoneos/unimoduleProbe.build/Objects-normal/arm64/unimoduleProbe-master-emit-module.d -parse-as-library -o /Users/runner/Library/Developer/Xcode/DerivedData/Probe-ekfbkukithifuccjqocbdrxgxvkg/Build/Intermediates.noindex/Probe.build/Debug-iphoneos/unimoduleProbe.build/Objects-normal/arm64/unimoduleProbe.swiftmodule -emit-abi-descriptor-path /Users/runner/Library/Developer/Xcode/DerivedData/Probe-ekfbkukithifuccjqocbdrxgxvkg/Build/Intermediates.noindex/Probe.build/Debug-iphoneos/unimoduleProbe.build/Objects-normal/arm64/unimoduleProbe.abi.json

SwiftCompile normal arm64 Compiling\ dummy.swift /Users/runner/work/hw-baidu-navi-specs/hw-baidu-navi-specs/probe/B/dummy.swift (in target 'unimoduleProbe' from project 'Probe')
    cd /Users/runner/work/hw-baidu-navi-specs/hw-baidu-navi-specs/probe/B
    builtin-swiftTaskExecution -- /Applications/Xcode_15.4.app/Contents/Developer/Toolchains/XcodeDefault.xctoolchain/usr/bin/swift-frontend -frontend -c -primary-file /Users/runner/work/hw-baidu-navi-specs/hw-baidu-navi-specs/probe/B/dummy.swift -emit-dependencies-path /Users/runner/Library/Developer/Xcode/DerivedData/Probe-ekfbkukithifuccjqocbdrxgxvkg/Build/Intermediates.noindex/Probe.build/Debug-iphoneos/unimoduleProbe.build/Objects-normal/arm64/dummy.d -emit-const-values-path /Users/runner/Library/Developer/Xcode/DerivedData/Probe-ekfbkukithifuccjqocbdrxgxvkg/Build/Intermediates.noindex/Probe.build/Debug-iphoneos/unimoduleProbe.build/Objects-normal/arm64/dummy.swiftconstvalues -emit-reference-dependencies-path /Users/runner/Library/Developer/Xcode/DerivedData/Probe-ekfbkukithifuccjqocbdrxgxvkg/Build/Intermediates.noindex/Probe.build/Debug-iphoneos/unimoduleProbe.build/Objects-normal/arm64/dummy.swiftdeps -serialize-diagnostics-path /Users/runner/Library/Developer/Xcode/DerivedData/Probe-ekfbkukithifuccjqocbdrxgxvkg/Build/Intermediates.noindex/Probe.build/Debug-iphoneos/unimoduleProbe.build/Objects-normal/arm64/dummy.dia -target arm64-apple-ios14.0 -Xllvm -aarch64-use-tbi -enable-objc-interop -stack-check -sdk /Applications/Xcode_15.4.app/Contents/Developer/Platforms/iPhoneOS.platform/Developer/SDKs/iPhoneOS17.5.sdk -I /Users/runner/Library/Developer/Xcode/DerivedData/Probe-ekfbkukithifuccjqocbdrxgxvkg/Build/Products/Debug-iphoneos -F /Users/runner/Library/Developer/Xcode/DerivedData/Probe-ekfbkukithifuccjqocbdrxgxvkg/Build/Products/Debug-iphoneos -F /Users/runner/Library/Developer/Xcode/DerivedData/Probe-ekfbkukithifuccjqocbdrxgxvkg/Build/Products/Debug-iphoneos/Masonry -F /Users/runner/work/hw-baidu-navi-specs/hw-baidu-navi-specs/probe/B/Pods/BaiduNaviKit3 -F /Users/runner/work/hw-baidu-navi-specs/hw-baidu-navi-specs/probe/B/Pods/BaiduNaviKit3/BaiduTraceKit -F /Users/runner/work/hw-baidu-navi-specs/hw-baidu-navi-specs/probe/B/Pods/BaiduNaviKit3/MapSDK -F /Users/runner/work/hw-baidu-navi-specs/hw-baidu-navi-specs/probe/B/Pods/OpenCV -no-color-diagnostics -enable-testing -g -module-cache-path /Users/runner/Library/Developer/Xcode/DerivedData/ModuleCache.noindex -swift-version 5 -enforce-exclusivity\=checked -Onone -D DEBUG -serialize-debugging-options -const-gather-protocols-file /Users/runner/Library/Developer/Xcode/DerivedData/Probe-ekfbkukithifuccjqocbdrxgxvkg/Build/Intermediates.noindex/Probe.build/Debug-iphoneos/unimoduleProbe.build/Objects-normal/arm64/unimoduleProbe_const_extract_protocols.json -enable-bare-slash-regex -empty-abi-descriptor -validate-clang-modules-once -clang-build-session-file /Users/runner/Library/Developer/Xcode/DerivedData/ModuleCache.noindex/Session.modulevalidation -Xcc -working-directory -Xcc /Users/runner/work/hw-baidu-navi-specs/hw-baidu-navi-specs/probe/B -resource-dir /Applications/Xcode_15.4.app/Contents/Developer/Toolchains/XcodeDefault.xctoolchain/usr/lib/swift -enable-anonymous-context-mangled-names -Xcc -ivfsstatcache -Xcc /Users/runner/Library/Developer/Xcode/DerivedData/SDKStatCaches.noindex/iphoneos17.5-21F77-f0fa7969d082b13145125136a829df3a.sdkstatcache -Xcc -I/Users/runner/Library/Developer/Xcode/DerivedData/Probe-ekfbkukithifuccjqocbdrxgxvkg/Build/Intermediates.noindex/Probe.build/Debug-iphoneos/unimoduleProbe.build/swift-overrides.hmap -Xcc -iquote -Xcc /Users/runner/Library/Developer/Xcode/DerivedData/Probe-ekfbkukithifuccjqocbdrxgxvkg/Build/Intermediates.noindex/Probe.build/Debug-iphoneos/unimoduleProbe.build/unimoduleProbe-generated-files.hmap -Xcc -I/Users/runner/Library/Developer/Xcode/DerivedData/Probe-ekfbkukithifuccjqocbdrxgxvkg/Build/Intermediates.noindex/Probe.build/Debug-iphoneos/unimoduleProbe.build/unimoduleProbe-own-target-headers.hmap -Xcc -I/Users/runner/Library/Developer/Xcode/DerivedData/Probe-ekfbkukithifuccjqocbdrxgxvkg/Build/Intermediates.noindex/Probe.build/Debug-iphoneos/unimoduleProbe.build/unimoduleProbe-all-non-framework-target-headers.hmap -Xcc -ivfsoverlay -Xcc /Users/runner/Library/Developer/Xcode/DerivedData/Probe-ekfbkukithifuccjqocbdrxgxvkg/Build/Intermediates.noindex/Probe.build/Debug-iphoneos/unimoduleProbe.build/all-product-headers.yaml -Xcc -iquote -Xcc /Users/runner/Library/Developer/Xcode/DerivedData/Probe-ekfbkukithifuccjqocbdrxgxvkg/Build/Intermediates.noindex/Probe.build/Debug-iphoneos/unimoduleProbe.build/unimoduleProbe-project-headers.hmap -Xcc -I/Users/runner/Library/Developer/Xcode/DerivedData/Probe-ekfbkukithifuccjqocbdrxgxvkg/Build/Products/Debug-iphoneos/include -Xcc -I/Users/runner/Library/Developer/Xcode/DerivedData/Probe-ekfbkukithifuccjqocbdrxgxvkg/Build/Products/Debug-iphoneos/Masonry/Masonry.framework/Headers -Xcc -I/Users/runner/Library/Developer/Xcode/DerivedData/Probe-ekfbkukithifuccjqocbdrxgxvkg/Build/Intermediates.noindex/Probe.build/Debug-iphoneos/unimoduleProbe.build/DerivedSources-normal/arm64 -Xcc -I/Users/runner/Library/Developer/Xcode/DerivedData/Probe-ekfbkukithifuccjqocbdrxgxvkg/Build/Intermediates.noindex/Probe.build/Debug-iphoneos/unimoduleProbe.build/DerivedSources/arm64 -Xcc -I/Users/runner/Library/Developer/Xcode/DerivedData/Probe-ekfbkukithifuccjqocbdrxgxvkg/Build/Intermediates.noindex/Probe.build/Debug-iphoneos/unimoduleProbe.build/DerivedSources -Xcc -DDEBUG\=1 -Xcc -DCOCOAPODS\=1 -module-name unimoduleProbe -frontend-parseable-output -disable-clang-spi -target-sdk-version 17.5 -target-sdk-name iphoneos17.5 -external-plugin-path /Applications/Xcode_15.4.app/Contents/Developer/Platforms/iPhoneOS.platform/Developer/SDKs/iPhoneOS17.5.sdk/usr/lib/swift/host/plugins\#/Applications/Xcode_15.4.app/Contents/Developer/Platforms/iPhoneOS.platform/Developer/SDKs/iPhoneOS17.5.sdk/usr/bin/swift-plugin-server -external-plugin-path /Applications/Xcode_15.4.app/Contents/Developer/Platforms/iPhoneOS.platform/Developer/SDKs/iPhoneOS17.5.sdk/usr/local/lib/swift/host/plugins\#/Applications/Xcode_15.4.app/Contents/Developer/Platforms/iPhoneOS.platform/Developer/SDKs/iPhoneOS17.5.sdk/usr/bin/swift-plugin-server -external-plugin-path /Applications/Xcode_15.4.app/Contents/Developer/Platforms/iPhoneOS.platform/Developer/usr/lib/swift/host/plugins\#/Applications/Xcode_15.4.app/Contents/Developer/Platforms/iPhoneOS.platform/Developer/usr/bin/swift-plugin-server -external-plugin-path /Applications/Xcode_15.4.app/Contents/Developer/Platforms/iPhoneOS.platform/Developer/usr/local/lib/swift/host/plugins\#/Applications/Xcode_15.4.app/Contents/Developer/Platforms/iPhoneOS.platform/Developer/usr/bin/swift-plugin-server -plugin-path /Applications/Xcode_15.4.app/Contents/Developer/Toolchains/XcodeDefault.xctoolchain/usr/lib/swift/host/plugins -plugin-path /Applications/Xcode_15.4.app/Contents/Developer/Toolchains/XcodeDefault.xctoolchain/usr/local/lib/swift/host/plugins -parse-as-library -o /Users/runner/Library/Developer/Xcode/DerivedData/Probe-ekfbkukithifuccjqocbdrxgxvkg/Build/Intermediates.noindex/Probe.build/Debug-iphoneos/unimoduleProbe.build/Objects-normal/arm64/dummy.o -index-unit-output-path /Probe.build/Debug-iphoneos/unimoduleProbe.build/Objects-normal/arm64/dummy.o -index-store-path /Users/runner/Library/Developer/Xcode/DerivedData/Probe-ekfbkukithifuccjqocbdrxgxvkg/Index.noindex/DataStore -index-system-modules
SwiftCompile normal arm64 /Users/runner/work/hw-baidu-navi-specs/hw-baidu-navi-specs/probe/B/dummy.swift (in target 'unimoduleProbe' from project 'Probe')
    cd /Users/runner/work/hw-baidu-navi-specs/hw-baidu-navi-specs/probe/B
    /Applications/Xcode_15.4.app/Contents/Developer/Toolchains/XcodeDefault.xctoolchain/usr/bin/swift-frontend -c -primary-file /Users/runner/work/hw-baidu-navi-specs/hw-baidu-navi-specs/probe/B/dummy.swift -emit-dependencies-path /Users/runner/Library/Developer/Xcode/DerivedData/Probe-ekfbkukithifuccjqocbdrxgxvkg/Build/Intermediates.noindex/Probe.build/Debug-iphoneos/unimoduleProbe.build/Objects-normal/arm64/dummy.d -emit-const-values-path /Users/runner/Library/Developer/Xcode/DerivedData/Probe-ekfbkukithifuccjqocbdrxgxvkg/Build/Intermediates.noindex/Probe.build/Debug-iphoneos/unimoduleProbe.build/Objects-normal/arm64/dummy.swiftconstvalues -emit-reference-dependencies-path /Users/runner/Library/Developer/Xcode/DerivedData/Probe-ekfbkukithifuccjqocbdrxgxvkg/Build/Intermediates.noindex/Probe.build/Debug-iphoneos/unimoduleProbe.build/Objects-normal/arm64/dummy.swiftdeps -serialize-diagnostics-path /Users/runner/Library/Developer/Xcode/DerivedData/Probe-ekfbkukithifuccjqocbdrxgxvkg/Build/Intermediates.noindex/Probe.build/Debug-iphoneos/unimoduleProbe.build/Objects-normal/arm64/dummy.dia -target arm64-apple-ios14.0 -Xllvm -aarch64-use-tbi -enable-objc-interop -stack-check -sdk /Applications/Xcode_15.4.app/Contents/Developer/Platforms/iPhoneOS.platform/Developer/SDKs/iPhoneOS17.5.sdk -I /Users/runner/Library/Developer/Xcode/DerivedData/Probe-ekfbkukithifuccjqocbdrxgxvkg/Build/Products/Debug-iphoneos -F /Users/runner/Library/Developer/Xcode/DerivedData/Probe-ekfbkukithifuccjqocbdrxgxvkg/Build/Products/Debug-iphoneos -F /Users/runner/Library/Developer/Xcode/DerivedData/Probe-ekfbkukithifuccjqocbdrxgxvkg/Build/Products/Debug-iphoneos/Masonry -F /Users/runner/work/hw-baidu-navi-specs/hw-baidu-navi-specs/probe/B/Pods/BaiduNaviKit3 -F /Users/runner/work/hw-baidu-navi-specs/hw-baidu-navi-specs/probe/B/Pods/BaiduNaviKit3/BaiduTraceKit -F /Users/runner/work/hw-baidu-navi-specs/hw-baidu-navi-specs/probe/B/Pods/BaiduNaviKit3/MapSDK -F /Users/runner/work/hw-baidu-navi-specs/hw-baidu-navi-specs/probe/B/Pods/OpenCV -no-color-diagnostics -enable-testing -g -module-cache-path /Users/runner/Library/Developer/Xcode/DerivedData/ModuleCache.noindex -swift-version 5 -enforce-exclusivity\=checked -Onone -D DEBUG -serialize-debugging-options -const-gather-protocols-file /Users/runner/Library/Developer/Xcode/DerivedData/Probe-ekfbkukithifuccjqocbdrxgxvkg/Build/Intermediates.noindex/Probe.build/Debug-iphoneos/unimoduleProbe.build/Objects-normal/arm64/unimoduleProbe_const_extract_protocols.json -enable-bare-slash-regex -empty-abi-descriptor -validate-clang-modules-once -clang-build-session-file /Users/runner/Library/Developer/Xcode/DerivedData/ModuleCache.noindex/Session.modulevalidation -Xcc -working-directory -Xcc /Users/runner/work/hw-baidu-navi-specs/hw-baidu-navi-specs/probe/B -resource-dir /Applications/Xcode_15.4.app/Contents/Developer/Toolchains/XcodeDefault.xctoolchain/usr/lib/swift -enable-anonymous-context-mangled-names -Xcc -ivfsstatcache -Xcc /Users/runner/Library/Developer/Xcode/DerivedData/SDKStatCaches.noindex/iphoneos17.5-21F77-f0fa7969d082b13145125136a829df3a.sdkstatcache -Xcc -I/Users/runner/Library/Developer/Xcode/DerivedData/Probe-ekfbkukithifuccjqocbdrxgxvkg/Build/Intermediates.noindex/Probe.build/Debug-iphoneos/unimoduleProbe.build/swift-overrides.hmap -Xcc -iquote -Xcc /Users/runner/Library/Developer/Xcode/DerivedData/Probe-ekfbkukithifuccjqocbdrxgxvkg/Build/Intermediates.noindex/Probe.build/Debug-iphoneos/unimoduleProbe.build/unimoduleProbe-generated-files.hmap -Xcc -I/Users/runner/Library/Developer/Xcode/DerivedData/Probe-ekfbkukithifuccjqocbdrxgxvkg/Build/Intermediates.noindex/Probe.build/Debug-iphoneos/unimoduleProbe.build/unimoduleProbe-own-target-headers.hmap -Xcc -I/Users/runner/Library/Developer/Xcode/DerivedData/Probe-ekfbkukithifuccjqocbdrxgxvkg/Build/Intermediates.noindex/Probe.build/Debug-iphoneos/unimoduleProbe.build/unimoduleProbe-all-non-framework-target-headers.hmap -Xcc -ivfsoverlay -Xcc /Users/runner/Library/Developer/Xcode/DerivedData/Probe-ekfbkukithifuccjqocbdrxgxvkg/Build/Intermediates.noindex/Probe.build/Debug-iphoneos/unimoduleProbe.build/all-product-headers.yaml -Xcc -iquote -Xcc /Users/runner/Library/Developer/Xcode/DerivedData/Probe-ekfbkukithifuccjqocbdrxgxvkg/Build/Intermediates.noindex/Probe.build/Debug-iphoneos/unimoduleProbe.build/unimoduleProbe-project-headers.hmap -Xcc -I/Users/runner/Library/Developer/Xcode/DerivedData/Probe-ekfbkukithifuccjqocbdrxgxvkg/Build/Products/Debug-iphoneos/include -Xcc -I/Users/runner/Library/Developer/Xcode/DerivedData/Probe-ekfbkukithifuccjqocbdrxgxvkg/Build/Products/Debug-iphoneos/Masonry/Masonry.framework/Headers -Xcc -I/Users/runner/Library/Developer/Xcode/DerivedData/Probe-ekfbkukithifuccjqocbdrxgxvkg/Build/Intermediates.noindex/Probe.build/Debug-iphoneos/unimoduleProbe.build/DerivedSources-normal/arm64 -Xcc -I/Users/runner/Library/Developer/Xcode/DerivedData/Probe-ekfbkukithifuccjqocbdrxgxvkg/Build/Intermediates.noindex/Probe.build/Debug-iphoneos/unimoduleProbe.build/DerivedSources/arm64 -Xcc -I/Users/runner/Library/Developer/Xcode/DerivedData/Probe-ekfbkukithifuccjqocbdrxgxvkg/Build/Intermediates.noindex/Probe.build/Debug-iphoneos/unimoduleProbe.build/DerivedSources -Xcc -DDEBUG\=1 -Xcc -DCOCOAPODS\=1 -module-name unimoduleProbe -frontend-parseable-output -disable-clang-spi -target-sdk-version 17.5 -target-sdk-name iphoneos17.5 -external-plugin-path /Applications/Xcode_15.4.app/Contents/Developer/Platforms/iPhoneOS.platform/Developer/SDKs/iPhoneOS17.5.sdk/usr/lib/swift/host/plugins\#/Applications/Xcode_15.4.app/Contents/Developer/Platforms/iPhoneOS.platform/Developer/SDKs/iPhoneOS17.5.sdk/usr/bin/swift-plugin-server -external-plugin-path /Applications/Xcode_15.4.app/Contents/Developer/Platforms/iPhoneOS.platform/Developer/SDKs/iPhoneOS17.5.sdk/usr/local/lib/swift/host/plugins\#/Applications/Xcode_15.4.app/Contents/Developer/Platforms/iPhoneOS.platform/Developer/SDKs/iPhoneOS17.5.sdk/usr/bin/swift-plugin-server -external-plugin-path /Applications/Xcode_15.4.app/Contents/Developer/Platforms/iPhoneOS.platform/Developer/usr/lib/swift/host/plugins\#/Applications/Xcode_15.4.app/Contents/Developer/Platforms/iPhoneOS.platform/Developer/usr/bin/swift-plugin-server -external-plugin-path /Applications/Xcode_15.4.app/Contents/Developer/Platforms/iPhoneOS.platform/Developer/usr/local/lib/swift/host/plugins\#/Applications/Xcode_15.4.app/Contents/Developer/Platforms/iPhoneOS.platform/Developer/usr/bin/swift-plugin-server -plugin-path /Applications/Xcode_15.4.app/Contents/Developer/Toolchains/XcodeDefault.xctoolchain/usr/lib/swift/host/plugins -plugin-path /Applications/Xcode_15.4.app/Contents/Developer/Toolchains/XcodeDefault.xctoolchain/usr/local/lib/swift/host/plugins -parse-as-library -o /Users/runner/Library/Developer/Xcode/DerivedData/Probe-ekfbkukithifuccjqocbdrxgxvkg/Build/Intermediates.noindex/Probe.build/Debug-iphoneos/unimoduleProbe.build/Objects-normal/arm64/dummy.o -index-unit-output-path /Probe.build/Debug-iphoneos/unimoduleProbe.build/Objects-normal/arm64/dummy.o -index-store-path /Users/runner/Library/Developer/Xcode/DerivedData/Probe-ekfbkukithifuccjqocbdrxgxvkg/Index.noindex/DataStore -index-system-modules

SwiftDriverJobDiscovery normal arm64 Emitting module for unimoduleProbe (in target 'unimoduleProbe' from project 'Probe')

SwiftDriver\ Compilation\ Requirements unimoduleProbe normal arm64 com.apple.xcode.tools.swift.compiler (in target 'unimoduleProbe' from project 'Probe')
    cd /Users/runner/work/hw-baidu-navi-specs/hw-baidu-navi-specs/probe/B
    builtin-Swift-Compilation-Requirements -- /Applications/Xcode_15.4.app/Contents/Developer/Toolchains/XcodeDefault.xctoolchain/usr/bin/swiftc -module-name unimoduleProbe -Onone -enforce-exclusivity\=checked @/Users/runner/Library/Developer/Xcode/DerivedData/Probe-ekfbkukithifuccjqocbdrxgxvkg/Build/Intermediates.noindex/Probe.build/Debug-iphoneos/unimoduleProbe.build/Objects-normal/arm64/unimoduleProbe.SwiftFileList -DDEBUG -sdk /Applications/Xcode_15.4.app/Contents/Developer/Platforms/iPhoneOS.platform/Developer/SDKs/iPhoneOS17.5.sdk -target arm64-apple-ios14.0 -enable-bare-slash-regex -g -module-cache-path /Users/runner/Library/Developer/Xcode/DerivedData/ModuleCache.noindex -Xfrontend -serialize-debugging-options -enable-testing -index-store-path /Users/runner/Library/Developer/Xcode/DerivedData/Probe-ekfbkukithifuccjqocbdrxgxvkg/Index.noindex/DataStore -swift-version 5 -I /Users/runner/Library/Developer/Xcode/DerivedData/Probe-ekfbkukithifuccjqocbdrxgxvkg/Build/Products/Debug-iphoneos -F /Users/runner/Library/Developer/Xcode/DerivedData/Probe-ekfbkukithifuccjqocbdrxgxvkg/Build/Products/Debug-iphoneos -F /Users/runner/Library/Developer/Xcode/DerivedData/Probe-ekfbkukithifuccjqocbdrxgxvkg/Build/Products/Debug-iphoneos/Masonry -F /Users/runner/work/hw-baidu-navi-specs/hw-baidu-navi-specs/probe/B/Pods/BaiduNaviKit3 -F /Users/runner/work/hw-baidu-navi-specs/hw-baidu-navi-specs/probe/B/Pods/BaiduNaviKit3/BaiduTraceKit -F /Users/runner/work/hw-baidu-navi-specs/hw-baidu-navi-specs/probe/B/Pods/BaiduNaviKit3/MapSDK -F /Users/runner/work/hw-baidu-navi-specs/hw-baidu-navi-specs/probe/B/Pods/OpenCV -parse-as-library -c -j3 -enable-batch-mode -incremental -Xcc -ivfsstatcache -Xcc /Users/runner/Library/Developer/Xcode/DerivedData/SDKStatCaches.noindex/iphoneos17.5-21F77-f0fa7969d082b13145125136a829df3a.sdkstatcache -output-file-map /Users/runner/Library/Developer/Xcode/DerivedData/Probe-ekfbkukithifuccjqocbdrxgxvkg/Build/Intermediates.noindex/Probe.build/Debug-iphoneos/unimoduleProbe.build/Objects-normal/arm64/unimoduleProbe-OutputFileMap.json -use-frontend-parseable-output -save-temps -no-color-diagnostics -serialize-diagnostics -emit-dependencies -emit-module -emit-module-path /Users/runner/Library/Developer/Xcode/DerivedData/Probe-ekfbkukithifuccjqocbdrxgxvkg/Build/Intermediates.noindex/Probe.build/Debug-iphoneos/unimoduleProbe.build/Objects-normal/arm64/unimoduleProbe.swiftmodule -validate-clang-modules-once -clang-build-session-file /Users/runner/Library/Developer/Xcode/DerivedData/ModuleCache.noindex/Session.modulevalidation -Xcc -I/Users/runner/Library/Developer/Xcode/DerivedData/Probe-ekfbkukithifuccjqocbdrxgxvkg/Build/Intermediates.noindex/Probe.build/Debug-iphoneos/unimoduleProbe.build/swift-overrides.hmap -emit-const-values -Xfrontend -const-gather-protocols-file -Xfrontend /Users/runner/Library/Developer/Xcode/DerivedData/Probe-ekfbkukithifuccjqocbdrxgxvkg/Build/Intermediates.noindex/Probe.build/Debug-iphoneos/unimoduleProbe.build/Objects-normal/arm64/unimoduleProbe_const_extract_protocols.json -Xcc -iquote -Xcc /Users/runner/Library/Developer/Xcode/DerivedData/Probe-ekfbkukithifuccjqocbdrxgxvkg/Build/Intermediates.noindex/Probe.build/Debug-iphoneos/unimoduleProbe.build/unimoduleProbe-generated-files.hmap -Xcc -I/Users/runner/Library/Developer/Xcode/DerivedData/Probe-ekfbkukithifuccjqocbdrxgxvkg/Build/Intermediates.noindex/Probe.build/Debug-iphoneos/unimoduleProbe.build/unimoduleProbe-own-target-headers.hmap -Xcc -I/Users/runner/Library/Developer/Xcode/DerivedData/Probe-ekfbkukithifuccjqocbdrxgxvkg/Build/Intermediates.noindex/Probe.build/Debug-iphoneos/unimoduleProbe.build/unimoduleProbe-all-non-framework-target-headers.hmap -Xcc -ivfsoverlay -Xcc /Users/runner/Library/Developer/Xcode/DerivedData/Probe-ekfbkukithifuccjqocbdrxgxvkg/Build/Intermediates.noindex/Probe.build/Debug-iphoneos/unimoduleProbe.build/all-product-headers.yaml -Xcc -iquote -Xcc /Users/runner/Library/Developer/Xcode/DerivedData/Probe-ekfbkukithifuccjqocbdrxgxvkg/Build/Intermediates.noindex/Probe.build/Debug-iphoneos/unimoduleProbe.build/unimoduleProbe-project-headers.hmap -Xcc -I/Users/runner/Library/Developer/Xcode/DerivedData/Probe-ekfbkukithifuccjqocbdrxgxvkg/Build/Products/Debug-iphoneos/include -Xcc -I/Users/runner/Library/Developer/Xcode/DerivedData/Probe-ekfbkukithifuccjqocbdrxgxvkg/Build/Products/Debug-iphoneos/Masonry/Masonry.framework/Headers -Xcc -I/Users/runner/Library/Developer/Xcode/DerivedData/Probe-ekfbkukithifuccjqocbdrxgxvkg/Build/Intermediates.noindex/Probe.build/Debug-iphoneos/unimoduleProbe.build/DerivedSources-normal/arm64 -Xcc -I/Users/runner/Library/Developer/Xcode/DerivedData/Probe-ekfbkukithifuccjqocbdrxgxvkg/Build/Intermediates.noindex/Probe.build/Debug-iphoneos/unimoduleProbe.build/DerivedSources/arm64 -Xcc -I/Users/runner/Library/Developer/Xcode/DerivedData/Probe-ekfbkukithifuccjqocbdrxgxvkg/Build/Intermediates.noindex/Probe.build/Debug-iphoneos/unimoduleProbe.build/DerivedSources -Xcc -DDEBUG\=1 -Xcc -DCOCOAPODS\=1 -emit-objc-header -emit-objc-header-path /Users/runner/Library/Developer/Xcode/DerivedData/Probe-ekfbkukithifuccjqocbdrxgxvkg/Build/Intermediates.noindex/Probe.build/Debug-iphoneos/unimoduleProbe.build/Objects-normal/arm64/unimoduleProbe-Swift.h -working-directory /Users/runner/work/hw-baidu-navi-specs/hw-baidu-navi-specs/probe/B -experimental-emit-module-separately -disable-cmo

SwiftMergeGeneratedHeaders /Users/runner/Library/Developer/Xcode/DerivedData/Probe-ekfbkukithifuccjqocbdrxgxvkg/Build/Products/Debug-iphoneos/unimoduleProbe.framework/Headers/unimoduleProbe-Swift.h /Users/runner/Library/Developer/Xcode/DerivedData/Probe-ekfbkukithifuccjqocbdrxgxvkg/Build/Intermediates.noindex/Probe.build/Debug-iphoneos/unimoduleProbe.build/Objects-normal/arm64/unimoduleProbe-Swift.h (in target 'unimoduleProbe' from project 'Probe')
    cd /Users/runner/work/hw-baidu-navi-specs/hw-baidu-navi-specs/probe/B
    builtin-swiftHeaderTool -arch arm64 /Users/runner/Library/Developer/Xcode/DerivedData/Probe-ekfbkukithifuccjqocbdrxgxvkg/Build/Intermediates.noindex/Probe.build/Debug-iphoneos/unimoduleProbe.build/Objects-normal/arm64/unimoduleProbe-Swift.h -o /Users/runner/Library/Developer/Xcode/DerivedData/Probe-ekfbkukithifuccjqocbdrxgxvkg/Build/Products/Debug-iphoneos/unimoduleProbe.framework/Headers/unimoduleProbe-Swift.h

Copy /Users/runner/Library/Developer/Xcode/DerivedData/Probe-ekfbkukithifuccjqocbdrxgxvkg/Build/Products/Debug-iphoneos/unimoduleProbe.framework/Modules/unimoduleProbe.swiftmodule/arm64-apple-ios.swiftmodule /Users/runner/Library/Developer/Xcode/DerivedData/Probe-ekfbkukithifuccjqocbdrxgxvkg/Build/Intermediates.noindex/Probe.build/Debug-iphoneos/unimoduleProbe.build/Objects-normal/arm64/unimoduleProbe.swiftmodule (in target 'unimoduleProbe' from project 'Probe')
    cd /Users/runner/work/hw-baidu-navi-specs/hw-baidu-navi-specs/probe/B
    builtin-copy -exclude .DS_Store -exclude CVS -exclude .svn -exclude .git -exclude .hg -resolve-src-symlinks -rename /Users/runner/Library/Developer/Xcode/DerivedData/Probe-ekfbkukithifuccjqocbdrxgxvkg/Build/Intermediates.noindex/Probe.build/Debug-iphoneos/unimoduleProbe.build/Objects-normal/arm64/unimoduleProbe.swiftmodule /Users/runner/Library/Developer/Xcode/DerivedData/Probe-ekfbkukithifuccjqocbdrxgxvkg/Build/Products/Debug-iphoneos/unimoduleProbe.framework/Modules/unimoduleProbe.swiftmodule/arm64-apple-ios.swiftmodule

Copy /Users/runner/Library/Developer/Xcode/DerivedData/Probe-ekfbkukithifuccjqocbdrxgxvkg/Build/Products/Debug-iphoneos/unimoduleProbe.framework/Modules/unimoduleProbe.swiftmodule/arm64-apple-ios.swiftdoc /Users/runner/Library/Developer/Xcode/DerivedData/Probe-ekfbkukithifuccjqocbdrxgxvkg/Build/Intermediates.noindex/Probe.build/Debug-iphoneos/unimoduleProbe.build/Objects-normal/arm64/unimoduleProbe.swiftdoc (in target 'unimoduleProbe' from project 'Probe')
    cd /Users/runner/work/hw-baidu-navi-specs/hw-baidu-navi-specs/probe/B
    builtin-copy -exclude .DS_Store -exclude CVS -exclude .svn -exclude .git -exclude .hg -resolve-src-symlinks -rename /Users/runner/Library/Developer/Xcode/DerivedData/Probe-ekfbkukithifuccjqocbdrxgxvkg/Build/Intermediates.noindex/Probe.build/Debug-iphoneos/unimoduleProbe.build/Objects-normal/arm64/unimoduleProbe.swiftdoc /Users/runner/Library/Developer/Xcode/DerivedData/Probe-ekfbkukithifuccjqocbdrxgxvkg/Build/Products/Debug-iphoneos/unimoduleProbe.framework/Modules/unimoduleProbe.swiftmodule/arm64-apple-ios.swiftdoc

Copy /Users/runner/Library/Developer/Xcode/DerivedData/Probe-ekfbkukithifuccjqocbdrxgxvkg/Build/Products/Debug-iphoneos/unimoduleProbe.framework/Modules/unimoduleProbe.swiftmodule/arm64-apple-ios.abi.json /Users/runner/Library/Developer/Xcode/DerivedData/Probe-ekfbkukithifuccjqocbdrxgxvkg/Build/Intermediates.noindex/Probe.build/Debug-iphoneos/unimoduleProbe.build/Objects-normal/arm64/unimoduleProbe.abi.json (in target 'unimoduleProbe' from project 'Probe')
    cd /Users/runner/work/hw-baidu-navi-specs/hw-baidu-navi-specs/probe/B
    builtin-copy -exclude .DS_Store -exclude CVS -exclude .svn -exclude .git -exclude .hg -resolve-src-symlinks -rename /Users/runner/Library/Developer/Xcode/DerivedData/Probe-ekfbkukithifuccjqocbdrxgxvkg/Build/Intermediates.noindex/Probe.build/Debug-iphoneos/unimoduleProbe.build/Objects-normal/arm64/unimoduleProbe.abi.json /Users/runner/Library/Developer/Xcode/DerivedData/Probe-ekfbkukithifuccjqocbdrxgxvkg/Build/Products/Debug-iphoneos/unimoduleProbe.framework/Modules/unimoduleProbe.swiftmodule/arm64-apple-ios.abi.json

Copy /Users/runner/Library/Developer/Xcode/DerivedData/Probe-ekfbkukithifuccjqocbdrxgxvkg/Build/Products/Debug-iphoneos/unimoduleProbe.framework/Modules/unimoduleProbe.swiftmodule/Project/arm64-apple-ios.swiftsourceinfo /Users/runner/Library/Developer/Xcode/DerivedData/Probe-ekfbkukithifuccjqocbdrxgxvkg/Build/Intermediates.noindex/Probe.build/Debug-iphoneos/unimoduleProbe.build/Objects-normal/arm64/unimoduleProbe.swiftsourceinfo (in target 'unimoduleProbe' from project 'Probe')
    cd /Users/runner/work/hw-baidu-navi-specs/hw-baidu-navi-specs/probe/B
    builtin-copy -exclude .DS_Store -exclude CVS -exclude .svn -exclude .git -exclude .hg -resolve-src-symlinks -rename /Users/runner/Library/Developer/Xcode/DerivedData/Probe-ekfbkukithifuccjqocbdrxgxvkg/Build/Intermediates.noindex/Probe.build/Debug-iphoneos/unimoduleProbe.build/Objects-normal/arm64/unimoduleProbe.swiftsourceinfo /Users/runner/Library/Developer/Xcode/DerivedData/Probe-ekfbkukithifuccjqocbdrxgxvkg/Build/Products/Debug-iphoneos/unimoduleProbe.framework/Modules/unimoduleProbe.swiftmodule/Project/arm64-apple-ios.swiftsourceinfo

CompileC /Users/runner/Library/Developer/Xcode/DerivedData/Probe-ekfbkukithifuccjqocbdrxgxvkg/Build/Intermediates.noindex/Probe.build/Debug-iphoneos/unimoduleProbe.build/Objects-normal/arm64/unimoduleProbe_vers.o /Users/runner/Library/Developer/Xcode/DerivedData/Probe-ekfbkukithifuccjqocbdrxgxvkg/Build/Intermediates.noindex/Probe.build/Debug-iphoneos/unimoduleProbe.build/DerivedSources/unimoduleProbe_vers.c normal arm64 c com.apple.compilers.llvm.clang.1_0.compiler (in target 'unimoduleProbe' from project 'Probe')
    cd /Users/runner/work/hw-baidu-navi-specs/hw-baidu-navi-specs/probe/B
    /Applications/Xcode_15.4.app/Contents/Developer/Toolchains/XcodeDefault.xctoolchain/usr/bin/clang -x c -ivfsstatcache /Users/runner/Library/Developer/Xcode/DerivedData/SDKStatCaches.noindex/iphoneos17.5-21F77-f0fa7969d082b13145125136a829df3a.sdkstatcache -fmessage-length\=0 -fdiagnostics-show-note-include-stack -fmacro-backtrace-limit\=0 -fno-color-diagnostics -fmodules-prune-interval\=86400 -fmodules-prune-after\=345600 -fbuild-session-file\=/Users/runner/Library/Developer/Xcode/DerivedData/ModuleCache.noindex/Session.modulevalidation -fmodules-validate-once-per-build-session -Wnon-modular-include-in-framework-module -Werror\=non-modular-include-in-framework-module -Wno-trigraphs -Wno-missing-field-initializers -Wno-missing-prototypes -Werror\=return-type -Wdocumentation -Wunreachable-code -Werror\=deprecated-objc-isa-usage -Werror\=objc-root-class -Wno-missing-braces -Wparentheses -Wswitch -Wunused-function -Wno-unused-label -Wno-unused-parameter -Wunused-variable -Wunused-value -Wempty-body -Wuninitialized -Wconditional-uninitialized -Wno-unknown-pragmas -Wno-shadow -Wno-four-char-constants -Wno-conversion -Wconstant-conversion -Wint-conversion -Wbool-conversion -Wenum-conversion -Wno-float-conversion -Wnon-literal-null-conversion -Wobjc-literal-conversion -Wshorten-64-to-32 -Wpointer-sign -Wno-newline-eof -Wno-implicit-fallthrough -fstrict-aliasing -Wdeprecated-declarations -Wno-sign-conversion -Winfinite-recursion -Wcomma -Wblock-capture-autoreleasing -Wstrict-prototypes -Wno-semicolon-before-method-body -Wunguarded-availability -index-store-path /Users/runner/Library/Developer/Xcode/DerivedData/Probe-ekfbkukithifuccjqocbdrxgxvkg/Index.noindex/DataStore @/Users/runner/Library/Developer/Xcode/DerivedData/Probe-ekfbkukithifuccjqocbdrxgxvkg/Build/Intermediates.noindex/Probe.build/Debug-iphoneos/unimoduleProbe.build/Objects-normal/arm64/7187679823f38a2a940e0043cdf9d637-common-args.resp -MMD -MT dependencies -MF /Users/runner/Library/Developer/Xcode/DerivedData/Probe-ekfbkukithifuccjqocbdrxgxvkg/Build/Intermediates.noindex/Probe.build/Debug-iphoneos/unimoduleProbe.build/Objects-normal/arm64/unimoduleProbe_vers.d --serialize-diagnostics /Users/runner/Library/Developer/Xcode/DerivedData/Probe-ekfbkukithifuccjqocbdrxgxvkg/Build/Intermediates.noindex/Probe.build/Debug-iphoneos/unimoduleProbe.build/Objects-normal/arm64/unimoduleProbe_vers.dia -c /Users/runner/Library/Developer/Xcode/DerivedData/Probe-ekfbkukithifuccjqocbdrxgxvkg/Build/Intermediates.noindex/Probe.build/Debug-iphoneos/unimoduleProbe.build/DerivedSources/unimoduleProbe_vers.c -o /Users/runner/Library/Developer/Xcode/DerivedData/Probe-ekfbkukithifuccjqocbdrxgxvkg/Build/Intermediates.noindex/Probe.build/Debug-iphoneos/unimoduleProbe.build/Objects-normal/arm64/unimoduleProbe_vers.o -index-unit-output-path /Probe.build/Debug-iphoneos/unimoduleProbe.build/Objects-normal/arm64/unimoduleProbe_vers.o

CompileC /Users/runner/Library/Developer/Xcode/DerivedData/Probe-ekfbkukithifuccjqocbdrxgxvkg/Build/Intermediates.noindex/Probe.build/Debug-iphoneos/unimoduleProbe.build/Objects-normal/arm64/probe.o /Users/runner/work/hw-baidu-navi-specs/hw-baidu-navi-specs/probe/B/probe.m normal arm64 objective-c com.apple.compilers.llvm.clang.1_0.compiler (in target 'unimoduleProbe' from project 'Probe')
    cd /Users/runner/work/hw-baidu-navi-specs/hw-baidu-navi-specs/probe/B
    /Applications/Xcode_15.4.app/Contents/Developer/Toolchains/XcodeDefault.xctoolchain/usr/bin/clang -x objective-c -ivfsstatcache /Users/runner/Library/Developer/Xcode/DerivedData/SDKStatCaches.noindex/iphoneos17.5-21F77-f0fa7969d082b13145125136a829df3a.sdkstatcache -fmessage-length\=0 -fdiagnostics-show-note-include-stack -fmacro-backtrace-limit\=0 -fno-color-diagnostics -fmodules-prune-interval\=86400 -fmodules-prune-after\=345600 -fbuild-session-file\=/Users/runner/Library/Developer/Xcode/DerivedData/ModuleCache.noindex/Session.modulevalidation -fmodules-validate-once-per-build-session -Wnon-modular-include-in-framework-module -Werror\=non-modular-include-in-framework-module -Wno-trigraphs -Wno-missing-field-initializers -Wno-missing-prototypes -Werror\=return-type -Wdocumentation -Wunreachable-code -Wno-implicit-atomic-properties -Werror\=deprecated-objc-isa-usage -Wno-objc-interface-ivars -Werror\=objc-root-class -Wno-arc-repeated-use-of-weak -Wimplicit-retain-self -Wduplicate-method-match -Wno-missing-braces -Wparentheses -Wswitch -Wunused-function -Wno-unused-label -Wno-unused-parameter -Wunused-variable -Wunused-value -Wempty-body -Wuninitialized -Wconditional-uninitialized -Wno-unknown-pragmas -Wno-shadow -Wno-four-char-constants -Wno-conversion -Wconstant-conversion -Wint-conversion -Wbool-conversion -Wenum-conversion -Wno-float-conversion -Wnon-literal-null-conversion -Wobjc-literal-conversion -Wshorten-64-to-32 -Wpointer-sign -Wno-newline-eof -Wno-selector -Wno-strict-selector-match -Wundeclared-selector -Wdeprecated-implementations -Wno-implicit-fallthrough -fstrict-aliasing -Wprotocol -Wdeprecated-declarations -Wno-sign-conversion -Winfinite-recursion -Wcomma -Wblock-capture-autoreleasing -Wstrict-prototypes -Wno-semicolon-before-method-body -Wunguarded-availability -index-store-path /Users/runner/Library/Developer/Xcode/DerivedData/Probe-ekfbkukithifuccjqocbdrxgxvkg/Index.noindex/DataStore @/Users/runner/Library/Developer/Xcode/DerivedData/Probe-ekfbkukithifuccjqocbdrxgxvkg/Build/Intermediates.noindex/Probe.build/Debug-iphoneos/unimoduleProbe.build/Objects-normal/arm64/e6072d4f65d7061329687fe24e3d63a7-common-args.resp -MMD -MT dependencies -MF /Users/runner/Library/Developer/Xcode/DerivedData/Probe-ekfbkukithifuccjqocbdrxgxvkg/Build/Intermediates.noindex/Probe.build/Debug-iphoneos/unimoduleProbe.build/Objects-normal/arm64/probe.d --serialize-diagnostics /Users/runner/Library/Developer/Xcode/DerivedData/Probe-ekfbkukithifuccjqocbdrxgxvkg/Build/Intermediates.noindex/Probe.build/Debug-iphoneos/unimoduleProbe.build/Objects-normal/arm64/probe.dia -c /Users/runner/work/hw-baidu-navi-specs/hw-baidu-navi-specs/probe/B/probe.m -o /Users/runner/Library/Developer/Xcode/DerivedData/Probe-ekfbkukithifuccjqocbdrxgxvkg/Build/Intermediates.noindex/Probe.build/Debug-iphoneos/unimoduleProbe.build/Objects-normal/arm64/probe.o -index-unit-output-path /Probe.build/Debug-iphoneos/unimoduleProbe.build/Objects-normal/arm64/probe.o

SwiftDriverJobDiscovery normal arm64 Compiling dummy.swift (in target 'unimoduleProbe' from project 'Probe')

SwiftDriver\ Compilation unimoduleProbe normal arm64 com.apple.xcode.tools.swift.compiler (in target 'unimoduleProbe' from project 'Probe')
    cd /Users/runner/work/hw-baidu-navi-specs/hw-baidu-navi-specs/probe/B
    builtin-Swift-Compilation -- /Applications/Xcode_15.4.app/Contents/Developer/Toolchains/XcodeDefault.xctoolchain/usr/bin/swiftc -module-name unimoduleProbe -Onone -enforce-exclusivity\=checked @/Users/runner/Library/Developer/Xcode/DerivedData/Probe-ekfbkukithifuccjqocbdrxgxvkg/Build/Intermediates.noindex/Probe.build/Debug-iphoneos/unimoduleProbe.build/Objects-normal/arm64/unimoduleProbe.SwiftFileList -DDEBUG -sdk /Applications/Xcode_15.4.app/Contents/Developer/Platforms/iPhoneOS.platform/Developer/SDKs/iPhoneOS17.5.sdk -target arm64-apple-ios14.0 -enable-bare-slash-regex -g -module-cache-path /Users/runner/Library/Developer/Xcode/DerivedData/ModuleCache.noindex -Xfrontend -serialize-debugging-options -enable-testing -index-store-path /Users/runner/Library/Developer/Xcode/DerivedData/Probe-ekfbkukithifuccjqocbdrxgxvkg/Index.noindex/DataStore -swift-version 5 -I /Users/runner/Library/Developer/Xcode/DerivedData/Probe-ekfbkukithifuccjqocbdrxgxvkg/Build/Products/Debug-iphoneos -F /Users/runner/Library/Developer/Xcode/DerivedData/Probe-ekfbkukithifuccjqocbdrxgxvkg/Build/Products/Debug-iphoneos -F /Users/runner/Library/Developer/Xcode/DerivedData/Probe-ekfbkukithifuccjqocbdrxgxvkg/Build/Products/Debug-iphoneos/Masonry -F /Users/runner/work/hw-baidu-navi-specs/hw-baidu-navi-specs/probe/B/Pods/BaiduNaviKit3 -F /Users/runner/work/hw-baidu-navi-specs/hw-baidu-navi-specs/probe/B/Pods/BaiduNaviKit3/BaiduTraceKit -F /Users/runner/work/hw-baidu-navi-specs/hw-baidu-navi-specs/probe/B/Pods/BaiduNaviKit3/MapSDK -F /Users/runner/work/hw-baidu-navi-specs/hw-baidu-navi-specs/probe/B/Pods/OpenCV -parse-as-library -c -j3 -enable-batch-mode -incremental -Xcc -ivfsstatcache -Xcc /Users/runner/Library/Developer/Xcode/DerivedData/SDKStatCaches.noindex/iphoneos17.5-21F77-f0fa7969d082b13145125136a829df3a.sdkstatcache -output-file-map /Users/runner/Library/Developer/Xcode/DerivedData/Probe-ekfbkukithifuccjqocbdrxgxvkg/Build/Intermediates.noindex/Probe.build/Debug-iphoneos/unimoduleProbe.build/Objects-normal/arm64/unimoduleProbe-OutputFileMap.json -use-frontend-parseable-output -save-temps -no-color-diagnostics -serialize-diagnostics -emit-dependencies -emit-module -emit-module-path /Users/runner/Library/Developer/Xcode/DerivedData/Probe-ekfbkukithifuccjqocbdrxgxvkg/Build/Intermediates.noindex/Probe.build/Debug-iphoneos/unimoduleProbe.build/Objects-normal/arm64/unimoduleProbe.swiftmodule -validate-clang-modules-once -clang-build-session-file /Users/runner/Library/Developer/Xcode/DerivedData/ModuleCache.noindex/Session.modulevalidation -Xcc -I/Users/runner/Library/Developer/Xcode/DerivedData/Probe-ekfbkukithifuccjqocbdrxgxvkg/Build/Intermediates.noindex/Probe.build/Debug-iphoneos/unimoduleProbe.build/swift-overrides.hmap -emit-const-values -Xfrontend -const-gather-protocols-file -Xfrontend /Users/runner/Library/Developer/Xcode/DerivedData/Probe-ekfbkukithifuccjqocbdrxgxvkg/Build/Intermediates.noindex/Probe.build/Debug-iphoneos/unimoduleProbe.build/Objects-normal/arm64/unimoduleProbe_const_extract_protocols.json -Xcc -iquote -Xcc /Users/runner/Library/Developer/Xcode/DerivedData/Probe-ekfbkukithifuccjqocbdrxgxvkg/Build/Intermediates.noindex/Probe.build/Debug-iphoneos/unimoduleProbe.build/unimoduleProbe-generated-files.hmap -Xcc -I/Users/runner/Library/Developer/Xcode/DerivedData/Probe-ekfbkukithifuccjqocbdrxgxvkg/Build/Intermediates.noindex/Probe.build/Debug-iphoneos/unimoduleProbe.build/unimoduleProbe-own-target-headers.hmap -Xcc -I/Users/runner/Library/Developer/Xcode/DerivedData/Probe-ekfbkukithifuccjqocbdrxgxvkg/Build/Intermediates.noindex/Probe.build/Debug-iphoneos/unimoduleProbe.build/unimoduleProbe-all-non-framework-target-headers.hmap -Xcc -ivfsoverlay -Xcc /Users/runner/Library/Developer/Xcode/DerivedData/Probe-ekfbkukithifuccjqocbdrxgxvkg/Build/Intermediates.noindex/Probe.build/Debug-iphoneos/unimoduleProbe.build/all-product-headers.yaml -Xcc -iquote -Xcc /Users/runner/Library/Developer/Xcode/DerivedData/Probe-ekfbkukithifuccjqocbdrxgxvkg/Build/Intermediates.noindex/Probe.build/Debug-iphoneos/unimoduleProbe.build/unimoduleProbe-project-headers.hmap -Xcc -I/Users/runner/Library/Developer/Xcode/DerivedData/Probe-ekfbkukithifuccjqocbdrxgxvkg/Build/Products/Debug-iphoneos/include -Xcc -I/Users/runner/Library/Developer/Xcode/DerivedData/Probe-ekfbkukithifuccjqocbdrxgxvkg/Build/Products/Debug-iphoneos/Masonry/Masonry.framework/Headers -Xcc -I/Users/runner/Library/Developer/Xcode/DerivedData/Probe-ekfbkukithifuccjqocbdrxgxvkg/Build/Intermediates.noindex/Probe.build/Debug-iphoneos/unimoduleProbe.build/DerivedSources-normal/arm64 -Xcc -I/Users/runner/Library/Developer/Xcode/DerivedData/Probe-ekfbkukithifuccjqocbdrxgxvkg/Build/Intermediates.noindex/Probe.build/Debug-iphoneos/unimoduleProbe.build/DerivedSources/arm64 -Xcc -I/Users/runner/Library/Developer/Xcode/DerivedData/Probe-ekfbkukithifuccjqocbdrxgxvkg/Build/Intermediates.noindex/Probe.build/Debug-iphoneos/unimoduleProbe.build/DerivedSources -Xcc -DDEBUG\=1 -Xcc -DCOCOAPODS\=1 -emit-objc-header -emit-objc-header-path /Users/runner/Library/Developer/Xcode/DerivedData/Probe-ekfbkukithifuccjqocbdrxgxvkg/Build/Intermediates.noindex/Probe.build/Debug-iphoneos/unimoduleProbe.build/Objects-normal/arm64/unimoduleProbe-Swift.h -working-directory /Users/runner/work/hw-baidu-navi-specs/hw-baidu-navi-specs/probe/B -experimental-emit-module-separately -disable-cmo

Ld /Users/runner/Library/Developer/Xcode/DerivedData/Probe-ekfbkukithifuccjqocbdrxgxvkg/Build/Products/Debug-iphoneos/unimoduleProbe.framework/unimoduleProbe normal (in target 'unimoduleProbe' from project 'Probe')
    cd /Users/runner/work/hw-baidu-navi-specs/hw-baidu-navi-specs/probe/B
    /Applications/Xcode_15.4.app/Contents/Developer/Toolchains/XcodeDefault.xctoolchain/usr/bin/clang -Xlinker -reproducible -target arm64-apple-ios14.0 -dynamiclib -isysroot /Applications/Xcode_15.4.app/Contents/Developer/Platforms/iPhoneOS.platform/Developer/SDKs/iPhoneOS17.5.sdk -O0 -L/Users/runner/Library/Developer/Xcode/DerivedData/Probe-ekfbkukithifuccjqocbdrxgxvkg/Build/Intermediates.noindex/EagerLinkingTBDs/Debug-iphoneos -L/Users/runner/Library/Developer/Xcode/DerivedData/Probe-ekfbkukithifuccjqocbdrxgxvkg/Build/Products/Debug-iphoneos -L/Users/runner/work/hw-baidu-navi-specs/hw-baidu-navi-specs/probe/B/Pods/BaiduNaviKit3/MapSDK/thirdlibs -F/Users/runner/Library/Developer/Xcode/DerivedData/Probe-ekfbkukithifuccjqocbdrxgxvkg/Build/Intermediates.noindex/EagerLinkingTBDs/Debug-iphoneos -F/Users/runner/Library/Developer/Xcode/DerivedData/Probe-ekfbkukithifuccjqocbdrxgxvkg/Build/Products/Debug-iphoneos -F/Users/runner/Library/Developer/Xcode/DerivedData/Probe-ekfbkukithifuccjqocbdrxgxvkg/Build/Products/Debug-iphoneos/Masonry -F/Users/runner/work/hw-baidu-navi-specs/hw-baidu-navi-specs/probe/B/Pods/BaiduNaviKit3 -F/Users/runner/work/hw-baidu-navi-specs/hw-baidu-navi-specs/probe/B/Pods/BaiduNaviKit3/BaiduTraceKit -F/Users/runner/work/hw-baidu-navi-specs/hw-baidu-navi-specs/probe/B/Pods/BaiduNaviKit3/MapSDK -F/Users/runner/work/hw-baidu-navi-specs/hw-baidu-navi-specs/probe/B/Pods/OpenCV -filelist /Users/runner/Library/Developer/Xcode/DerivedData/Probe-ekfbkukithifuccjqocbdrxgxvkg/Build/Intermediates.noindex/Probe.build/Debug-iphoneos/unimoduleProbe.build/Objects-normal/arm64/unimoduleProbe.LinkFileList -install_name @rpath/unimoduleProbe.framework/unimoduleProbe -Xlinker -rpath -Xlinker /usr/lib/swift -Xlinker -rpath -Xlinker @executable_path/Frameworks -Xlinker -rpath -Xlinker @loader_path/Frameworks -Xlinker -rpath -Xlinker @executable_path/../../Frameworks -dead_strip -Xlinker -object_path_lto -Xlinker /Users/runner/Library/Developer/Xcode/DerivedData/Probe-ekfbkukithifuccjqocbdrxgxvkg/Build/Intermediates.noindex/Probe.build/Debug-iphoneos/unimoduleProbe.build/Objects-normal/arm64/unimoduleProbe_lto.o -Xlinker -export_dynamic -Xlinker -no_deduplicate -fobjc-arc -fobjc-link-runtime -L/Applications/Xcode_15.4.app/Contents/Developer/Toolchains/XcodeDefault.xctoolchain/usr/lib/swift/iphoneos -L/usr/lib/swift -Xlinker -add_ast_path -Xlinker /Users/runner/Library/Developer/Xcode/DerivedData/Probe-ekfbkukithifuccjqocbdrxgxvkg/Build/Intermediates.noindex/Probe.build/Debug-iphoneos/unimoduleProbe.build/Objects-normal/arm64/unimoduleProbe.swiftmodule -ObjC -w -lc++ -lcrypto -liconv -lsqlite3.0 -lssl -lz -framework AVFAudio -framework AVFoundation -framework Accelerate -framework AdSupport -framework AssetsLibrary -framework BaiduMapAPI_Base -framework BaiduMapAPI_Map -framework BaiduMapAPI_Search -framework BaiduMapAPI_Utils -framework BaiduMapAPI_WalkNavi -framework BaiduNaviSDK -framework BaiduNaviTTS -framework BaiduTraceSDK -framework CoreBluetooth -framework CoreGraphics -framework CoreLocation -framework CoreMedia -framework CoreMotion -framework CoreTelephony -framework CoreVideo -framework Foundation -framework MapKit -framework Masonry -framework MediaPlayer -framework MobileCoreServices -framework QuartzCore -framework Security -framework SystemConfiguration -framework UIKit -framework UserNotifications -framework WebKit -framework opencv2 -framework Foundation -framework Pods_unimoduleProbe -compatibility_version 1 -current_version 1 -Xlinker -dependency_info -Xlinker /Users/runner/Library/Developer/Xcode/DerivedData/Probe-ekfbkukithifuccjqocbdrxgxvkg/Build/Intermediates.noindex/Probe.build/Debug-iphoneos/unimoduleProbe.build/Objects-normal/arm64/unimoduleProbe_dependency_info.dat -o /Users/runner/Library/Developer/Xcode/DerivedData/Probe-ekfbkukithifuccjqocbdrxgxvkg/Build/Products/Debug-iphoneos/unimoduleProbe.framework/unimoduleProbe

WriteAuxiliaryFile /Users/runner/Library/Developer/Xcode/DerivedData/Probe-ekfbkukithifuccjqocbdrxgxvkg/Build/Intermediates.noindex/Probe.build/Debug-iphoneos/unimoduleProbe.build/Script-57102E95E1E07FD759399C90.sh (in target 'unimoduleProbe' from project 'Probe')
    cd /Users/runner/work/hw-baidu-navi-specs/hw-baidu-navi-specs/probe/B
    write-file /Users/runner/Library/Developer/Xcode/DerivedData/Probe-ekfbkukithifuccjqocbdrxgxvkg/Build/Intermediates.noindex/Probe.build/Debug-iphoneos/unimoduleProbe.build/Script-57102E95E1E07FD759399C90.sh

PhaseScriptExecution [CP]\ Copy\ Pods\ Resources /Users/runner/Library/Developer/Xcode/DerivedData/Probe-ekfbkukithifuccjqocbdrxgxvkg/Build/Intermediates.noindex/Probe.build/Debug-iphoneos/unimoduleProbe.build/Script-57102E95E1E07FD759399C90.sh (in target 'unimoduleProbe' from project 'Probe')
    cd /Users/runner/work/hw-baidu-navi-specs/hw-baidu-navi-specs/probe/B
    /bin/sh -c /Users/runner/Library/Developer/Xcode/DerivedData/Probe-ekfbkukithifuccjqocbdrxgxvkg/Build/Intermediates.noindex/Probe.build/Debug-iphoneos/unimoduleProbe.build/Script-57102E95E1E07FD759399C90.sh
/Users/runner/work/hw-baidu-navi-specs/hw-baidu-navi-specs/probe/B/Pods/BaiduNaviKit3/MapSDK/BaiduMapAPI_Map.framework/mapapi.bundle
/Users/runner/work/hw-baidu-navi-specs/hw-baidu-navi-specs/probe/B/Pods/BaiduNaviKit3/baiduNaviSDK.bundle
/Users/runner/work/hw-baidu-navi-specs/hw-baidu-navi-specs/probe/B/Pods/BaiduNaviKit3/mode.bundle
/Users/runner/work/hw-baidu-navi-specs/hw-baidu-navi-specs/probe/B/Pods/BaiduNaviKit3/baiduTTSSDK.bundle
/Users/runner/work/hw-baidu-navi-specs/hw-baidu-navi-specs/probe/B/Pods/BaiduNaviKit3/MapSDK/BaiduMapAPI_WalkNavi.framework/navigation.bundle
building file list ... done
baiduNaviSDK.bundle/
baiduNaviSDK.bundle/dark.plist
baiduNaviSDK.bundle/default.plist
baiduNaviSDK.bundle/cfg/
baiduNaviSDK.bundle/cfg/BNUGCNewUploadDefaultConfig.plist
baiduNaviSDK.bundle/cfg/BNUGCUploadDefaultConfig.plist
baiduNaviSDK.bundle/cfg/BNURLConfig.plist
baiduNaviSDK.bundle/cfg/CMRequire.dat
baiduNaviSDK.bundle/cfg/MP.dat
baiduNaviSDK.bundle/cfg/NaviDistrict.cfg
baiduNaviSDK.bundle/cfg/PlaceField.dat
baiduNaviSDK.bundle/cfg/VerDatset.dat
baiduNaviSDK.bundle/cfg/WP.dat
baiduNaviSDK.bundle/cfg/bdtts_license.dat
baiduNaviSDK.bundle/cfg/catalog.dat
baiduNaviSDK.bundle/cfg/catalogStorage.dat
baiduNaviSDK.bundle/cfg/cityConstraint.cfg
baiduNaviSDK.bundle/cfg/dadada.mp3
baiduNaviSDK.bundle/cfg/dangdang.mp3
baiduNaviSDK.bundle/cfg/dididi.mp3
baiduNaviSDK.bundle/cfg/ding.mp3
baiduNaviSDK.bundle/cfg/ding2.mp3
baiduNaviSDK.bundle/cfg/district.dat
baiduNaviSDK.bundle/cfg/dududu.mp3
baiduNaviSDK.bundle/cfg/guidance_polyphone.dat
baiduNaviSDK.bundle/cfg/hahaha.mp3
baiduNaviSDK.bundle/cfg/navi2imageData_i18n.dat
baiduNaviSDK.bundle/cfg/naviDataCfg.dat
baiduNaviSDK.bundle/cfg/naviDataCfg_i18n.dat
baiduNaviSDK.bundle/cfg/nonono.mp3
baiduNaviSDK.bundle/cfg/paopao.wav
baiduNaviSDK.bundle/cfg/record_start.caf
baiduNaviSDK.bundle/cfg/rg.tpl
baiduNaviSDK.bundle/cfg/ugc_light_inquiry.mp3
baiduNaviSDK.bundle/cfg/yuyuyu.mp3
baiduNaviSDK.bundle/cfg/baiduvoicedata/
baiduNaviSDK.bundle/cfg/baiduvoicedata/common/
baiduNaviSDK.bundle/cfg/baiduvoicedata/common/16k/
baiduNaviSDK.bundle/cfg/baiduvoicedata/common/16k/dynamic.dat
baiduNaviSDK.bundle/cfg/baiduvoicedata/common/16k/keyword
baiduNaviSDK.bundle/cfg/baiduvoicedata/common/16k/tagvalue
baiduNaviSDK.bundle/cfg/baiduvoicedata/common/24k/
baiduNaviSDK.bundle/cfg/baiduvoicedata/common/24k/dynamic.dat
baiduNaviSDK.bundle/cfg/baiduvoicedata/common/24k/keyword
baiduNaviSDK.bundle/cfg/baiduvoicedata/common/24k/tagvalue
baiduNaviSDK.bundle/cfg/cfg/
baiduNaviSDK.bundle/cfg/cfg/a/
baiduNaviSDK.bundle/cfg/cfg/a/VerDatset.dat
baiduNaviSDK.bundle/cfg/cfg/a/navicfgversion.cfg
baiduNaviSDK.bundle/cfg/cfg/h/
baiduNaviSDK.bundle/cfg/cfg/h/DVDirectory.cfg
baiduNaviSDK.bundle/cfg/cfg/h/DVHotcity.cfg
baiduNaviSDK.bundle/cfg/cfg/h/DVStreet.cfg
baiduNaviSDK.bundle/cfg/cfg/h/DVVersion.cfg
baiduNaviSDK.bundle/en.lproj/
baiduNaviSDK.bundle/en.lproj/Localizable.strings
baiduNaviSDK.bundle/image/
baiduNaviSDK.bundle/image/3D_ic_lane_2cross_left_straight@3x.png
baiduNaviSDK.bundle/image/3D_ic_lane_2cross_left_straight_bright@3x.png
baiduNaviSDK.bundle/image/3D_ic_lane_2cross_left_straight_gray@3x.png
baiduNaviSDK.bundle/image/3D_ic_lane_2cross_right_straight@3x.png
baiduNaviSDK.bundle/image/3D_ic_lane_2cross_right_straight_bright@3x.png
baiduNaviSDK.bundle/image/3D_ic_lane_2cross_right_straight_gray@3x.png
baiduNaviSDK.bundle/image/3D_ic_lane_2cross_turn_left@3x.png
baiduNaviSDK.bundle/image/3D_ic_lane_2cross_turn_right@3x.png
baiduNaviSDK.bundle/image/3D_ic_lane_3cross_bright@3x.png
baiduNaviSDK.bundle/image/3D_ic_lane_3cross_gray@3x.png
baiduNaviSDK.bundle/image/3D_ic_lane_3cross_straight@3x.png
baiduNaviSDK.bundle/image/3D_ic_lane_3cross_turn_left@3x.png
baiduNaviSDK.bundle/image/3D_ic_lane_3cross_turn_right@3x.png
baiduNaviSDK.bundle/image/3D_ic_lane_around_and_left@3x.png
baiduNaviSDK.bundle/image/3D_ic_lane_around_and_left_bright@3x.png
baiduNaviSDK.bundle/image/3D_ic_lane_around_and_left_gray@3x.png
baiduNaviSDK.bundle/image/3D_ic_lane_around_and_right@3x.png
baiduNaviSDK.bundle/image/3D_ic_lane_around_and_right_bright@3x.png
baiduNaviSDK.bundle/image/3D_ic_lane_around_and_right_gray@3x.png
baiduNaviSDK.bundle/image/3D_ic_lane_around_and_straight@3x.png
baiduNaviSDK.bundle/image/3D_ic_lane_around_and_straight_bright@3x.png
baiduNaviSDK.bundle/image/3D_ic_lane_around_and_straight_gray@3x.png
baiduNaviSDK.bundle/image/3D_ic_lane_around_left_right@3x.png
baiduNaviSDK.bundle/image/3D_ic_lane_around_left_right_bright@3x.png
baiduNaviSDK.bundle/image/3D_ic_lane_around_left_right_gray@3x.png
baiduNaviSDK.bundle/image/3D_ic_lane_around_left_right_straight@3x.png
baiduNaviSDK.bundle/image/3D_ic_lane_around_left_right_straight_bright@3x.png
baiduNaviSDK.bundle/image/3D_ic_lane_around_left_right_straight_gray@3x.png
baiduNaviSDK.bundle/image/3D_ic_lane_around_left_straight@3x.png
baiduNaviSDK.bundle/image/3D_ic_lane_around_left_straight_bright@3x.png
baiduNaviSDK.bundle/image/3D_ic_lane_around_left_straight_gray@3x.png
baiduNaviSDK.bundle/image/3D_ic_lane_around_right_straight@3x.png
baiduNaviSDK.bundle/image/3D_ic_lane_around_right_straight_bright@3x.png
baiduNaviSDK.bundle/image/3D_ic_lane_around_right_straight_gray@3x.png
baiduNaviSDK.bundle/image/3D_ic_lane_bus@3x.png
baiduNaviSDK.bundle/image/3D_ic_lane_bus_2cross_left_straight_bright@3x.png
baiduNaviSDK.bundle/image/3D_ic_lane_bus_2cross_left_straight_gray@3x.png
baiduNaviSDK.bundle/image/3D_ic_lane_bus_2cross_right_straight_bright@3x.png
baiduNaviSDK.bundle/image/3D_ic_lane_bus_2cross_right_straight_gray@3x.png
baiduNaviSDK.bundle/image/3D_ic_lane_bus_3cross_bright@3x.png
baiduNaviSDK.bundle/image/3D_ic_lane_bus_3cross_gray@3x.png
baiduNaviSDK.bundle/image/3D_ic_lane_bus_around_and_left_bright@3x.png
baiduNaviSDK.bundle/image/3D_ic_lane_bus_around_and_left_gray@3x.png
baiduNaviSDK.bundle/image/3D_ic_lane_bus_around_and_right_bright@3x.png
baiduNaviSDK.bundle/image/3D_ic_lane_bus_around_and_right_gray@3x.png
baiduNaviSDK.bundle/image/3D_ic_lane_bus_around_and_straight_bright@3x.png
baiduNaviSDK.bundle/image/3D_ic_lane_bus_around_and_straight_gray@3x.png
baiduNaviSDK.bundle/image/3D_ic_lane_bus_around_left_right_bright@3x.png
baiduNaviSDK.bundle/image/3D_ic_lane_bus_around_left_right_gray@3x.png
baiduNaviSDK.bundle/image/3D_ic_lane_bus_around_left_straight_bright@3x.png
baiduNaviSDK.bundle/image/3D_ic_lane_bus_around_left_straight_gray@3x.png
baiduNaviSDK.bundle/image/3D_ic_lane_bus_around_right_straight_bright@3x.png
baiduNaviSDK.bundle/image/3D_ic_lane_bus_around_right_straight_gray@3x.png
baiduNaviSDK.bundle/image/3D_ic_lane_bus_left_and_right_bright@3x.png
baiduNaviSDK.bundle/image/3D_ic_lane_bus_left_and_right_gray@3x.png
baiduNaviSDK.bundle/image/3D_ic_lane_bus_straight_bright@3x.png
baiduNaviSDK.bundle/image/3D_ic_lane_bus_straight_gray@3x.png
baiduNaviSDK.bundle/image/3D_ic_lane_bus_text@3x.png
baiduNaviSDK.bundle/image/3D_ic_lane_bus_turn_around@3x.png
baiduNaviSDK.bundle/image/3D_ic_lane_bus_turn_around_left_bright@3x.png
baiduNaviSDK.bundle/image/3D_ic_lane_bus_turn_around_left_gray@3x.png
baiduNaviSDK.bundle/image/3D_ic_lane_bus_turn_front@3x.png
baiduNaviSDK.bundle/image/3D_ic_lane_bus_turn_left@3x.png
baiduNaviSDK.bundle/image/3D_ic_lane_bus_turn_left_90_bright@3x.png
baiduNaviSDK.bundle/image/3D_ic_lane_bus_turn_left_90_gray@3x.png
baiduNaviSDK.bundle/image/3D_ic_lane_bus_turn_right@3x.png
baiduNaviSDK.bundle/image/3D_ic_lane_bus_turn_right_90_bright@3x.png
baiduNaviSDK.bundle/image/3D_ic_lane_bus_turn_right_90_gray@3x.png
baiduNaviSDK.bundle/image/3D_ic_lane_dotted_line@3x.png
baiduNaviSDK.bundle/image/3D_ic_lane_hov@3x.png
baiduNaviSDK.bundle/image/3D_ic_lane_hov_bright@3x.png
baiduNaviSDK.bundle/image/3D_ic_lane_left_and_around@3x.png
baiduNaviSDK.bundle/image/3D_ic_lane_left_and_right@3x.png
baiduNaviSDK.bundle/image/3D_ic_lane_left_and_right_bright@3x.png
baiduNaviSDK.bundle/image/3D_ic_lane_left_and_right_gray@3x.png
baiduNaviSDK.bundle/image/3D_ic_lane_left_around_right@3x.png
baiduNaviSDK.bundle/image/3D_ic_lane_left_around_right_straight@3x.png
baiduNaviSDK.bundle/image/3D_ic_lane_left_around_straight@3x.png
baiduNaviSDK.bundle/image/3D_ic_lane_olympic_winter_games@3x.png
baiduNaviSDK.bundle/image/3D_ic_lane_right_and_around@3x.png
baiduNaviSDK.bundle/image/3D_ic_lane_right_and_left@3x.png
baiduNaviSDK.bundle/image/3D_ic_lane_right_around_left@3x.png
baiduNaviSDK.bundle/image/3D_ic_lane_right_around_left_straight@3x.png
baiduNaviSDK.bundle/image/3D_ic_lane_right_around_straight@3x.png
baiduNaviSDK.bundle/image/3D_ic_lane_straight@3x.png
baiduNaviSDK.bundle/image/3D_ic_lane_straight_and_around@3x.png
baiduNaviSDK.bundle/image/3D_ic_lane_straight_around_left_right@3x.png
baiduNaviSDK.bundle/image/3D_ic_lane_straight_gray@3x.png
baiduNaviSDK.bundle/image/3D_ic_lane_straight_gray_mask@3x.png
baiduNaviSDK.bundle/image/3D_ic_lane_straight_left_around@3x.png
baiduNaviSDK.bundle/image/3D_ic_lane_straight_mask@3x.png
baiduNaviSDK.bundle/image/3D_ic_lane_straight_right_around@3x.png
baiduNaviSDK.bundle/image/3D_ic_lane_tidal_available@3x.png
baiduNaviSDK.bundle/image/3D_ic_lane_tidal_available_bright@3x.png
baiduNaviSDK.bundle/image/3D_ic_lane_tidal_back@3x.png
baiduNaviSDK.bundle/image/3D_ic_lane_tidal_back_bright@3x.png
baiduNaviSDK.bundle/image/3D_ic_lane_tidal_front@3x.png
baiduNaviSDK.bundle/image/3D_ic_lane_tidal_front_bright@3x.png
baiduNaviSDK.bundle/image/3D_ic_lane_tidal_left@3x.png
baiduNaviSDK.bundle/image/3D_ic_lane_tidal_left_bright@3x.png
baiduNaviSDK.bundle/image/3D_ic_lane_tidal_right@3x.png
baiduNaviSDK.bundle/image/3D_ic_lane_tidal_right_bright@3x.png
baiduNaviSDK.bundle/image/3D_ic_lane_tidal_text@3x.png
baiduNaviSDK.bundle/image/3D_ic_lane_tidal_text_bright@3x.png
baiduNaviSDK.bundle/image/3D_ic_lane_turn_around_left@3x.png
baiduNaviSDK.bundle/image/3D_ic_lane_turn_around_left_gray@3x.png
baiduNaviSDK.bundle/image/3D_ic_lane_turn_around_left_gray_mask@3x.png
baiduNaviSDK.bundle/image/3D_ic_lane_turn_around_left_mask@3x.png
baiduNaviSDK.bundle/image/3D_ic_lane_turn_left_90@3x.png
baiduNaviSDK.bundle/image/3D_ic_lane_turn_left_90_gray@3x.png
baiduNaviSDK.bundle/image/3D_ic_lane_turn_left_90_gray_mask@3x.png
baiduNaviSDK.bundle/image/3D_ic_lane_turn_left_90_mask@3x.png
baiduNaviSDK.bundle/image/3D_ic_lane_turn_right_90@3x.png
baiduNaviSDK.bundle/image/3D_ic_lane_turn_right_90_gray@3x.png
baiduNaviSDK.bundle/image/3D_ic_lane_turn_right_90_gray_mask@3x.png
baiduNaviSDK.bundle/image/3D_ic_lane_turn_right_90_mask@3x.png
baiduNaviSDK.bundle/image/3D_ic_lane_variable@3x.png
baiduNaviSDK.bundle/image/3D_ic_lane_variable_bright@3x.png
baiduNaviSDK.bundle/image/BNaviDialogAlertButton.png
baiduNaviSDK.bundle/image/BNaviDialogAlertButton_select.png
baiduNaviSDK.bundle/image/BNaviLocalNotic_leftBut@3x.png
baiduNaviSDK.bundle/image/BNaviLocalNotic_rightBut@3x.png
baiduNaviSDK.bundle/image/BNaviLocalNotic_rightBut@select@3x.png
baiduNaviSDK.bundle/image/Navi_Service_NormalCheck@2x.png
baiduNaviSDK.bundle/image/Navi_Service_SelectedCheck@3x.png
baiduNaviSDK.bundle/image/ProgressHub_Background@2x.png
baiduNaviSDK.bundle/image/ProgressHub_Background_dark@2x.png
baiduNaviSDK.bundle/image/accident@3x.png
baiduNaviSDK.bundle/image/arrow@3x.png
baiduNaviSDK.bundle/image/b_navi_btn_setting@3x.png
baiduNaviSDK.bundle/image/b_navi_btn_setting@night@3x.png
baiduNaviSDK.bundle/image/b_navi_car_assistant@3x.png
baiduNaviSDK.bundle/image/b_navi_car_assistant_close@3x.png
baiduNaviSDK.bundle/image/b_navi_car_assistant_close_dark@3x.png
baiduNaviSDK.bundle/image/b_navi_car_assistant_offline@3x.png
baiduNaviSDK.bundle/image/b_navi_car_assistant_selected@3x.png
baiduNaviSDK.bundle/image/b_navi_car_assistant_unselected@3x.png
baiduNaviSDK.bundle/image/b_navi_car_assistant_unselected_dark@3x.png
baiduNaviSDK.bundle/image/b_navi_car_start_navi@3x.png
baiduNaviSDK.bundle/image/b_navi_indoor_bottom@3x.png
baiduNaviSDK.bundle/image/b_navi_light_bobao@3x.png
baiduNaviSDK.bundle/image/b_navi_light_bobao_n@3x.png
baiduNaviSDK.bundle/image/b_navi_light_jingyin_n@3x.png
baiduNaviSDK.bundle/image/b_navi_parking_number_close@3x.png
baiduNaviSDK.bundle/image/b_navi_parking_number_close@night@3x.png
baiduNaviSDK.bundle/image/b_navi_parking_number_iknow@3x.png
baiduNaviSDK.bundle/image/b_navi_parking_number_logo@3x.png
baiduNaviSDK.bundle/image/b_navi_parking_number_reminder_one@3x.png
baiduNaviSDK.bundle/image/b_navi_parking_number_reminder_one@night@3x.png
baiduNaviSDK.bundle/image/b_navi_parking_number_reminder_three@3x.png
baiduNaviSDK.bundle/image/b_navi_parking_number_reminder_three@night@3x.png
baiduNaviSDK.bundle/image/b_navi_parking_number_reminder_two@3x.png
baiduNaviSDK.bundle/image/b_navi_parking_number_reminder_two@night@3x.png
baiduNaviSDK.bundle/image/baace_dynamic_isFull@3x.png
baiduNaviSDK.bundle/image/baace_dynamic_isNotFull@3x.png
baiduNaviSDK.bundle/image/baace_noselected@3x.png
baiduNaviSDK.bundle/image/baace_selected@3x.png
baiduNaviSDK.bundle/image/baiduNaviSDK_naviView_setting_car_up@3x.png
baiduNaviSDK.bundle/image/baiduNaviSDK_naviView_setting_north_up@3x.png
baiduNaviSDK.bundle/image/battery_charging@3x.png
baiduNaviSDK.bundle/image/beidou_lane_noti_icon@3x.png
baiduNaviSDK.bundle/image/bg_prossece_cur_roadname_midle@2x.png
baiduNaviSDK.bundle/image/bg_prossece_cur_roadname_midle@night@2x.png
baiduNaviSDK.bundle/image/blindbend_continuous@3x.png
baiduNaviSDK.bundle/image/blindbend_left@3x.png
baiduNaviSDK.bundle/image/blindbend_reverse@3x.png
baiduNaviSDK.bundle/image/blindbend_right@3x.png
baiduNaviSDK.bundle/image/blindslope_continuous@3x.png
baiduNaviSDK.bundle/image/blindslope_down@3x.png
baiduNaviSDK.bundle/image/blindslope_up@3x.png
baiduNaviSDK.bundle/image/bm_navi_alertClosed@3x.png
baiduNaviSDK.bundle/image/bm_navi_blue@3x.png
baiduNaviSDK.bundle/image/bm_navi_car_back_placeholder@2x.png
baiduNaviSDK.bundle/image/bm_navi_car_manager_back@3x.png
baiduNaviSDK.bundle/image/bm_navi_car_manager_back_dark@3x.png
baiduNaviSDK.bundle/image/bm_navi_car_privilege@3x.png
baiduNaviSDK.bundle/image/bm_navi_car_privilege_dark@3x.png
baiduNaviSDK.bundle/image/bm_navi_cardefault@3x.png
baiduNaviSDK.bundle/image/bm_navi_caricon@3x.png
baiduNaviSDK.bundle/image/bm_navi_electronicdog@3x.png
baiduNaviSDK.bundle/image/bm_navi_familiarroad@3x.png
baiduNaviSDK.bundle/image/bm_navi_fastnavi@3x.png
baiduNaviSDK.bundle/image/bm_navi_green@3x.png
baiduNaviSDK.bundle/image/bm_navi_grouptravel@3x.png
baiduNaviSDK.bundle/image/bm_navi_guarantee@3x.png
baiduNaviSDK.bundle/image/bm_navi_loading.png
baiduNaviSDK.bundle/image/bm_navi_loading_dark.png
baiduNaviSDK.bundle/image/bm_navi_naviset@3x.png
baiduNaviSDK.bundle/image/bm_navi_off-line@3x.png
baiduNaviSDK.bundle/image/bm_navi_red@3x.png
baiduNaviSDK.bundle/image/bm_navi_truck_limit@3x.png
baiduNaviSDK.bundle/image/bm_navi_violet@3x.png
baiduNaviSDK.bundle/image/bm_navi_vipdefault@3x.png
baiduNaviSDK.bundle/image/bm_navi_voice@3x.png
baiduNaviSDK.bundle/image/bm_navi_yellow@3x.png
baiduNaviSDK.bundle/image/bm_sortbutton_background@3x.png
baiduNaviSDK.bundle/image/bm_sortbutton_background_dark@3x.png
baiduNaviSDK.bundle/image/bm_tab_background_shadow@2x.png
baiduNaviSDK.bundle/image/bm_tab_background_shadow_dark@3x.png
baiduNaviSDK.bundle/image/bm_tab_background_shadow_new@3x.png
baiduNaviSDK.bundle/image/bm_tab_background_shadow_new_dark@3x.png
baiduNaviSDK.bundle/image/bm_tab_background_shadow_select@3x.png
baiduNaviSDK.bundle/image/bm_tab_background_shadow_select_dark@3x.png
baiduNaviSDK.bundle/image/bm_tab_preference_button_arrow@3x.png
baiduNaviSDK.bundle/image/bm_tab_preference_button_arrow_blue@3x.png
baiduNaviSDK.bundle/image/bm_tab_preference_button_arrow_dark@3x.png
baiduNaviSDK.bundle/image/bm_truck_card_cheyouba@3x.png
baiduNaviSDK.bundle/image/bm_truck_card_navitrack@3x.png
baiduNaviSDK.bundle/image/bm_truck_card_routehelp@3x.png
baiduNaviSDK.bundle/image/bm_ugc_report_11@3x.png
baiduNaviSDK.bundle/image/bm_ugc_report_11_dark@3x.png
baiduNaviSDK.bundle/image/bm_ugc_report_12@3x.png
baiduNaviSDK.bundle/image/bm_ugc_report_12_dark@3x.png
baiduNaviSDK.bundle/image/bm_ugc_report_13@3x.png
baiduNaviSDK.bundle/image/bm_ugc_report_13_dark@3x.png
baiduNaviSDK.bundle/image/bm_ugc_report_14@3x.png
baiduNaviSDK.bundle/image/bm_ugc_report_14_dark@3x.png
baiduNaviSDK.bundle/image/bm_ugc_report_16@3x.png
baiduNaviSDK.bundle/image/bm_ugc_report_16_dark@3x.png
baiduNaviSDK.bundle/image/bm_ugc_report_1@3x.png
baiduNaviSDK.bundle/image/bm_ugc_report_1_dark@3x.png
baiduNaviSDK.bundle/image/bm_ugc_report_2@3x.png
baiduNaviSDK.bundle/image/bm_ugc_report_2_dark@3x.png
baiduNaviSDK.bundle/image/bm_ugc_report_3104@3x.png
baiduNaviSDK.bundle/image/bm_ugc_report_3104_dark@2x.png
baiduNaviSDK.bundle/image/bm_ugc_report_3105@3x.png
baiduNaviSDK.bundle/image/bm_ugc_report_3105_dark@2x.png
baiduNaviSDK.bundle/image/bm_ugc_report_3106@3x.png
baiduNaviSDK.bundle/image/bm_ugc_report_3106_dark@2x.png
baiduNaviSDK.bundle/image/bm_ugc_report_3107@2x.png
baiduNaviSDK.bundle/image/bm_ugc_report_3107_dark@2x.png
baiduNaviSDK.bundle/image/bm_ugc_report_3108@2x.png
baiduNaviSDK.bundle/image/bm_ugc_report_3108_dark@2x.png
baiduNaviSDK.bundle/image/bm_ugc_report_3109@3x.png
baiduNaviSDK.bundle/image/bm_ugc_report_3109_dark@2x.png
baiduNaviSDK.bundle/image/bm_ugc_report_3110@2x.png
baiduNaviSDK.bundle/image/bm_ugc_report_3110_dark@2x.png
baiduNaviSDK.bundle/image/bm_ugc_report_3111@2x.png
baiduNaviSDK.bundle/image/bm_ugc_report_3111_dark@2x.png
baiduNaviSDK.bundle/image/bm_ugc_report_3112@3x.png
baiduNaviSDK.bundle/image/bm_ugc_report_3112_dark@2x.png
baiduNaviSDK.bundle/image/bm_ugc_report_3113@3x.png
baiduNaviSDK.bundle/image/bm_ugc_report_3113_dark@2x.png
baiduNaviSDK.bundle/image/bm_ugc_report_3114@3x.png
baiduNaviSDK.bundle/image/bm_ugc_report_3114_dark@2x.png
baiduNaviSDK.bundle/image/bm_ugc_report_3115@3x.png
baiduNaviSDK.bundle/image/bm_ugc_report_3115_dark@2x.png
baiduNaviSDK.bundle/image/bm_ugc_report_41@3x.png
baiduNaviSDK.bundle/image/bm_ugc_report_41_dark@3x.png
baiduNaviSDK.bundle/image/bm_ugc_report_49@3x.png
baiduNaviSDK.bundle/image/bm_ugc_report_49_dark@3x.png
baiduNaviSDK.bundle/image/bm_ugc_report_location_inmap_bubble@3x.png
baiduNaviSDK.bundle/image/bm_ugc_report_location_inmap_icon@3x.png
baiduNaviSDK.bundle/image/bm_ugc_report_subtype_111@3x.png
baiduNaviSDK.bundle/image/bm_ugc_report_subtype_112@3x.png
baiduNaviSDK.bundle/image/bm_ugc_report_subtype_121@3x.png
baiduNaviSDK.bundle/image/bm_ugc_report_subtype_122@3x.png
baiduNaviSDK.bundle/image/bm_ugc_report_subtype_131@3x.png
baiduNaviSDK.bundle/image/bm_ugc_report_subtype_132@3x.png
baiduNaviSDK.bundle/image/bm_ugc_report_subtype_133@3x.png
baiduNaviSDK.bundle/image/bm_ugc_report_subtype_134@3x.png
baiduNaviSDK.bundle/image/bm_ugc_report_subtype_141@3x.png
baiduNaviSDK.bundle/image/bm_ugc_report_subtype_142@3x.png
baiduNaviSDK.bundle/image/bm_ugc_report_subtype_143@3x.png
baiduNaviSDK.bundle/image/bm_ugc_report_subtype_3104@2x.png
baiduNaviSDK.bundle/image/bm_ugc_report_subtype_3104_dark@2x.png
baiduNaviSDK.bundle/image/bm_ugc_report_subtype_3105@2x.png
baiduNaviSDK.bundle/image/bm_ugc_report_subtype_3105_dark@2x.png
baiduNaviSDK.bundle/image/bm_ugc_report_subtype_3106@2x.png
baiduNaviSDK.bundle/image/bm_ugc_report_subtype_3106_dark@2x.png
baiduNaviSDK.bundle/image/bm_ugc_report_subtype_3107@2x.png
baiduNaviSDK.bundle/image/bm_ugc_report_subtype_3107_dark@2x.png
baiduNaviSDK.bundle/image/bm_ugc_report_subtype_3108@2x.png
baiduNaviSDK.bundle/image/bm_ugc_report_subtype_3108_dark@2x.png
baiduNaviSDK.bundle/image/bm_ugc_report_subtype_3109@2x.png
baiduNaviSDK.bundle/image/bm_ugc_report_subtype_3109_dark@2x.png
baiduNaviSDK.bundle/image/bm_ugc_report_subtype_3110@2x.png
baiduNaviSDK.bundle/image/bm_ugc_report_subtype_3110_dark@2x.png
baiduNaviSDK.bundle/image/bm_ugc_report_subtype_3111@2x.png
baiduNaviSDK.bundle/image/bm_ugc_report_subtype_3111_dark@2x.png
baiduNaviSDK.bundle/image/bm_ugc_report_subtype_3112@2x.png
baiduNaviSDK.bundle/image/bm_ugc_report_subtype_3112_dark@2x.png
baiduNaviSDK.bundle/image/bm_ugc_report_subtype_3113@2x.png
baiduNaviSDK.bundle/image/bm_ugc_report_subtype_3113_dark@2x.png
baiduNaviSDK.bundle/image/bm_ugc_report_subtype_3114@2x.png
baiduNaviSDK.bundle/image/bm_ugc_report_subtype_3114_dark@2x.png
baiduNaviSDK.bundle/image/bm_ugc_report_subtype_3115@2x.png
baiduNaviSDK.bundle/image/bm_ugc_report_subtype_3115_dark@2x.png
baiduNaviSDK.bundle/image/bm_ugc_star@3x.png
baiduNaviSDK.bundle/image/bm_ugc_type_selected_icon@3x.png
baiduNaviSDK.bundle/image/bn2d_speedview_bg@3x.png
baiduNaviSDK.bundle/image/bn2d_speedview_bg@night@3x.png
baiduNaviSDK.bundle/image/bn2d_speedview_circle_blue@3x.png
baiduNaviSDK.bundle/image/bn2d_speedview_circle_blue@night@3x.png
baiduNaviSDK.bundle/image/bn2d_speedview_circle_red@3x.png
baiduNaviSDK.bundle/image/bn2d_speedview_circle_red@night@3x.png
baiduNaviSDK.bundle/image/bn2d_speedview_overspeed_circle@3x.png
baiduNaviSDK.bundle/image/bn2d_speedview_overspeed_circle@night@3x.png
baiduNaviSDK.bundle/image/bn3d_speedview_greenwave_circle@3x.png
baiduNaviSDK.bundle/image/bn3d_speedview_greenwave_circle@night@3x.png
baiduNaviSDK.bundle/image/bn3d_speedview_large_bg@3x.png
baiduNaviSDK.bundle/image/bn3d_speedview_large_bg@night@3x.png
baiduNaviSDK.bundle/image/bn3d_speedview_normal_circle@3x.png
baiduNaviSDK.bundle/image/bn3d_speedview_normal_circle@night@3x.png
baiduNaviSDK.bundle/image/bn3d_speedview_overspeed_circle@3x.png
baiduNaviSDK.bundle/image/bn3d_speedview_small_bg@3x.png
baiduNaviSDK.bundle/image/bn3d_speedview_small_bg@night@3x.png
baiduNaviSDK.bundle/image/bn_23d_btn@3x.png
baiduNaviSDK.bundle/image/bn_23d_btn@night@3x.png
baiduNaviSDK.bundle/image/bn_23d_btn_select@3x.png
baiduNaviSDK.bundle/image/bn_23d_btn_select@night@3x.png
baiduNaviSDK.bundle/image/bn_2d_btn@3x.png
baiduNaviSDK.bundle/image/bn_2d_btn@night@3x.png
baiduNaviSDK.bundle/image/bn_2d_btn_select@3x.png
baiduNaviSDK.bundle/image/bn_2d_btn_select@night@3x.png
baiduNaviSDK.bundle/image/bn_3d_btn@3x.png
baiduNaviSDK.bundle/image/bn_3d_btn@night@3x.png
baiduNaviSDK.bundle/image/bn_3d_btn_select@3x.png
baiduNaviSDK.bundle/image/bn_3d_btn_select@night@3x.png
baiduNaviSDK.bundle/image/bn_3d_icon_default@3x.png
baiduNaviSDK.bundle/image/bn_accessory_bluetooth_connect_day@3x.png
baiduNaviSDK.bundle/image/bn_accessory_bluetooth_connect_day_mute@3x.png
baiduNaviSDK.bundle/image/bn_accessory_bluetooth_connect_night@3x.png
baiduNaviSDK.bundle/image/bn_accessory_bluetooth_connect_night_mute@3x.png
baiduNaviSDK.bundle/image/bn_accessory_day_focus@3x.png
baiduNaviSDK.bundle/image/bn_accessory_night_focus@3x.png
baiduNaviSDK.bundle/image/bn_accessory_tip_bluetooth@3x.png
baiduNaviSDK.bundle/image/bn_accessory_tip_usb@3x.png
baiduNaviSDK.bundle/image/bn_bluetooth_button@3x.png
baiduNaviSDK.bundle/image/bn_bluetooth_button_night@3x.png
baiduNaviSDK.bundle/image/bn_bottom_tool_view_carNumber@3x.png
baiduNaviSDK.bundle/image/bn_bottom_tool_view_carNumber@night@3x.png
baiduNaviSDK.bundle/image/bn_bottom_tool_view_carNumber_select@3x.png
baiduNaviSDK.bundle/image/bn_bottom_tool_view_close@3x.png
baiduNaviSDK.bundle/image/bn_bottom_tool_view_close@night@3x.png
baiduNaviSDK.bundle/image/bn_bottom_tool_view_close_dark@3x.png
baiduNaviSDK.bundle/image/bn_bottom_tool_view_exit@3x.png
baiduNaviSDK.bundle/image/bn_bottom_tool_view_exit@night@3x.png
baiduNaviSDK.bundle/image/bn_bottom_tool_view_exit_dark@3x.png
baiduNaviSDK.bundle/image/bn_bottom_tool_view_exit_light@3x.png
baiduNaviSDK.bundle/image/bn_bottom_tool_view_tuichu@3x.png
baiduNaviSDK.bundle/image/bn_btn_msg_limit@3x.png
baiduNaviSDK.bundle/image/bn_btn_msg_normal@3x.png
baiduNaviSDK.bundle/image/bn_btn_msg_normal@night@3x.png
baiduNaviSDK.bundle/image/bn_btn_msg_ugc@3x.png
baiduNaviSDK.bundle/image/bn_chargingPile_add1@3x.png
baiduNaviSDK.bundle/image/bn_chargingPile_add2@3x.png
baiduNaviSDK.bundle/image/bn_chargingPile_added1@3x.png
baiduNaviSDK.bundle/image/bn_chargingPile_added2@3x.png
baiduNaviSDK.bundle/image/bn_chargingPile_gps_green@3x.png
baiduNaviSDK.bundle/image/bn_chargingPile_gps_orange@3x.png
baiduNaviSDK.bundle/image/bn_chargingPile_gps_red@3x.png
baiduNaviSDK.bundle/image/bn_chargingPile_label_fast@3x.png
baiduNaviSDK.bundle/image/bn_chargingPile_label_slow@3x.png
baiduNaviSDK.bundle/image/bn_charging_promptbar_battery_green@3x.png
baiduNaviSDK.bundle/image/bn_charging_promptbar_battery_green_night@3x.png
baiduNaviSDK.bundle/image/bn_charging_promptbar_battery_orange@3x.png
baiduNaviSDK.bundle/image/bn_charging_promptbar_battery_orange_night@3x.png
baiduNaviSDK.bundle/image/bn_charging_promptbar_battery_red@3x.png
baiduNaviSDK.bundle/image/bn_charging_promptbar_battery_red_night@3x.png
baiduNaviSDK.bundle/image/bn_current_road_name_bg@3x.png
baiduNaviSDK.bundle/image/bn_current_road_name_bg@night@3x.png
baiduNaviSDK.bundle/image/bn_current_road_name_speed_bg@3x.png
baiduNaviSDK.bundle/image/bn_current_road_name_speed_bg@night@3x.png
baiduNaviSDK.bundle/image/bn_diy_player_checkbox_button@default@3x.png
baiduNaviSDK.bundle/image/bn_diy_player_checkbox_button@select@3x.png
baiduNaviSDK.bundle/image/bn_diy_player_checkbox_button@unselect@3x.png
baiduNaviSDK.bundle/image/bn_diy_player_demo_icon@3x.png
baiduNaviSDK.bundle/image/bn_diy_player_intervene_message_icon@3x.png
baiduNaviSDK.bundle/image/bn_diy_player_section_row_down@3x.png
baiduNaviSDK.bundle/image/bn_diy_player_section_row_up@3x.png
baiduNaviSDK.bundle/image/bn_diy_player_select_button@select@3x.png
baiduNaviSDK.bundle/image/bn_diy_player_select_button@unselect@3x.png
baiduNaviSDK.bundle/image/bn_diy_player_select_default_icon.png
baiduNaviSDK.bundle/image/bn_diy_player_shadow_view.png
baiduNaviSDK.bundle/image/bn_diy_player_switch_button@default@3x.png
baiduNaviSDK.bundle/image/bn_diy_player_tips_background.png
baiduNaviSDK.bundle/image/bn_diy_player_tips_background_angle.png
baiduNaviSDK.bundle/image/bn_diy_player_tool_box_icon@3x.png
baiduNaviSDK.bundle/image/bn_diy_player_tool_box_icon@night@3x.png
baiduNaviSDK.bundle/image/bn_diy_player_unselect_default_icon@3x.png
baiduNaviSDK.bundle/image/bn_fuzzy_guide_icon@3x.png
baiduNaviSDK.bundle/image/bn_guanbi-pressed@3x.png
baiduNaviSDK.bundle/image/bn_guanbi-pressed@night@3x.png
baiduNaviSDK.bundle/image/bn_guanbi@3x.png
baiduNaviSDK.bundle/image/bn_guanbi@night@3x.png
baiduNaviSDK.bundle/image/bn_guide_mode_confirm_guide@3x.png
baiduNaviSDK.bundle/image/bn_guide_mode_select_guide@3x.png
baiduNaviSDK.bundle/image/bn_guide_mode_unselect_guide@3x.png
baiduNaviSDK.bundle/image/bn_i_ugc_dawu@3x.png
baiduNaviSDK.bundle/image/bn_i_ugc_dawu_2@3x.png
baiduNaviSDK.bundle/image/bn_i_ugc_jixue@3x.png
baiduNaviSDK.bundle/image/bn_i_ugc_jixue_2@3x.png
baiduNaviSDK.bundle/image/bn_lanes_hotalert_icon@3x.png
baiduNaviSDK.bundle/image/bn_left_stable_to_left@3x.png
baiduNaviSDK.bundle/image/bn_left_stable_to_left@night@3x.png
baiduNaviSDK.bundle/image/bn_left_stable_to_right@3x.png
baiduNaviSDK.bundle/image/bn_left_stable_to_right@night@3x.png
baiduNaviSDK.bundle/image/bn_left_stable_top@3x.png
baiduNaviSDK.bundle/image/bn_left_stable_top@night@3x.png
baiduNaviSDK.bundle/image/bn_left_stable_top_down@3x.png
baiduNaviSDK.bundle/image/bn_left_stable_top_down@night@3x.png
baiduNaviSDK.bundle/image/bn_left_stable_top_up@3x.png
baiduNaviSDK.bundle/image/bn_left_stable_top_up@night@3x.png
baiduNaviSDK.bundle/image/bn_message_tip@3x.png
baiduNaviSDK.bundle/image/bn_message_tip_dark@3x.png
baiduNaviSDK.bundle/image/bn_msg_bd@3x.png
baiduNaviSDK.bundle/image/bn_msg_bd@night@3x.png
baiduNaviSDK.bundle/image/bn_msg_bg_blue@3x.png
baiduNaviSDK.bundle/image/bn_msg_limit_bg_red@3x.png
baiduNaviSDK.bundle/image/bn_msg_limit_bg_yellow@3x.png
baiduNaviSDK.bundle/image/bn_msg_normal_bg@3x.png
baiduNaviSDK.bundle/image/bn_msg_normal_bg@night@3x.png
baiduNaviSDK.bundle/image/bn_msg_ugc@3x.png
baiduNaviSDK.bundle/image/bn_msg_ugc@night@3x.png
baiduNaviSDK.bundle/image/bn_navi_bottom_battery_close@3x.png
baiduNaviSDK.bundle/image/bn_navi_bottom_battery_close@night@3x.png
baiduNaviSDK.bundle/image/bn_navi_bottom_battery_open@3x.png
baiduNaviSDK.bundle/image/bn_navi_bottom_battery_open@night@3x.png
baiduNaviSDK.bundle/image/bn_navi_bottom_change_voice@3x.png
baiduNaviSDK.bundle/image/bn_navi_bottom_change_voice@night@3x.png
baiduNaviSDK.bundle/image/bn_navi_bottom_chart_bar@3x.png
baiduNaviSDK.bundle/image/bn_navi_bottom_chart_bar@night@3x.png
baiduNaviSDK.bundle/image/bn_navi_bottom_exit_view@3x.png
baiduNaviSDK.bundle/image/bn_navi_bottom_exit_view@night@3x.png
baiduNaviSDK.bundle/image/bn_navi_bottom_loading_icon@3x.png
baiduNaviSDK.bundle/image/bn_navi_bottom_loading_icon@night@3x.png
baiduNaviSDK.bundle/image/bn_navi_bottom_more_view@3x.png
baiduNaviSDK.bundle/image/bn_navi_bottom_more_view@night@3x.png
baiduNaviSDK.bundle/image/bn_navi_bottom_navi_setting@3x.png
baiduNaviSDK.bundle/image/bn_navi_bottom_navi_setting@night@3x.png
baiduNaviSDK.bundle/image/bn_navi_bottom_navi_setting_sel@3x.png
baiduNaviSDK.bundle/image/bn_navi_bottom_prefer@3x.png
baiduNaviSDK.bundle/image/bn_navi_bottom_prefer@night@3x.png
baiduNaviSDK.bundle/image/bn_navi_bottom_route_condition_bg.png
baiduNaviSDK.bundle/image/bn_navi_bottom_route_condition_bg@3x路\345\#206\265\346\#235\241\350\#203\#214\346\#231\257.png
baiduNaviSDK.bundle/image/bn_navi_bottom_route_condition_bg@night.png
baiduNaviSDK.bundle/image/bn_navi_bottom_route_condition_bg@night@3x-0.png
baiduNaviSDK.bundle/image/bn_navi_bottom_speak_mode@3x.png
baiduNaviSDK.bundle/image/bn_navi_bottom_speak_mode@night@3x.png
baiduNaviSDK.bundle/image/bn_navi_bottom_tiny_map@3x.png
baiduNaviSDK.bundle/image/bn_navi_bottom_tiny_map@night@3x.png
baiduNaviSDK.bundle/image/bn_navi_bottom_tool_follow_car@3x.png
baiduNaviSDK.bundle/image/bn_navi_bottom_tool_follow_car@night@3x.png
baiduNaviSDK.bundle/image/bn_navi_bottom_tool_north@3x.png
baiduNaviSDK.bundle/image/bn_navi_bottom_tool_north@night@3x.png
baiduNaviSDK.bundle/image/bn_navi_bottom_tool_orientation_landscape@3x.png
baiduNaviSDK.bundle/image/bn_navi_bottom_tool_orientation_landscape@night@3x.png
baiduNaviSDK.bundle/image/bn_navi_bottom_tool_orientation_portrait@3x.png
baiduNaviSDK.bundle/image/bn_navi_bottom_tool_orientation_portrait@night@3x.png
baiduNaviSDK.bundle/image/bn_navi_bottom_tool_view_open@3x.png
baiduNaviSDK.bundle/image/bn_navi_bottom_tool_view_open@night@3x.png
baiduNaviSDK.bundle/image/bn_navi_bottom_tool_view_open_dark@3x.png
baiduNaviSDK.bundle/image/bn_navi_bottom_via_search@3x.png
baiduNaviSDK.bundle/image/bn_navi_bottom_via_search@night@3x.png
baiduNaviSDK.bundle/image/bn_navi_bottom_voice_mode_close@3x.png
baiduNaviSDK.bundle/image/bn_navi_bottom_voice_mode_close@night@3x.png
baiduNaviSDK.bundle/image/bn_navi_bottom_voice_mode_open@3x.png
baiduNaviSDK.bundle/image/bn_navi_bottom_voice_mode_open@night@3x.png
baiduNaviSDK.bundle/image/bn_navi_expandview_close_btn@3x.png
baiduNaviSDK.bundle/image/bn_navi_route_prefer_count_1@3x.png
baiduNaviSDK.bundle/image/bn_navi_route_prefer_count_2@3x.png
baiduNaviSDK.bundle/image/bn_navi_setting_detail_arrow@3x.png
baiduNaviSDK.bundle/image/bn_navi_setting_detail_arrow@night@3x.png
baiduNaviSDK.bundle/image/bn_navi_setting_detail_arrow_dark@3x.png
baiduNaviSDK.bundle/image/bn_navi_setting_more_cheliangguali@3x.png
baiduNaviSDK.bundle/image/bn_navi_setting_more_cheliangguali@night@3x.png
baiduNaviSDK.bundle/image/bn_navi_setting_more_fenxiangweizhi@3x.png
baiduNaviSDK.bundle/image/bn_navi_setting_more_fenxiangweizhi@night@3x.png
baiduNaviSDK.bundle/image/bn_navi_setting_more_gexingchebiao@3x.png
baiduNaviSDK.bundle/image/bn_navi_setting_more_gexingchebiao@night@3x.png
baiduNaviSDK.bundle/image/bn_navi_setting_more_shangbao@3x.png
baiduNaviSDK.bundle/image/bn_navi_setting_more_shangbao@night@3x.png
baiduNaviSDK.bundle/image/bn_navi_setting_more_yantusou@3x.png
baiduNaviSDK.bundle/image/bn_navi_setting_more_yantusou@night@3x.png
baiduNaviSDK.bundle/image/bn_navi_setting_more_yuyinbao@3x.png
baiduNaviSDK.bundle/image/bn_navi_setting_more_yuyinbao@night@3x.png
baiduNaviSDK.bundle/image/bn_navi_setting_more_zidingyidaohang@3x.png
baiduNaviSDK.bundle/image/bn_navi_setting_more_zidingyidaohang@night@3x.png
baiduNaviSDK.bundle/image/bn_navi_setting_more_zuduichuxing@3x.png
baiduNaviSDK.bundle/image/bn_navi_setting_more_zuduichuxing@night@3x.png
baiduNaviSDK.bundle/image/bn_navi_setting_new_icon@3x.png
baiduNaviSDK.bundle/image/bn_navi_voice_alert_small_light@3x.png
baiduNaviSDK.bundle/image/bn_navi_voice_alert_small_light_dark@3x.png
baiduNaviSDK.bundle/image/bn_pop@3x.png
baiduNaviSDK.bundle/image/bn_roadsort_bubble@3x.png
baiduNaviSDK.bundle/image/bn_route_exploring_placeholder@3x.png
baiduNaviSDK.bundle/image/bn_routeplan_close@3x.png
baiduNaviSDK.bundle/image/bn_routepreview_anchorpanel_anchorline@3x.png
baiduNaviSDK.bundle/image/bn_routesort_1@3x.png
baiduNaviSDK.bundle/image/bn_routesort_1@night@3x.png
baiduNaviSDK.bundle/image/bn_routesort_1_push@3x.png
baiduNaviSDK.bundle/image/bn_routesort_1_push@night@3x.png
baiduNaviSDK.bundle/image/bn_routesort_2@3x.png
baiduNaviSDK.bundle/image/bn_routesort_2@night@3x.png
baiduNaviSDK.bundle/image/bn_routesort_2_push@3x.png
baiduNaviSDK.bundle/image/bn_routesort_2_push@night@3x.png
baiduNaviSDK.bundle/image/bn_routesort_3@3x.png
baiduNaviSDK.bundle/image/bn_routesort_3@night@3x.png
baiduNaviSDK.bundle/image/bn_routesort_3_push@3x.png
baiduNaviSDK.bundle/image/bn_routesort_3_push@night@3x.png
baiduNaviSDK.bundle/image/bn_routesort_4@3x.png
baiduNaviSDK.bundle/image/bn_routesort_4@night@3x.png
baiduNaviSDK.bundle/image/bn_routesort_4_push@3x.png
baiduNaviSDK.bundle/image/bn_routesort_4_push@night@3x.png
baiduNaviSDK.bundle/image/bn_routesort_5@3x.png
baiduNaviSDK.bundle/image/bn_routesort_5@night@3x.png
baiduNaviSDK.bundle/image/bn_routesort_5_push@3x.png
baiduNaviSDK.bundle/image/bn_routesort_5_push@night@3x.png
baiduNaviSDK.bundle/image/bn_routesort_6@3x.png
baiduNaviSDK.bundle/image/bn_routesort_6@night@3x.png
baiduNaviSDK.bundle/image/bn_routesort_6_push@3x.png
baiduNaviSDK.bundle/image/bn_routesort_6_push@night@3x.png
baiduNaviSDK.bundle/image/bn_routesort_titleicon@3x.png
baiduNaviSDK.bundle/image/bn_routesort_titleicon@night@3x.png
baiduNaviSDK.bundle/image/bn_scenicPoint_play_btn@3x.png
baiduNaviSDK.bundle/image/bn_scenicPoint_play_btn@night@3x.png
baiduNaviSDK.bundle/image/bn_scenicPoint_playing1@3x.png
baiduNaviSDK.bundle/image/bn_scenicPoint_playing1@night@3x.png
baiduNaviSDK.bundle/image/bn_scenicPoint_playing2@3x.png
baiduNaviSDK.bundle/image/bn_scenicPoint_playing2@night@3x.png
baiduNaviSDK.bundle/image/bn_scenicPoint_playing3@3x.png
baiduNaviSDK.bundle/image/bn_scenicPoint_playing3@night@3x.png
baiduNaviSDK.bundle/image/bn_scenicPoint_playing4@3x.png
baiduNaviSDK.bundle/image/bn_scenicPoint_playing4@night@3x.png
baiduNaviSDK.bundle/image/bn_scenicPoint_playing5@3x.png
baiduNaviSDK.bundle/image/bn_scenicPoint_playing5@night@3x.png
baiduNaviSDK.bundle/image/bn_scenicPoint_playing6@3x.png
baiduNaviSDK.bundle/image/bn_scenicPoint_playing6@night@3x.png
baiduNaviSDK.bundle/image/bn_security_arrow@2x.png
baiduNaviSDK.bundle/image/bn_security_circurlar@3x.png
baiduNaviSDK.bundle/image/bn_security_circurlar_gradient@3x.png
baiduNaviSDK.bundle/image/bn_security_shield@3x.png
baiduNaviSDK.bundle/image/bn_setting_assistant_fun@3x.png
baiduNaviSDK.bundle/image/bn_setting_car_icon@3x.png
baiduNaviSDK.bundle/image/bn_setting_display_content@3x.png
baiduNaviSDK.bundle/image/bn_setting_muti_select_disable@3x.png
baiduNaviSDK.bundle/image/bn_setting_muti_unselect@3x.png
baiduNaviSDK.bundle/image/bn_setting_new_icon@3x.png
baiduNaviSDK.bundle/image/bn_st_guide_wenhao@3x.png
baiduNaviSDK.bundle/image/bn_strategyview_change@3x.png
baiduNaviSDK.bundle/image/bn_tarck_navi_yellow_tips_bg@2x.png
baiduNaviSDK.bundle/image/bn_team_arrow@3x.png
baiduNaviSDK.bundle/image/bn_team_button@3x.png
baiduNaviSDK.bundle/image/bn_team_button_dark@3x.png
baiduNaviSDK.bundle/image/bn_team_button_selected@3x.png
baiduNaviSDK.bundle/image/bn_team_delete@3x.png
baiduNaviSDK.bundle/image/bn_team_delete_dark@3x.png
baiduNaviSDK.bundle/image/bn_team_edit@3x.png
baiduNaviSDK.bundle/image/bn_team_goto@3x.png
baiduNaviSDK.bundle/image/bn_team_icon@3x.png
baiduNaviSDK.bundle/image/bn_team_icon@night@3x.png
baiduNaviSDK.bundle/image/bn_team_icon_all@3x.png
baiduNaviSDK.bundle/image/bn_team_invite@3x.png
baiduNaviSDK.bundle/image/bn_team_keyboard_delete@3x.png
baiduNaviSDK.bundle/image/bn_team_manager@3x.png
baiduNaviSDK.bundle/image/bn_team_message@3x.png
baiduNaviSDK.bundle/image/bn_team_mine@3x.png
baiduNaviSDK.bundle/image/bn_team_navigationbar@3x.png
baiduNaviSDK.bundle/image/bn_team_navigationbar_dark@3x.png
baiduNaviSDK.bundle/image/bn_team_point@3x.png
baiduNaviSDK.bundle/image/bn_team_point_offline@3x.png
baiduNaviSDK.bundle/image/bn_team_pop@3x.png
baiduNaviSDK.bundle/image/bn_team_pop_dark@3x.png
baiduNaviSDK.bundle/image/bn_team_pop_icon_big@3x.png
baiduNaviSDK.bundle/image/bn_team_pop_icon_big_dark@3x.png
baiduNaviSDK.bundle/image/bn_team_selected@3x.png
baiduNaviSDK.bundle/image/bn_team_setup_add@3x.png
baiduNaviSDK.bundle/image/bn_team_setup_delete@3x.png
baiduNaviSDK.bundle/image/bn_team_setup_delete_dark@3x.png
baiduNaviSDK.bundle/image/bn_team_unselected@3x.png
baiduNaviSDK.bundle/image/bn_team_via_paopao_left@3x.png
baiduNaviSDK.bundle/image/bn_team_via_paopao_left_dark@3x.png
baiduNaviSDK.bundle/image/bn_team_via_paopao_mid@3x.png
baiduNaviSDK.bundle/image/bn_team_via_paopao_mid_dark@3x.png
baiduNaviSDK.bundle/image/bn_team_via_paopao_right@3x.png
baiduNaviSDK.bundle/image/bn_team_via_paopao_right_dark@3x.png
baiduNaviSDK.bundle/image/bn_trip_arrow@3x.png
baiduNaviSDK.bundle/image/bn_trip_arrow_dark@3x.png
baiduNaviSDK.bundle/image/bn_trip_time_icon@3x.png
baiduNaviSDK.bundle/image/bn_trip_time_icon_dark@3x.png
baiduNaviSDK.bundle/image/bn_ugc_10@3x.png
baiduNaviSDK.bundle/image/bn_ugc_1@3x.png
baiduNaviSDK.bundle/image/bn_ugc_21@3x.png
baiduNaviSDK.bundle/image/bn_ugc_22@3x.png
baiduNaviSDK.bundle/image/bn_ugc_23@3x.png
baiduNaviSDK.bundle/image/bn_ugc_24@3x.png
baiduNaviSDK.bundle/image/bn_ugc_25@3x.png
baiduNaviSDK.bundle/image/bn_ugc_26@3x.png
baiduNaviSDK.bundle/image/bn_ugc_27@3x.png
baiduNaviSDK.bundle/image/bn_ugc_28@3x.png
baiduNaviSDK.bundle/image/bn_ugc_2@3x.png
baiduNaviSDK.bundle/image/bn_ugc_3@3x.png
baiduNaviSDK.bundle/image/bn_ugc_4@3x.png
baiduNaviSDK.bundle/image/bn_ugc_5@3x.png
baiduNaviSDK.bundle/image/bn_ugc_6@3x.png
baiduNaviSDK.bundle/image/bn_ugc_7@3x.png
baiduNaviSDK.bundle/image/bn_ugc_9@3x.png
baiduNaviSDK.bundle/image/bn_ugc_arrow@3x.png
baiduNaviSDK.bundle/image/bn_ugc_arrow_r@3x.png
baiduNaviSDK.bundle/image/bn_ugc_arrow_r_blue@3x.png
baiduNaviSDK.bundle/image/bn_ugc_avoid_jam@2x.png
baiduNaviSDK.bundle/image/bn_ugc_avoid_jam@3x.png
baiduNaviSDK.bundle/image/bn_ugc_bobaocuowu2@3x.png
baiduNaviSDK.bundle/image/bn_ugc_bobaocuowu2@night@3x.png
baiduNaviSDK.bundle/image/bn_ugc_bobaocuowu@3x.png
baiduNaviSDK.bundle/image/bn_ugc_close@3x.png
baiduNaviSDK.bundle/image/bn_ugc_coin_prompt_icon@3x.png
baiduNaviSDK.bundle/image/bn_ugc_coin_prompt_indicator@3x.png
baiduNaviSDK.bundle/image/bn_ugc_daolubianzhai@3x.png
baiduNaviSDK.bundle/image/bn_ugc_daolubutong@3x.png
baiduNaviSDK.bundle/image/bn_ugc_daolubutong@night@3x.png
baiduNaviSDK.bundle/image/bn_ugc_daoxiang@3x.png
baiduNaviSDK.bundle/image/bn_ugc_daoxiangjiantou@3x.png
baiduNaviSDK.bundle/image/bn_ugc_daoxiangjiantou@night@3x.png
baiduNaviSDK.bundle/image/bn_ugc_datu@3x.png
baiduNaviSDK.bundle/image/bn_ugc_detail_achievement@3x.png
baiduNaviSDK.bundle/image/bn_ugc_detail_comment@3x.png
baiduNaviSDK.bundle/image/bn_ugc_detail_comment_black@3x.png
baiduNaviSDK.bundle/image/bn_ugc_detail_useful@3x.png
baiduNaviSDK.bundle/image/bn_ugc_detail_useful_black@3x.png
baiduNaviSDK.bundle/image/bn_ugc_detail_vip@3x.png
baiduNaviSDK.bundle/image/bn_ugc_dianbo@3x.png
baiduNaviSDK.bundle/image/bn_ugc_end@3x.png
baiduNaviSDK.bundle/image/bn_ugc_eventview_close@3x.png
baiduNaviSDK.bundle/image/bn_ugc_eye@3x.png
baiduNaviSDK.bundle/image/bn_ugc_feijidongche@3x.png
baiduNaviSDK.bundle/image/bn_ugc_fenglu@3x.png
baiduNaviSDK.bundle/image/bn_ugc_fenglu_2@3x.png
baiduNaviSDK.bundle/image/bn_ugc_first_bottomicon_1@3x.png
baiduNaviSDK.bundle/image/bn_ugc_first_bottomicon_2@3x.png
baiduNaviSDK.bundle/image/bn_ugc_first_bottomicon_3@3x.png
baiduNaviSDK.bundle/image/bn_ugc_forbid@2x.png
baiduNaviSDK.bundle/image/bn_ugc_gonggao@3x.png
baiduNaviSDK.bundle/image/bn_ugc_gonggao_2@3x.png
baiduNaviSDK.bundle/image/bn_ugc_guanzhi@3x.png
baiduNaviSDK.bundle/image/bn_ugc_guanzhi_2@3x.png
baiduNaviSDK.bundle/image/bn_ugc_ic_camera@3x.png
baiduNaviSDK.bundle/image/bn_ugc_ic_camera_dark@3x.png
baiduNaviSDK.bundle/image/bn_ugc_icon_police@3x.png
baiduNaviSDK.bundle/image/bn_ugc_icon_yongdu@3x.png
baiduNaviSDK.bundle/image/bn_ugc_iinvalid_road@2x.png
baiduNaviSDK.bundle/image/bn_ugc_jam@3x.png
baiduNaviSDK.bundle/image/bn_ugc_jin@3x.png
baiduNaviSDK.bundle/image/bn_ugc_jinxing@3x.png
baiduNaviSDK.bundle/image/bn_ugc_jinzhidiaotou@3x.png
baiduNaviSDK.bundle/image/bn_ugc_jinzhiyouzhuan@3x.png
baiduNaviSDK.bundle/image/bn_ugc_jinzhizhixing@3x.png
baiduNaviSDK.bundle/image/bn_ugc_jinzhizhuanxaing@3x.png
baiduNaviSDK.bundle/image/bn_ugc_jinzhizhuanxaing@night@3x.png
baiduNaviSDK.bundle/image/bn_ugc_jinzhizuozhuan@3x.png
baiduNaviSDK.bundle/image/bn_ugc_jishui@3x.png
baiduNaviSDK.bundle/image/bn_ugc_jishui_2@3x.png
baiduNaviSDK.bundle/image/bn_ugc_kuaduochedao@3x.png
baiduNaviSDK.bundle/image/bn_ugc_large_traffic_flow@3x.png
baiduNaviSDK.bundle/image/bn_ugc_limit_width.png
baiduNaviSDK.bundle/image/bn_ugc_littleroad_jolt@3x.png
baiduNaviSDK.bundle/image/bn_ugc_littleroad_unlay@3x.png
baiduNaviSDK.bundle/image/bn_ugc_littleroad_unstreelamp@3x.png
baiduNaviSDK.bundle/image/bn_ugc_location@3x.png
baiduNaviSDK.bundle/image/bn_ugc_lot_of_pedestrian@3x.png
baiduNaviSDK.bundle/image/bn_ugc_lot_of_trucks@3x.png
baiduNaviSDK.bundle/image/bn_ugc_lukoufangdatu@3x.png
baiduNaviSDK.bundle/image/bn_ugc_lukoufangdatu@night@3x.png
baiduNaviSDK.bundle/image/bn_ugc_map_location_add@3x.png
baiduNaviSDK.bundle/image/bn_ugc_map_location_report@3x.png
baiduNaviSDK.bundle/image/bn_ugc_map_report_btn@2x.png
baiduNaviSDK.bundle/image/bn_ugc_map_report_button_bg@3x.png
baiduNaviSDK.bundle/image/bn_ugc_moutains@3x.png
baiduNaviSDK.bundle/image/bn_ugc_nishiliu@3x.png
baiduNaviSDK.bundle/image/bn_ugc_non_icon_yongdu@3x.png
baiduNaviSDK.bundle/image/bn_ugc_noroad@3x.png
baiduNaviSDK.bundle/image/bn_ugc_other@2x.png
baiduNaviSDK.bundle/image/bn_ugc_parkingCar_stall@3x.png
baiduNaviSDK.bundle/image/bn_ugc_photo@3x.png
baiduNaviSDK.bundle/image/bn_ugc_photo_delete@3x.png
baiduNaviSDK.bundle/image/bn_ugc_play@3x.png
baiduNaviSDK.bundle/image/bn_ugc_play_small@3x.png
baiduNaviSDK.bundle/image/bn_ugc_podu@3x.png
baiduNaviSDK.bundle/image/bn_ugc_prohibit_left.png
baiduNaviSDK.bundle/image/bn_ugc_prohibit_little_road.png
baiduNaviSDK.bundle/image/bn_ugc_prohibit_right.png
baiduNaviSDK.bundle/image/bn_ugc_prohibit_straight.png
baiduNaviSDK.bundle/image/bn_ugc_prohibit_turn.png
baiduNaviSDK.bundle/image/bn_ugc_qita2@3x.png
baiduNaviSDK.bundle/image/bn_ugc_qita2@night@3x.png
baiduNaviSDK.bundle/image/bn_ugc_qita@3x.png
baiduNaviSDK.bundle/image/bn_ugc_quanmingongjian@3x.png
baiduNaviSDK.bundle/image/bn_ugc_ratelimit@3x.png
baiduNaviSDK.bundle/image/bn_ugc_record@3x.png
baiduNaviSDK.bundle/image/bn_ugc_record_s@3x.png
baiduNaviSDK.bundle/image/bn_ugc_selected_icon@3x.png
baiduNaviSDK.bundle/image/bn_ugc_shigong@3x.png
baiduNaviSDK.bundle/image/bn_ugc_shigong_2@3x.png
baiduNaviSDK.bundle/image/bn_ugc_shigu@3x.png
baiduNaviSDK.bundle/image/bn_ugc_shigu_2@3x.png
baiduNaviSDK.bundle/image/bn_ugc_slow@3x.png
baiduNaviSDK.bundle/image/bn_ugc_small_traffic_flow@3x.png
baiduNaviSDK.bundle/image/bn_ugc_start@3x.png
baiduNaviSDK.bundle/image/bn_ugc_tortoise_speed@3x.png
baiduNaviSDK.bundle/image/bn_ugc_traffic_light@3x.png
baiduNaviSDK.bundle/image/bn_ugc_truck_camera@3x.png
baiduNaviSDK.bundle/image/bn_ugc_truck_check_vehicles@3x.png
baiduNaviSDK.bundle/image/bn_ugc_truck_limit@3x.png
baiduNaviSDK.bundle/image/bn_ugc_truck_limit_height@3x.png
baiduNaviSDK.bundle/image/bn_ugc_truck_limit_weight@3x.png
baiduNaviSDK.bundle/image/bn_ugc_truck_limit_width@3x.png
baiduNaviSDK.bundle/image/bn_ugc_turn_around@2x.png
baiduNaviSDK.bundle/image/bn_ugc_type_selected_icon@2x.png
baiduNaviSDK.bundle/image/bn_ugc_unrecord@3x.png
baiduNaviSDK.bundle/image/bn_ugc_upload_button@3x.png
baiduNaviSDK.bundle/image/bn_ugc_upload_button_dark@3x.png
baiduNaviSDK.bundle/image/bn_ugc_upload_panel_bg@3x.png
baiduNaviSDK.bundle/image/bn_ugc_upload_panel_bg@night@3x.png
baiduNaviSDK.bundle/image/bn_ugc_voice@2x.png
baiduNaviSDK.bundle/image/bn_ugc_weixian@3x.png
baiduNaviSDK.bundle/image/bn_ugc_weixian_2@3x.png
baiduNaviSDK.bundle/image/bn_ugc_wrong_location@2x.png
baiduNaviSDK.bundle/image/bn_ugc_xiansu@3x.png
baiduNaviSDK.bundle/image/bn_ugc_xiansu@night@3x.png
baiduNaviSDK.bundle/image/bn_ugc_yongdu@3x.png
baiduNaviSDK.bundle/image/bn_ugc_yongdu_2.png
baiduNaviSDK.bundle/image/bn_ugc_yongdu_2@2x.png
baiduNaviSDK.bundle/image/bn_viasearch_titleicon@3x.png
baiduNaviSDK.bundle/image/bn_viasearch_titleicon@night@3x.png
baiduNaviSDK.bundle/image/bn_viasearch_titleicon_dark@3x.png
baiduNaviSDK.bundle/image/bn_view_all_btn@3x.png
baiduNaviSDK.bundle/image/bn_view_all_btn@night@3x.png
baiduNaviSDK.bundle/image/bn_view_all_exit_btn@3x.png
baiduNaviSDK.bundle/image/bn_view_all_exit_btn@night@3x.png
baiduNaviSDK.bundle/image/bn_voice_bg_icon@3x.png
baiduNaviSDK.bundle/image/bn_voice_biaoqian-1@3x.png
baiduNaviSDK.bundle/image/bn_voice_biaoqian-1@night@3x.png
baiduNaviSDK.bundle/image/bn_voice_biaoqian-2@3x.png
baiduNaviSDK.bundle/image/bn_voice_biaoqian-2@night@3x.png
baiduNaviSDK.bundle/image/bn_voice_biaoqian-3@3x.png
baiduNaviSDK.bundle/image/bn_voice_biaoqian-3@night@3x.png
baiduNaviSDK.bundle/image/bn_voice_tip_icon@3x.png
baiduNaviSDK.bundle/image/bn_vs_main_page_indicator@3x.png
baiduNaviSDK.bundle/image/bn_weather_button_image@3x.png
baiduNaviSDK.bundle/image/bn_weather_button_image@night@3x.png
baiduNaviSDK.bundle/image/bn_weather_button_image@select@3x.png
baiduNaviSDK.bundle/image/bn_weather_button_tips_image.png
baiduNaviSDK.bundle/image/bn_weather_notice_message_icon@3x.png
baiduNaviSDK.bundle/image/bnace_2d_intervalspeed_bg@3x.png
baiduNaviSDK.bundle/image/bnace_2d_intervalspeed_bg@night@3x.png
baiduNaviSDK.bundle/image/bnace_3d_horizontal_intervalspeed_bg@3x.png
baiduNaviSDK.bundle/image/bnace_3d_horizontal_intervalspeed_bg@night@3x.png
baiduNaviSDK.bundle/image/bnace_3d_intervalspeed_bg@3x.png
baiduNaviSDK.bundle/image/bnace_3d_intervalspeed_bg@night@3x.png
baiduNaviSDK.bundle/image/bnace_greenspeedview_bg@3x.png
baiduNaviSDK.bundle/image/bnace_greenspeedview_bg_dark@3x.png
baiduNaviSDK.bundle/image/bnace_greenwave_speed_gray_shadow@3x.png
baiduNaviSDK.bundle/image/bnace_greenwave_speed_green_shadow@3x.png
baiduNaviSDK.bundle/image/bnace_guide_label@3x.png
baiduNaviSDK.bundle/image/bnace_intervalspeed_bg@3x.png
baiduNaviSDK.bundle/image/bnace_intervalspeed_bg_dark@3x.png
baiduNaviSDK.bundle/image/bnace_park@3x.png
baiduNaviSDK.bundle/image/bnace_record@3x.png
baiduNaviSDK.bundle/image/bnace_record_panel_cancel_btn_bg@3x.png
baiduNaviSDK.bundle/image/bnace_record_panel_confirm_btn_bg@3x.png
baiduNaviSDK.bundle/image/bnace_smartscreen_border@3x.png
baiduNaviSDK.bundle/image/bnace_smartscreen_placeholder@3x.png
baiduNaviSDK.bundle/image/bnace_smartscreen_top_bg@3x.png
baiduNaviSDK.bundle/image/bnace_smartscreen_trafficlight_bg_bottom@3x.png
baiduNaviSDK.bundle/image/bnace_smartscreen_trafficlight_bg_top@3x.png
baiduNaviSDK.bundle/image/bnace_smartscreen_trafficlight_bg_top_shadow@3x.png
baiduNaviSDK.bundle/image/bnace_smartscreen_trafficlight_icon@3x.png
baiduNaviSDK.bundle/image/bnace_speedview_2d_circle_blue@3x.png
baiduNaviSDK.bundle/image/bnace_speedview_2d_circle_blue@night@3x.png
baiduNaviSDK.bundle/image/bnace_speedview_2d_circle_green@3x.png
baiduNaviSDK.bundle/image/bnace_speedview_2d_circle_green@night@3x.png
baiduNaviSDK.bundle/image/bnace_speedview_2d_circle_red@3x.png
baiduNaviSDK.bundle/image/bnace_speedview_2d_circle_red@night@3x.png
baiduNaviSDK.bundle/image/bnace_speedview_bg@3x.png
baiduNaviSDK.bundle/image/bnace_speedview_bg_dark@3x.png
baiduNaviSDK.bundle/image/bnace_speedview_circle_blue@3x.png
baiduNaviSDK.bundle/image/bnace_speedview_circle_blue_dark@3x.png
baiduNaviSDK.bundle/image/bnace_speedview_circle_green@3x.png
baiduNaviSDK.bundle/image/bnace_speedview_circle_green_dark@3x.png
baiduNaviSDK.bundle/image/bnace_speedview_circle_red@3x.png
baiduNaviSDK.bundle/image/bnace_speedview_circle_red_dark@3x.png
baiduNaviSDK.bundle/image/bnace_speedview_mid_blue@3x.png
baiduNaviSDK.bundle/image/bnace_speedview_mid_green@3x.png
baiduNaviSDK.bundle/image/bnace_speedview_mid_red@3x.png
baiduNaviSDK.bundle/image/bnace_speedview_shadow_blue@3x.png
baiduNaviSDK.bundle/image/bnace_speedview_shadow_red@3x.png
baiduNaviSDK.bundle/image/bnace_ss_landcape_bg@3x.png
baiduNaviSDK.bundle/image/bnace_ss_landcape_text_bg@3x.png
baiduNaviSDK.bundle/image/bnace_ss_landscape_imageborder@3x.png
baiduNaviSDK.bundle/image/bnavi_3d_guide_background@3x.png
baiduNaviSDK.bundle/image/bnavi_3d_guide_background@night@3x.png
baiduNaviSDK.bundle/image/bnavi_3d_guide_background_bottom@3x.png
baiduNaviSDK.bundle/image/bnavi_3d_guide_background_bottom@night@3x.png
baiduNaviSDK.bundle/image/bnavi_BG_3tab@3x.png
baiduNaviSDK.bundle/image/bnavi_BG_3tab@night@3x.png
baiduNaviSDK.bundle/image/bnavi_BaseNavigationBar_Back_IronGray_Arrow_Highlighted@3x.png
baiduNaviSDK.bundle/image/bnavi_BaseNavigationBar_Back_IronGray_Arrow_Normal@3x.png
baiduNaviSDK.bundle/image/bnavi_BaseNavigationBar_Normal_Background@2x.png
baiduNaviSDK.bundle/image/bnavi_ai_speed_normal_bg@3x.png
baiduNaviSDK.bundle/image/bnavi_ai_speed_normal_bg_dark@3x.png
baiduNaviSDK.bundle/image/bnavi_ai_speed_normal_gradient_circle@3x.png
baiduNaviSDK.bundle/image/bnavi_ai_speed_normal_small_circle@3x.png
baiduNaviSDK.bundle/image/bnavi_ai_speed_normal_small_circle_dark@3x.png
baiduNaviSDK.bundle/image/bnavi_ar_exit@3x.png
baiduNaviSDK.bundle/image/bnavi_ar_full_screen@3x.png
baiduNaviSDK.bundle/image/bnavi_ar_half_screen@3x.png
baiduNaviSDK.bundle/image/bnavi_ar_logo@3x.png
baiduNaviSDK.bundle/image/bnavi_ar_logo_gray@3x.png
baiduNaviSDK.bundle/image/bnavi_ar_logo_gray@night@3x.png
baiduNaviSDK.bundle/image/bnavi_ar_motionview_area_back@3x.png
baiduNaviSDK.bundle/image/bnavi_ar_motionview_jump@3x.png
baiduNaviSDK.bundle/image/bnavi_ar_motionview_line@3x.png
baiduNaviSDK.bundle/image/bnavi_ar_navi@3x.png
baiduNaviSDK.bundle/image/bnavi_ar_nike@3x.png
baiduNaviSDK.bundle/image/bnavi_ar_orientation@3x.png
baiduNaviSDK.bundle/image/bnavi_ar_orientation_land@3x.png
baiduNaviSDK.bundle/image/bnavi_bk_button_normal@3x.png
baiduNaviSDK.bundle/image/bnavi_bk_button_pressed@2x.png
baiduNaviSDK.bundle/image/bnavi_bk_gpstipview@2x.png
baiduNaviSDK.bundle/image/bnavi_btn_more_normal@2x.png
baiduNaviSDK.bundle/image/bnavi_btn_play_normal@2x.png
baiduNaviSDK.bundle/image/bnavi_btn_play_normal@night@2x.png
baiduNaviSDK.bundle/image/bnavi_btn_stop_normal@3x.png
baiduNaviSDK.bundle/image/bnavi_btn_stop_normal@night@3x.png
baiduNaviSDK.bundle/image/bnavi_button_main_background_light@3x.png
baiduNaviSDK.bundle/image/bnavi_button_main_background_light_dark@3x.png
baiduNaviSDK.bundle/image/bnavi_dynamic_panel_blue@3x.png
baiduNaviSDK.bundle/image/bnavi_dynamic_panel_red@3x.png
baiduNaviSDK.bundle/image/bnavi_dynamic_panel_white@3x.png
baiduNaviSDK.bundle/image/bnavi_green_wave_speed2D_bg@3x.png
baiduNaviSDK.bundle/image/bnavi_green_wave_speed3D_bg@3x.png
baiduNaviSDK.bundle/image/bnavi_green_wave_trafficlight@3x.png
baiduNaviSDK.bundle/image/bnavi_handsetpad_routerefresh@3x.png
baiduNaviSDK.bundle/image/bnavi_handsetpad_routerefresh@night@3x.png
baiduNaviSDK.bundle/image/bnavi_handsetpad_viewall@3x.png
baiduNaviSDK.bundle/image/bnavi_handsetpad_viewall@night@3x.png
baiduNaviSDK.bundle/image/bnavi_highway_info_guide_bg@3x.png
baiduNaviSDK.bundle/image/bnavi_intervene_exit_lane@3x.png
baiduNaviSDK.bundle/image/bnavi_lane_close@3x.png
baiduNaviSDK.bundle/image/bnavi_lane_close@night@3x.png
baiduNaviSDK.bundle/image/bnavi_lane_fenping@3x.png
baiduNaviSDK.bundle/image/bnavi_lane_fenping@night@3x.png
baiduNaviSDK.bundle/image/bnavi_lane_quanping@3x.png
baiduNaviSDK.bundle/image/bnavi_lane_quanping@night@3x.png
baiduNaviSDK.bundle/image/bnavi_loadingX@3x.png
baiduNaviSDK.bundle/image/bnavi_loading_circle@2x.png
baiduNaviSDK.bundle/image/bnavi_main_icon_carnumlimit_off@3x.png
baiduNaviSDK.bundle/image/bnavi_main_icon_carnumlimit_off_dark@3x.png
baiduNaviSDK.bundle/image/bnavi_main_icon_carnumlimit_on@3x.png
baiduNaviSDK.bundle/image/bnavi_main_icon_reunion@3x.png
baiduNaviSDK.bundle/image/bnavi_main_icon_reunion_dark@3x.png
baiduNaviSDK.bundle/image/bnavi_main_icon_roadcondition_off@3x.png
baiduNaviSDK.bundle/image/bnavi_main_icon_roadcondition_off_dark@3x.png
baiduNaviSDK.bundle/image/bnavi_main_icon_roadcondition_three@3x.png
baiduNaviSDK.bundle/image/bnavi_main_icon_roadcondition_three_dark@3x.png
baiduNaviSDK.bundle/image/bnavi_main_icon_savepower_off@3x.png
baiduNaviSDK.bundle/image/bnavi_main_icon_savepower_off_dark@3x.png
baiduNaviSDK.bundle/image/bnavi_main_icon_savepower_on@3x.png
baiduNaviSDK.bundle/image/bnavi_main_icon_search@3x.png
baiduNaviSDK.bundle/image/bnavi_main_icon_search_dark@3x.png
baiduNaviSDK.bundle/image/bnavi_main_icon_sound_off@3x.png
baiduNaviSDK.bundle/image/bnavi_main_icon_sound_off_dark@3x.png
baiduNaviSDK.bundle/image/bnavi_main_icon_sound_on@3x.png
baiduNaviSDK.bundle/image/bnavi_main_slave_on_auxiliary@3x.png
baiduNaviSDK.bundle/image/bnavi_main_slave_on_auxiliary@lane@3x.png
baiduNaviSDK.bundle/image/bnavi_main_slave_on_auxiliary@night@3x.png
baiduNaviSDK.bundle/image/bnavi_main_slave_on_auxiliary_ar@3x.png
baiduNaviSDK.bundle/image/bnavi_main_slave_on_auxiliary_dark@3x.png
baiduNaviSDK.bundle/image/bnavi_main_slave_on_bridge@3x.png
baiduNaviSDK.bundle/image/bnavi_main_slave_on_bridge@lane@3x.png
baiduNaviSDK.bundle/image/bnavi_main_slave_on_bridge@night@3x.png
baiduNaviSDK.bundle/image/bnavi_main_slave_on_bridge_ar@3x.png
baiduNaviSDK.bundle/image/bnavi_main_slave_on_bridge_dark@3x.png
baiduNaviSDK.bundle/image/bnavi_main_slave_on_main@3x.png
baiduNaviSDK.bundle/image/bnavi_main_slave_on_main@lane@3x.png
baiduNaviSDK.bundle/image/bnavi_main_slave_on_main@night@3x.png
baiduNaviSDK.bundle/image/bnavi_main_slave_on_main_ar@3x.png
baiduNaviSDK.bundle/image/bnavi_main_slave_on_main_dark@3x.png
baiduNaviSDK.bundle/image/bnavi_main_slave_under_bridge@3x.png
baiduNaviSDK.bundle/image/bnavi_main_slave_under_bridge@lane@3x.png
baiduNaviSDK.bundle/image/bnavi_main_slave_under_bridge@night@3x.png
baiduNaviSDK.bundle/image/bnavi_main_slave_under_bridge_ar@3x.png
baiduNaviSDK.bundle/image/bnavi_main_slave_under_bridge_dark@3x.png
baiduNaviSDK.bundle/image/bnavi_moto_setting_add_plate@3x.png
baiduNaviSDK.bundle/image/bnavi_moto_setting_add_plate@night@3x.png
baiduNaviSDK.bundle/image/bnavi_moto_setting_edit@3x.png
baiduNaviSDK.bundle/image/bnavi_moto_setting_moto_icon@3x.png
baiduNaviSDK.bundle/image/bnavi_msg_partition_recommen_img@3x.png
baiduNaviSDK.bundle/image/bnavi_msg_partition_recommen_img_close@3x.png
baiduNaviSDK.bundle/image/bnavi_msg_partition_recommen_img_dark@3x.png
baiduNaviSDK.bundle/image/bnavi_msg_partition_recommen_select@3x.png
baiduNaviSDK.bundle/image/bnavi_msg_partition_recommen_select_dark@3x.png
baiduNaviSDK.bundle/image/bnavi_new_barchart_carIcon@3x.png
baiduNaviSDK.bundle/image/bnavi_new_charging_arrow@3x.png
baiduNaviSDK.bundle/image/bnavi_new_charging_panel_icon@3x.png
baiduNaviSDK.bundle/image/bnavi_new_charging_panel_icon_p@3x.png
baiduNaviSDK.bundle/image/bnavi_new_charging_queue@3x.png
baiduNaviSDK.bundle/image/bnavi_new_charging_tesila_icon@3x.png
baiduNaviSDK.bundle/image/bnavi_new_etabar_bg@3x.png
baiduNaviSDK.bundle/image/bnavi_new_etabar_bg@night@3x.png
baiduNaviSDK.bundle/image/bnavi_new_etabar_bg_content@3x.png
baiduNaviSDK.bundle/image/bnavi_new_etabar_bg_content@night@3x.png
baiduNaviSDK.bundle/image/bnavi_new_etabar_bg_has_corner@3x.png
baiduNaviSDK.bundle/image/bnavi_new_etabar_bg_has_corner@night@3x.png
baiduNaviSDK.bundle/image/bnavi_new_etabar_bg_no_corner@3x.png
baiduNaviSDK.bundle/image/bnavi_new_etabar_bg_no_corner@night@3x.png
baiduNaviSDK.bundle/image/bnavi_new_etabar_bg_plane@3x.png
baiduNaviSDK.bundle/image/bnavi_new_etabar_bg_plane@night@3x.png
baiduNaviSDK.bundle/image/bnavi_new_etabar_bg_shadow@3x.png
baiduNaviSDK.bundle/image/bnavi_new_etabar_bg_shadow_corner@3x.png
baiduNaviSDK.bundle/image/bnavi_new_etabar_huhang@3x.png
baiduNaviSDK.bundle/image/bnavi_new_etabar_xinshou@3x.png
baiduNaviSDK.bundle/image/bnavi_new_exit_navi@3x.png
baiduNaviSDK.bundle/image/bnavi_new_exit_navi@night@3x.png
baiduNaviSDK.bundle/image/bnavi_new_more_down@3x.png
baiduNaviSDK.bundle/image/bnavi_new_more_up@3x.png
baiduNaviSDK.bundle/image/bnavi_new_pull_navi_horizontal_shang@3x.png
baiduNaviSDK.bundle/image/bnavi_new_pull_navi_horizontal_xia@3x.png
baiduNaviSDK.bundle/image/bnavi_new_pull_navi_vertical_shang@3x.png
baiduNaviSDK.bundle/image/bnavi_new_pull_navi_vertical_xia@3x.png
baiduNaviSDK.bundle/image/bnavi_new_service_charge@3x.png
baiduNaviSDK.bundle/image/bnavi_new_service_charge_icon@3x.png
baiduNaviSDK.bundle/image/bnavi_new_service_charge_no@3x.png
baiduNaviSDK.bundle/image/bnavi_new_service_close_icon@3x.png
baiduNaviSDK.bundle/image/bnavi_new_service_default_icon@3x.png
baiduNaviSDK.bundle/image/bnavi_new_service_dest_icon@3x.png
baiduNaviSDK.bundle/image/bnavi_new_service_dest_icon_en@3x.png
baiduNaviSDK.bundle/image/bnavi_new_service_park_icon@3x.png
baiduNaviSDK.bundle/image/bnavi_new_service_petrol@3x.png
baiduNaviSDK.bundle/image/bnavi_new_service_petrol_no@3x.png
baiduNaviSDK.bundle/image/bnavi_new_service_service@3x.png
baiduNaviSDK.bundle/image/bnavi_new_service_service_no@3x.png
baiduNaviSDK.bundle/image/bnavi_new_service_station_icon@3x.png
baiduNaviSDK.bundle/image/bnavi_new_service_subscribe_icon@3x.png
baiduNaviSDK.bundle/image/bnavi_new_service_tixing_icon@3x.png
baiduNaviSDK.bundle/image/bnavi_new_service_toilet@3x.png
baiduNaviSDK.bundle/image/bnavi_new_service_toilet_no@3x.png
baiduNaviSDK.bundle/image/bnavi_new_service_via_icon@3x.png
baiduNaviSDK.bundle/image/bnavi_new_service_via_icon_en@3x.png
baiduNaviSDK.bundle/image/bnavi_new_service_wh_icon@3x.png
baiduNaviSDK.bundle/image/bnavi_normal_btn@3x.png
baiduNaviSDK.bundle/image/bnavi_normal_lane_close@3x.png
baiduNaviSDK.bundle/image/bnavi_normal_lane_close_night@3x.png
baiduNaviSDK.bundle/image/bnavi_notice_hd_icon@3x.png
baiduNaviSDK.bundle/image/bnavi_notify_lane_icon@3x.png
baiduNaviSDK.bundle/image/bnavi_poi_detail_Gas_station@3x.png
baiduNaviSDK.bundle/image/bnavi_poi_detail_bank@3x.png
baiduNaviSDK.bundle/image/bnavi_poi_detail_bank_gh@3x.png
baiduNaviSDK.bundle/image/bnavi_poi_detail_bank_jh@3x.png
baiduNaviSDK.bundle/image/bnavi_poi_detail_bank_nh@3x.png
baiduNaviSDK.bundle/image/bnavi_poi_detail_bank_zh@3x.png
baiduNaviSDK.bundle/image/bnavi_poi_detail_charge_station@3x.png
baiduNaviSDK.bundle/image/bnavi_poi_detail_gas_station_zsh@3x.png
baiduNaviSDK.bundle/image/bnavi_poi_detail_gas_station_zsy@3x.png
baiduNaviSDK.bundle/image/bnavi_poi_detail_hotel@3x.png
baiduNaviSDK.bundle/image/bnavi_poi_detail_scenery_spot@3x.png
baiduNaviSDK.bundle/image/bnavi_poi_detail_toilet@3x.png
baiduNaviSDK.bundle/image/bnavi_pullleft@3x.png
baiduNaviSDK.bundle/image/bnavi_pullup@3x.png
baiduNaviSDK.bundle/image/bnavi_recharge_button_highlight@3x.png
baiduNaviSDK.bundle/image/bnavi_recharge_button_normal@3x.png
baiduNaviSDK.bundle/image/bnavi_reunion_share@2x.png
baiduNaviSDK.bundle/image/bnavi_satelite_beidou_icon@3x.png
baiduNaviSDK.bundle/image/bnavi_search_charging@3x.png
baiduNaviSDK.bundle/image/bnavi_search_charging@night@3x.png
baiduNaviSDK.bundle/image/bnavi_service_area_add@3x.png
baiduNaviSDK.bundle/image/bnavi_service_area_charging@3x.png
baiduNaviSDK.bundle/image/bnavi_service_area_charging_orange@3x.png
baiduNaviSDK.bundle/image/bnavi_service_area_charging_white@3x.png
baiduNaviSDK.bundle/image/bnavi_service_area_go_here@3x.png
baiduNaviSDK.bundle/image/bnavi_service_area_no_charging@3x.png
baiduNaviSDK.bundle/image/bnavi_service_area_park@3x.png
baiduNaviSDK.bundle/image/bnavi_service_chargeStation@3x.png
baiduNaviSDK.bundle/image/bnavi_service_entertaiment@3x.png
baiduNaviSDK.bundle/image/bnavi_service_fix_station@3x.png
baiduNaviSDK.bundle/image/bnavi_service_gasStation@3x.png
baiduNaviSDK.bundle/image/bnavi_service_marked@3x.png
baiduNaviSDK.bundle/image/bnavi_service_petrolStation@3x.png
baiduNaviSDK.bundle/image/bnavi_service_restrant@3x.png
baiduNaviSDK.bundle/image/bnavi_service_service@3x.png
baiduNaviSDK.bundle/image/bnavi_service_simpleguide_bluetooth@3x.png
baiduNaviSDK.bundle/image/bnavi_service_simpleguide_bluetooth_normal@3x.png
baiduNaviSDK.bundle/image/bnavi_service_simpleguide_bluetooth_weak@3x.png
baiduNaviSDK.bundle/image/bnavi_service_simpleguide_markBG@3x.png
baiduNaviSDK.bundle/image/bnavi_service_supermarket@3x.png
baiduNaviSDK.bundle/image/bnavi_service_toilet@3x.png
baiduNaviSDK.bundle/image/bnavi_service_toll_station@3x.png
baiduNaviSDK.bundle/image/bnavi_service_unmarked@3x.png
baiduNaviSDK.bundle/image/bnavi_setting_hide_keyboard@2x.png
baiduNaviSDK.bundle/image/bnavi_setting_view_cell_line_shadow@2x.png
baiduNaviSDK.bundle/image/bnavi_setting_view_cell_round_bg_bottom@2x.png
baiduNaviSDK.bundle/image/bnavi_setting_view_cell_round_bg_mid@2x.png
baiduNaviSDK.bundle/image/bnavi_setting_view_cell_round_bg_top@2x.png
baiduNaviSDK.bundle/image/bnavi_setting_view_retun@3x.png
baiduNaviSDK.bundle/image/bnavi_setting_view_retun@night@3x.png
baiduNaviSDK.bundle/image/bnavi_smart_high_way_bgView@3x.png
baiduNaviSDK.bundle/image/bnavi_smart_high_way_bgView_dark@3x.png
baiduNaviSDK.bundle/image/bnavi_st_add_shortcut@3x.png
baiduNaviSDK.bundle/image/bnavi_st_added_shortcut@3x.png
baiduNaviSDK.bundle/image/bnavi_st_bubble_blue_null@3x.png
baiduNaviSDK.bundle/image/bnavi_st_bubble_blue_null@night@3x.png
baiduNaviSDK.bundle/image/bnavi_st_bubble_new@3x.png
baiduNaviSDK.bundle/image/bnavi_st_bubble_new_function@3x.png
baiduNaviSDK.bundle/image/bnavi_st_carmanage@3x.png
baiduNaviSDK.bundle/image/bnavi_st_delete_shortcut@3x.png
baiduNaviSDK.bundle/image/bnavi_st_diycaricon@3x.png
baiduNaviSDK.bundle/image/bnavi_st_diynavi@3x.png
baiduNaviSDK.bundle/image/bnavi_st_diyvoice@3x.png
baiduNaviSDK.bundle/image/bnavi_st_handset_btn_add@3x.png
baiduNaviSDK.bundle/image/bnavi_st_handset_btn_add@night@3x.png
baiduNaviSDK.bundle/image/bnavi_st_handset_btn_bg@3x.png
baiduNaviSDK.bundle/image/bnavi_st_handset_btn_bg@night@3x.png
baiduNaviSDK.bundle/image/bnavi_st_handset_btn_delete@3x.png
baiduNaviSDK.bundle/image/bnavi_st_handset_btn_delete@night@3x.png
baiduNaviSDK.bundle/image/bnavi_st_handset_contentbg@3x.png
baiduNaviSDK.bundle/image/bnavi_st_handset_contentbg@night@3x.png
baiduNaviSDK.bundle/image/bnavi_st_handset_search_1@3x.png
baiduNaviSDK.bundle/image/bnavi_st_handset_search_2@3x.png
baiduNaviSDK.bundle/image/bnavi_st_handset_search_3@3x.png
baiduNaviSDK.bundle/image/bnavi_st_handset_search_4@3x.png
baiduNaviSDK.bundle/image/bnavi_st_handset_search_5@3x.png
baiduNaviSDK.bundle/image/bnavi_st_handset_search_6@3x.png
baiduNaviSDK.bundle/image/bnavi_st_handset_tab_selected@3x.png
baiduNaviSDK.bundle/image/bnavi_st_handset_touch_icon@3x.png
baiduNaviSDK.bundle/image/bnavi_st_more@3x.png
baiduNaviSDK.bundle/image/bnavi_st_preadd_shortcut@3x.png
baiduNaviSDK.bundle/image/bnavi_st_rank@3x.png
baiduNaviSDK.bundle/image/bnavi_st_routesort_1@2x.png
baiduNaviSDK.bundle/image/bnavi_st_routesort_1_night@2x.png
baiduNaviSDK.bundle/image/bnavi_st_routesort_1_select@2x.png
baiduNaviSDK.bundle/image/bnavi_st_routesort_2@3x.png
baiduNaviSDK.bundle/image/bnavi_st_routesort_2_night@3x.png
baiduNaviSDK.bundle/image/bnavi_st_routesort_2_select@3x.png
baiduNaviSDK.bundle/image/bnavi_st_routesort_3@3x.png
baiduNaviSDK.bundle/image/bnavi_st_routesort_3_night@3x.png
baiduNaviSDK.bundle/image/bnavi_st_routesort_3_select@3x.png
baiduNaviSDK.bundle/image/bnavi_st_routesort_4@3x.png
baiduNaviSDK.bundle/image/bnavi_st_routesort_4_night@3x.png
baiduNaviSDK.bundle/image/bnavi_st_routesort_4_select@3x.png
baiduNaviSDK.bundle/image/bnavi_st_routesort_5@3x.png
baiduNaviSDK.bundle/image/bnavi_st_routesort_5_night@3x.png
baiduNaviSDK.bundle/image/bnavi_st_routesort_5_select@3x.png
baiduNaviSDK.bundle/image/bnavi_st_routesort_6@3x.png
baiduNaviSDK.bundle/image/bnavi_st_routesort_6_night@3x.png
baiduNaviSDK.bundle/image/bnavi_st_routesort_6_select@3x.png
baiduNaviSDK.bundle/image/bnavi_st_shareposition@3x.png
baiduNaviSDK.bundle/image/bnavi_st_shortcut_corner_icon@3x.png
baiduNaviSDK.bundle/image/bnavi_st_team@3x.png
baiduNaviSDK.bundle/image/bnavi_st_uploadproblem@3x.png
baiduNaviSDK.bundle/image/bnavi_st_yantuserach@3x.png
baiduNaviSDK.bundle/image/bnavi_trip_share_button@3x.png
baiduNaviSDK.bundle/image/bnavi_trip_share_button@night@3x.png
baiduNaviSDK.bundle/image/bnavi_truck_setting_truck_icon@3x.png
baiduNaviSDK.bundle/image/bnavi_ugc_detail_more@3x.png
baiduNaviSDK.bundle/image/bnavi_ugc_energy_icon_default@3x.png
baiduNaviSDK.bundle/image/bnavi_ugc_upload_second_4@3x.png
baiduNaviSDK.bundle/image/bnavi_ugc_upload_second_6@3x.png
baiduNaviSDK.bundle/image/bnavi_ugc_yellowtip_bg@3x.png
baiduNaviSDK.bundle/image/bnavi_ugc_yellowtip_close@3x.png
baiduNaviSDK.bundle/image/bnavi_ugc_yellowtip_icon@3x.png
baiduNaviSDK.bundle/image/bnavi_ugcupload_buttonselected@3x.png
baiduNaviSDK.bundle/image/bnavi_ugcupload_headview_changelocation@3x.png
baiduNaviSDK.bundle/image/bnavi_ugcupload_second_guanzhi@3x.png
baiduNaviSDK.bundle/image/bnavi_vertical_line@2x.png
baiduNaviSDK.bundle/image/bnavi_via_fillter_arrow_down@3x.png
baiduNaviSDK.bundle/image/bnavi_via_fillter_arrow_down@night@3x.png
baiduNaviSDK.bundle/image/bnavi_via_fillter_arrow_left@3x.png
baiduNaviSDK.bundle/image/bnavi_via_fillter_arrow_left@night@3x.png
baiduNaviSDK.bundle/image/bnavi_via_fillter_arrow_right@3x.png
baiduNaviSDK.bundle/image/bnavi_via_fillter_arrow_right@night@3x.png
baiduNaviSDK.bundle/image/bnavi_via_fillter_arrow_up@3x.png
baiduNaviSDK.bundle/image/bnavi_via_fillter_arrow_up@night@3x.png
baiduNaviSDK.bundle/image/bnavi_voice_icon_default@3x.png
baiduNaviSDK.bundle/image/bncc_CarArrow_0@3x.png
baiduNaviSDK.bundle/image/bncc_ClassicGuide@3x.png
baiduNaviSDK.bundle/image/bncc_ConditionBar@3x.png
baiduNaviSDK.bundle/image/bncc_DuRobot@3x.png
baiduNaviSDK.bundle/image/bncc_EtaBar_with_barchart@3x.png
baiduNaviSDK.bundle/image/bncc_EtaBar_without_barchart@3x.png
baiduNaviSDK.bundle/image/bncc_HighWayInfo@3x.png
baiduNaviSDK.bundle/image/bncc_Lanes@3x.png
baiduNaviSDK.bundle/image/bncc_MiniMap@3x.png
baiduNaviSDK.bundle/image/bncc_RoadName@3x.png
baiduNaviSDK.bundle/image/bncc_SimpleGuide@3x.png
baiduNaviSDK.bundle/image/bncc_Speed@3x.png
baiduNaviSDK.bundle/image/bncc_SteeringCompass@3x.png
baiduNaviSDK.bundle/image/bncc_navi_setting_compass@3x.png
baiduNaviSDK.bundle/image/bncc_navi_setting_enlarge@3x.png
baiduNaviSDK.bundle/image/bncc_navi_setting_highway@3x.png
baiduNaviSDK.bundle/image/bncc_navi_setting_lane@3x.png
baiduNaviSDK.bundle/image/bncc_navi_setting_redline@3x.png
baiduNaviSDK.bundle/image/bncc_navi_setting_roadname@3x.png
baiduNaviSDK.bundle/image/bncc_navi_setting_select@3x.png
baiduNaviSDK.bundle/image/bncc_navi_setting_speed@3x.png
baiduNaviSDK.bundle/image/bncc_navi_setting_xiaodu@3x.png
baiduNaviSDK.bundle/image/bncn_trafficlight_icon_normal_dark@3x.png
baiduNaviSDK.bundle/image/bncn_via_point@2x.png
baiduNaviSDK.bundle/image/bned_gps@3x.png
baiduNaviSDK.bundle/image/bnid_panorama_bg@3x.png
baiduNaviSDK.bundle/image/bnid_panorama_part@3x.png
baiduNaviSDK.bundle/image/bnid_panorama_part_dark@3x.png
baiduNaviSDK.bundle/image/bnid_sub_page_tab_inner_shadow@3x.png
baiduNaviSDK.bundle/image/bnid_sub_page_tab_inner_shadow_dark@3x.png
baiduNaviSDK.bundle/image/bnradar_tab_trafficlight_select@3x.png
baiduNaviSDK.bundle/image/bnradar_tab_trafficlight_unselect@2x.png
baiduNaviSDK.bundle/image/bnradar_tab_trafficlight_unselect_dark@2x.png
baiduNaviSDK.bundle/image/bnrs_tesla_send_location@3x.png
baiduNaviSDK.bundle/image/bnrs_tesla_send_location_dark@3x.png
baiduNaviSDK.bundle/image/bridge@3x.png
baiduNaviSDK.bundle/image/btn_blue@3x.png
baiduNaviSDK.bundle/image/btn_blue_pressdown@3x.png
baiduNaviSDK.bundle/image/btn_grey@3x.png
baiduNaviSDK.bundle/image/btn_grey_pressdown@3x.png
baiduNaviSDK.bundle/image/btn_light_blue@3x.png
baiduNaviSDK.bundle/image/btn_loading_close@3x.png
baiduNaviSDK.bundle/image/btn_tab_left@2x.png
baiduNaviSDK.bundle/image/btn_tab_left_press@2x.png
baiduNaviSDK.bundle/image/btn_tab_right@2x.png
baiduNaviSDK.bundle/image/btn_tab_right_press@2x.png
baiduNaviSDK.bundle/image/btn_ugc_address_1@3x.png
baiduNaviSDK.bundle/image/btn_ugc_address_2@3x.png
baiduNaviSDK.bundle/image/btn_ugc_address_3@3x.png
baiduNaviSDK.bundle/image/btn_ugc_address_7@3x.png
baiduNaviSDK.bundle/image/btn_ugc_detail_more@3x.png
baiduNaviSDK.bundle/image/btn_ugc_home_10@3x.png
baiduNaviSDK.bundle/image/btn_ugc_home_10_highlight@3x.png
baiduNaviSDK.bundle/image/btn_ugc_home_3104@2x.png
baiduNaviSDK.bundle/image/btn_ugc_home_3105@2x.png
baiduNaviSDK.bundle/image/btn_ugc_home_3106@2x.png
baiduNaviSDK.bundle/image/btn_ugc_home_3107@2x.png
baiduNaviSDK.bundle/image/btn_ugc_home_3108@2x.png
baiduNaviSDK.bundle/image/btn_ugc_home_3109@2x.png
baiduNaviSDK.bundle/image/btn_ugc_home_3110@2x.png
baiduNaviSDK.bundle/image/btn_ugc_home_3111@2x.png
baiduNaviSDK.bundle/image/btn_ugc_home_3112@2x.png
baiduNaviSDK.bundle/image/btn_ugc_home_3113@2x.png
baiduNaviSDK.bundle/image/btn_ugc_home_3114@2x.png
baiduNaviSDK.bundle/image/btn_ugc_home_3115@2x.png
baiduNaviSDK.bundle/image/btn_ugc_home_4@3x.png
baiduNaviSDK.bundle/image/btn_ugc_home_4_highlight@3x.png
baiduNaviSDK.bundle/image/btn_ugc_home_51@3x.png
baiduNaviSDK.bundle/image/btn_ugc_home_53@3x.png
baiduNaviSDK.bundle/image/btn_ugc_home_54@3x.png
baiduNaviSDK.bundle/image/btn_ugc_home_55@3x.png
baiduNaviSDK.bundle/image/btn_ugc_home_5@3x.png
baiduNaviSDK.bundle/image/btn_ugc_home_5_highlight@3x.png
baiduNaviSDK.bundle/image/btn_ugc_home_6@3x.png
baiduNaviSDK.bundle/image/btn_ugc_home_6_highlight@3x.png
baiduNaviSDK.bundle/image/btn_ugc_home_7@3x.png
baiduNaviSDK.bundle/image/btn_ugc_home_7_highlight@3x.png
baiduNaviSDK.bundle/image/btn_ugc_home_9@3x.png
baiduNaviSDK.bundle/image/btn_ugc_home_9_highlight@3x.png
baiduNaviSDK.bundle/image/btn_ugc_home_roadevent_1@3x.png
baiduNaviSDK.bundle/image/btn_ugc_home_roadevent_2@3x.png
baiduNaviSDK.bundle/image/btn_ugc_home_roadevent_3@3x.png
baiduNaviSDK.bundle/image/btn_ugc_home_roadevent_4@3x.png
baiduNaviSDK.bundle/image/btn_ugc_home_roadevent_5@3x.png
baiduNaviSDK.bundle/image/btn_ugc_home_roadevent_6@3x.png
baiduNaviSDK.bundle/image/btn_ugc_other_6@3x.png
baiduNaviSDK.bundle/image/btn_ugc_road_11@3x.png
baiduNaviSDK.bundle/image/btn_ugc_road_12@3x.png
baiduNaviSDK.bundle/image/btn_ugc_road_13@3x.png
baiduNaviSDK.bundle/image/btn_ugc_road_9@3x.png
baiduNaviSDK.bundle/image/btn_ugc_title@3x.png
baiduNaviSDK.bundle/image/btn_voice_left_focused@2x.png
baiduNaviSDK.bundle/image/btn_voice_left_normal@2x.png
baiduNaviSDK.bundle/image/btn_voice_midle_focused@2x.png
baiduNaviSDK.bundle/image/btn_voice_midle_normal@2x.png
baiduNaviSDK.bundle/image/btn_voice_right_focused@2x.png
baiduNaviSDK.bundle/image/btn_voice_right_normal@2x.png
baiduNaviSDK.bundle/image/camera@3x.png
baiduNaviSDK.bundle/image/car_park_info_btn@2x.png
baiduNaviSDK.bundle/image/car_park_info_btn@night@2x.png
baiduNaviSDK.bundle/image/car_tab_bg@3x.png
baiduNaviSDK.bundle/image/car_tab_bg_dark@3x.png
baiduNaviSDK.bundle/image/car_tab_impression@3x.png
baiduNaviSDK.bundle/image/carpage_bottombar_ai_navi_beta@3x.png
baiduNaviSDK.bundle/image/carpage_bottomview_energy_navi_highlight@3x.png
baiduNaviSDK.bundle/image/carpage_bottomview_leida@3x.png
baiduNaviSDK.bundle/image/carpage_bottomview_leida_dark@3x.png
baiduNaviSDK.bundle/image/carpage_bottomview_leida_highlight@3x.png
baiduNaviSDK.bundle/image/carpage_bottomview_leida_highlight_dark@3x.png
baiduNaviSDK.bundle/image/carpage_bottomview_navi_highlight@3x.png
baiduNaviSDK.bundle/image/carpage_bottomview_secondary_btn@3x.png
baiduNaviSDK.bundle/image/carpage_bottomview_secondary_btn_highlight@3x.png
baiduNaviSDK.bundle/image/carpage_bubble_arrowbottom_right@2x.png
baiduNaviSDK.bundle/image/carpage_bubble_right_arrowbottom@3x.png
baiduNaviSDK.bundle/image/carpage_icon_button_energy_dark@3x.png
baiduNaviSDK.bundle/image/carpage_icon_button_energy_dark_highlight@3x.png
baiduNaviSDK.bundle/image/carpage_icon_button_energy_day@3x.png
baiduNaviSDK.bundle/image/carpage_icon_button_energy_day_highlight@3x.png
baiduNaviSDK.bundle/image/carpage_icon_button_energy_lightnavi@3x.png
baiduNaviSDK.bundle/image/carpage_icon_button_energy_lightnavi_dark@3x.png
baiduNaviSDK.bundle/image/carpage_icon_button_energy_lightnavi_highlight@3x.png
baiduNaviSDK.bundle/image/carpage_icon_button_energy_lightnavi_highlight_dark@3x.png
baiduNaviSDK.bundle/image/carpage_icon_button_energy_navi@3x.png
baiduNaviSDK.bundle/image/carpage_icon_button_lightnavi@3x.png
baiduNaviSDK.bundle/image/carpage_icon_button_lightnavi_dark@3x.png
baiduNaviSDK.bundle/image/carpage_icon_button_lightnavi_highlight@3x.png
baiduNaviSDK.bundle/image/carpage_icon_button_lightnavi_highlight_dark@3x.png
baiduNaviSDK.bundle/image/carpage_icon_button_moss@3x.png
baiduNaviSDK.bundle/image/carpage_icon_button_moss_highlight@3x.png
baiduNaviSDK.bundle/image/carpage_icon_button_navi@3x.png
baiduNaviSDK.bundle/image/carpage_icon_button_navi_dark@3x.png
baiduNaviSDK.bundle/image/carpage_icon_button_navi_dark_highlight@3x.png
baiduNaviSDK.bundle/image/carpage_icon_button_navi_day@3x.png
baiduNaviSDK.bundle/image/carpage_icon_button_navi_day_highlight@3x.png
baiduNaviSDK.bundle/image/carpage_icon_button_navi_new@3x.png
baiduNaviSDK.bundle/image/carpage_leida_icon@3x.png
baiduNaviSDK.bundle/image/carpage_leida_icon_highlight.png
baiduNaviSDK.bundle/image/carpage_toolbox_ar@3x.png
baiduNaviSDK.bundle/image/carpage_toolbox_ar_dark@3x.png
baiduNaviSDK.bundle/image/children@3x.png
baiduNaviSDK.bundle/image/circle_blue@3x.png
baiduNaviSDK.bundle/image/common_accessory@3x.png
baiduNaviSDK.bundle/image/common_accessory@night@3x.png
baiduNaviSDK.bundle/image/common_black_btn_bg@2x.png
baiduNaviSDK.bundle/image/common_black_btn_bg_pressed@2x.png
baiduNaviSDK.bundle/image/common_blue_btn_bg@2x.png
baiduNaviSDK.bundle/image/common_blue_btn_bg_pressed@2x.png
baiduNaviSDK.bundle/image/common_blue_btn_shadowbg@2x.png
baiduNaviSDK.bundle/image/common_blue_btn_shadowbg_pressed@2x.png
baiduNaviSDK.bundle/image/common_blue_edit@3x.png
baiduNaviSDK.bundle/image/common_bottom_bg@2x.png
baiduNaviSDK.bundle/image/common_bottom_bg@night@2x.png
baiduNaviSDK.bundle/image/common_button_bg@3x.png
baiduNaviSDK.bundle/image/common_card_bg@2x.png
baiduNaviSDK.bundle/image/common_card_bg@night@2x.png
baiduNaviSDK.bundle/image/common_card_bg_pressed@2x.png
baiduNaviSDK.bundle/image/common_card_bg_pressed@night@2x.png
baiduNaviSDK.bundle/image/common_day_left_btn_bg_pressed@2x.png
baiduNaviSDK.bundle/image/common_day_right_NaviCloseBtn_Select@3x.png
baiduNaviSDK.bundle/image/common_day_right_NaviCloseBtn_Select@night@3x.png
baiduNaviSDK.bundle/image/common_day_right_NaviCloseBtn_Unselect@3x.png
baiduNaviSDK.bundle/image/common_day_right_NaviCloseBtn_Unselect@night@3x.png
baiduNaviSDK.bundle/image/common_day_right_btn_bg_pressed@2x.png
baiduNaviSDK.bundle/image/common_delete_red_btn@2x.png
baiduNaviSDK.bundle/image/common_delete_red_btn_pressed@2x.png
baiduNaviSDK.bundle/image/common_header_back_icon@2x.png
baiduNaviSDK.bundle/image/common_mapheader_back_icon@3x.png
baiduNaviSDK.bundle/image/common_mapheader_back_icon@night@3x.png
baiduNaviSDK.bundle/image/common_night_left_btn_bg_pressed@2x.png
baiduNaviSDK.bundle/image/common_night_right_btn_bg_pressed@2x.png
baiduNaviSDK.bundle/image/common_red_btn_bg@2x.png
baiduNaviSDK.bundle/image/common_red_btn_bg_pressed@2x.png
baiduNaviSDK.bundle/image/common_separation_line_horizon@2x.png
baiduNaviSDK.bundle/image/common_separation_line_vertical@2x.png
baiduNaviSDK.bundle/image/common_separation_line_vertical@night@2x.png
baiduNaviSDK.bundle/image/common_textfield_bg@2x.png
baiduNaviSDK.bundle/image/common_textfield_bg@night@2x.png
baiduNaviSDK.bundle/image/common_white_btn_bg@2x.png
baiduNaviSDK.bundle/image/common_white_btn_bg_pressed@2x.png
baiduNaviSDK.bundle/image/crosswind@3x.png
baiduNaviSDK.bundle/image/customVoice_AddRecord@3x.png
baiduNaviSDK.bundle/image/customVoice_Deleted@3x.png
baiduNaviSDK.bundle/image/customVoice_Downloading@3x.png
baiduNaviSDK.bundle/image/customVoice_Share@2x.png
baiduNaviSDK.bundle/image/customVoice_Used@3x.png
baiduNaviSDK.bundle/image/customVoice_Used_pressed@2x.png
baiduNaviSDK.bundle/image/customVoice_addvoice_btn_pressed@2x.png
baiduNaviSDK.bundle/image/customVoice_downloadPause@3x.png
baiduNaviSDK.bundle/image/customVoice_general@2x.png
baiduNaviSDK.bundle/image/customVoice_lock@3x.png
baiduNaviSDK.bundle/image/customVoice_putonghua@3x.png
baiduNaviSDK.bundle/image/customVoice_resumeDownload@3x.png
baiduNaviSDK.bundle/image/customvoice_networkerror@3x.png
baiduNaviSDK.bundle/image/daohang_bai_diy_guide@3x.png
baiduNaviSDK.bundle/image/daohang_bai_duihao@3x.png
baiduNaviSDK.bundle/image/daohang_bai_international@3x.png
baiduNaviSDK.bundle/image/daohang_bai_jingcha@3x.png
baiduNaviSDK.bundle/image/daohang_bai_lanya@3x.png
baiduNaviSDK.bundle/image/daohang_bai_shengyin@3x.png
baiduNaviSDK.bundle/image/daohang_bai_shijian@3x.png
baiduNaviSDK.bundle/image/daohang_bai_tanhao@3x.png
baiduNaviSDK.bundle/image/daohang_bai_xd_wakeup@3x.png
baiduNaviSDK.bundle/image/daohang_bai_yaw@3x.png
baiduNaviSDK.bundle/image/daohang_bottombar_trafficlight@3x.png
baiduNaviSDK.bundle/image/daohang_bottombar_trafficlight@night@3x.png
baiduNaviSDK.bundle/image/daohang_hong_gantanhao@3x.png
baiduNaviSDK.bundle/image/daohang_huang_wang@3x.png
baiduNaviSDK.bundle/image/daohang_lan_gps@3x.png
baiduNaviSDK.bundle/image/daohang_lan_notice@3x.png
baiduNaviSDK.bundle/image/daohang_lan_protect@3x.png
baiduNaviSDK.bundle/image/daohang_lan_shengdian@3x.png
baiduNaviSDK.bundle/image/daohang_lan_shengyin@3x.png
baiduNaviSDK.bundle/image/daohang_lan_tingchechang@3x.png
baiduNaviSDK.bundle/image/daohang_landscape_trafficlight@3x.png
baiduNaviSDK.bundle/image/daohang_landscape_viapoint_trafficlight@3x.png
baiduNaviSDK.bundle/image/data_btn_tab_left_map@2x.png
baiduNaviSDK.bundle/image/data_btn_tab_left_map_press@2x.png
baiduNaviSDK.bundle/image/data_btn_tab_right_map@2x.png
baiduNaviSDK.bundle/image/data_btn_tab_right_map_press@2x.png
baiduNaviSDK.bundle/image/datamerge_active@2x.png
baiduNaviSDK.bundle/image/dog_signal_h@3x.png
baiduNaviSDK.bundle/image/dog_signal_l@3x.png
baiduNaviSDK.bundle/image/dog_signal_m@3x.png
baiduNaviSDK.bundle/image/download_guide_image@2x.png
baiduNaviSDK.bundle/image/du_failed_loading@3x.png
baiduNaviSDK.bundle/image/edog_icon_close_button@3x.png
baiduNaviSDK.bundle/image/edog_icon_close_button@night@3x.png
baiduNaviSDK.bundle/image/edog_icon_more_button@3x.png
baiduNaviSDK.bundle/image/edog_speeddial@3x.png
baiduNaviSDK.bundle/image/edog_speedneedle_dynamic@3x.png
baiduNaviSDK.bundle/image/edog_speedneedle_static@3x.png
baiduNaviSDK.bundle/image/energy_add_car@3x.png
baiduNaviSDK.bundle/image/energy_charging_number_bg@3x.png
baiduNaviSDK.bundle/image/energy_charging_number_bg_dark@3x.png
baiduNaviSDK.bundle/image/energy_charging_number_quick_bg@3x.png
baiduNaviSDK.bundle/image/energy_charging_number_quick_bg_dark@3x.png
baiduNaviSDK.bundle/image/energy_charging_number_slow_bg@3x.png
baiduNaviSDK.bundle/image/energy_charging_number_slow_bg_dark@3x.png
baiduNaviSDK.bundle/image/energy_default_car@3x.png
baiduNaviSDK.bundle/image/energy_default_car_back@3x.png
baiduNaviSDK.bundle/image/energy_map_right_arrow@3x.png
baiduNaviSDK.bundle/image/energy_map_right_arrow_dark@3x.png
baiduNaviSDK.bundle/image/energy_mileage_close@3x.png
baiduNaviSDK.bundle/image/energy_mileage_edit@3x.png
baiduNaviSDK.bundle/image/energy_mileage_slider@3x.png
baiduNaviSDK.bundle/image/energy_mileage_slider_dark@3x.png
baiduNaviSDK.bundle/image/energy_owner_background_placeholder@2x.png
baiduNaviSDK.bundle/image/energy_panel_brand_default_icon_selected@3x.png
baiduNaviSDK.bundle/image/energy_panel_brand_default_icon_unselected@3x.png
baiduNaviSDK.bundle/image/energy_right_arrow@3x.png
baiduNaviSDK.bundle/image/energy_tab_bg@3x.png
baiduNaviSDK.bundle/image/energy_tab_bg_dark@3x.png
baiduNaviSDK.bundle/image/energy_tab_impression@3x.png
baiduNaviSDK.bundle/image/fav_poi_delete_normal@2x.png
baiduNaviSDK.bundle/image/fav_poi_delete_select@2x.png
baiduNaviSDK.bundle/image/fav_poi_rename_normal@2x.png
baiduNaviSDK.bundle/image/fav_poi_rename_select@2x.png
baiduNaviSDK.bundle/image/gps_loading@3x.png
baiduNaviSDK.bundle/image/handset_bnavi_st_routesort_1@3x.png
baiduNaviSDK.bundle/image/handset_bnavi_st_routesort_1_select@3x.png
baiduNaviSDK.bundle/image/handset_bnavi_st_routesort_2@3x.png
baiduNaviSDK.bundle/image/handset_bnavi_st_routesort_2_select@3x.png
baiduNaviSDK.bundle/image/handset_bnavi_st_routesort_3@3x.png
baiduNaviSDK.bundle/image/handset_bnavi_st_routesort_3_select@3x.png
baiduNaviSDK.bundle/image/handset_bnavi_st_routesort_4@3x.png
baiduNaviSDK.bundle/image/handset_bnavi_st_routesort_4_select@3x.png
baiduNaviSDK.bundle/image/handset_bnavi_st_routesort_5@3x.png
baiduNaviSDK.bundle/image/handset_bnavi_st_routesort_5_select@3x.png
baiduNaviSDK.bundle/image/handset_bnavi_st_routesort_6@3x.png
baiduNaviSDK.bundle/image/handset_bnavi_st_routesort_6_select@3x.png
baiduNaviSDK.bundle/image/highway_bg_blue@3x.png
baiduNaviSDK.bundle/image/highway_bg_blue_bottom@3x.png
baiduNaviSDK.bundle/image/highway_bg_blue_bottom_new@3x.png
baiduNaviSDK.bundle/image/highway_bg_green@3x.png
baiduNaviSDK.bundle/image/highway_bg_green_bottom@3x.png
baiduNaviSDK.bundle/image/highway_bg_green_bottom_new@3x.png
baiduNaviSDK.bundle/image/highway_bg_orange@3x.png
baiduNaviSDK.bundle/image/highway_bg_orange_bottom_new@3x.png
baiduNaviSDK.bundle/image/highway_bg_white@2x.png
baiduNaviSDK.bundle/image/highway_bg_white_list@2x.png
baiduNaviSDK.bundle/image/highway_charge@3x.png
baiduNaviSDK.bundle/image/highway_entrance@3x.png
baiduNaviSDK.bundle/image/highway_exit@3x.png
baiduNaviSDK.bundle/image/highway_serviceArea@3x.png
baiduNaviSDK.bundle/image/highway_service_area_list_bg_blue@3x.png
baiduNaviSDK.bundle/image/highway_service_area_list_bg_green@3x.png
baiduNaviSDK.bundle/image/highway_weather_dew@2x.png
baiduNaviSDK.bundle/image/highway_weather_dry@2x.png
baiduNaviSDK.bundle/image/highway_weather_frost@2x.png
baiduNaviSDK.bundle/image/highway_weather_waterpond@2x.png
baiduNaviSDK.bundle/image/hillsidedangerous@3x.png
baiduNaviSDK.bundle/image/home_declaration_card_bg@2x.png
baiduNaviSDK.bundle/image/homepanel_Indicate_arrow_down@3x.png
baiduNaviSDK.bundle/image/homepanel_Indicate_arrow_down_dark@3x.png
baiduNaviSDK.bundle/image/homepanel_Indicate_icon@3x.png
baiduNaviSDK.bundle/image/homepanel_Indicate_icon_dark@3x.png
baiduNaviSDK.bundle/image/ic_arrow@3x.png
baiduNaviSDK.bundle/image/ic_baocuo@3x.png
baiduNaviSDK.bundle/image/ic_camera@3x.png
baiduNaviSDK.bundle/image/ic_camera_2@3x.png
baiduNaviSDK.bundle/image/ic_fenglu@3x.png
baiduNaviSDK.bundle/image/ic_fenglu_lane@3x.png
baiduNaviSDK.bundle/image/ic_fenglu_night@3x.png
baiduNaviSDK.bundle/image/ic_fenglu_s@3x.png
baiduNaviSDK.bundle/image/ic_jiebing_s@3x.png
baiduNaviSDK.bundle/image/ic_jishui@3x.png
baiduNaviSDK.bundle/image/ic_jishui_night@3x.png
baiduNaviSDK.bundle/image/ic_jishui_s@3x.png
baiduNaviSDK.bundle/image/ic_jiuhuche@3x.png
baiduNaviSDK.bundle/image/ic_jixue@3x.png
baiduNaviSDK.bundle/image/ic_jixue_night@3x.png
baiduNaviSDK.bundle/image/ic_jixue_s@3x.png
baiduNaviSDK.bundle/image/ic_lane_2cross_left_straight@3x.png
baiduNaviSDK.bundle/image/ic_lane_2cross_left_straight_bright@3x.png
baiduNaviSDK.bundle/image/ic_lane_2cross_left_straight_gray@3x.png
baiduNaviSDK.bundle/image/ic_lane_2cross_right_straight@3x.png
baiduNaviSDK.bundle/image/ic_lane_2cross_right_straight_bright@3x.png
baiduNaviSDK.bundle/image/ic_lane_2cross_right_straight_gray@3x.png
baiduNaviSDK.bundle/image/ic_lane_2cross_turn_left@3x.png
baiduNaviSDK.bundle/image/ic_lane_2cross_turn_right@3x.png
baiduNaviSDK.bundle/image/ic_lane_3cross_bright@3x.png
baiduNaviSDK.bundle/image/ic_lane_3cross_gray@3x.png
baiduNaviSDK.bundle/image/ic_lane_3cross_straight@3x.png
baiduNaviSDK.bundle/image/ic_lane_3cross_turn_left@3x.png
baiduNaviSDK.bundle/image/ic_lane_3cross_turn_right@3x.png
baiduNaviSDK.bundle/image/ic_lane_around_and_left@3x.png
baiduNaviSDK.bundle/image/ic_lane_around_and_left_bright@3x.png
baiduNaviSDK.bundle/image/ic_lane_around_and_left_gray@3x.png
baiduNaviSDK.bundle/image/ic_lane_around_and_right@3x.png
baiduNaviSDK.bundle/image/ic_lane_around_and_right_bright@3x.png
baiduNaviSDK.bundle/image/ic_lane_around_and_right_gray@3x.png
baiduNaviSDK.bundle/image/ic_lane_around_and_straight@3x.png
baiduNaviSDK.bundle/image/ic_lane_around_and_straight_bright@3x.png
baiduNaviSDK.bundle/image/ic_lane_around_and_straight_gray@3x.png
baiduNaviSDK.bundle/image/ic_lane_around_left_right@3x.png
baiduNaviSDK.bundle/image/ic_lane_around_left_right_bright@3x.png
baiduNaviSDK.bundle/image/ic_lane_around_left_right_gray@3x.png
baiduNaviSDK.bundle/image/ic_lane_around_left_right_straight@3x.png
baiduNaviSDK.bundle/image/ic_lane_around_left_right_straight_bright@3x.png
baiduNaviSDK.bundle/image/ic_lane_around_left_right_straight_gray@3x.png
baiduNaviSDK.bundle/image/ic_lane_around_left_straight@3x.png
baiduNaviSDK.bundle/image/ic_lane_around_left_straight_bright@3x.png
baiduNaviSDK.bundle/image/ic_lane_around_left_straight_gray@3x.png
baiduNaviSDK.bundle/image/ic_lane_around_right_straight@3x.png
baiduNaviSDK.bundle/image/ic_lane_around_right_straight_bright@3x.png
baiduNaviSDK.bundle/image/ic_lane_around_right_straight_gray@3x.png
baiduNaviSDK.bundle/image/ic_lane_bus@3x.png
baiduNaviSDK.bundle/image/ic_lane_bus_2cross_left_straight_bright@3x.png
baiduNaviSDK.bundle/image/ic_lane_bus_2cross_left_straight_gray@3x.png
baiduNaviSDK.bundle/image/ic_lane_bus_2cross_right_straight_bright@3x.png
baiduNaviSDK.bundle/image/ic_lane_bus_2cross_right_straight_gray@3x.png
baiduNaviSDK.bundle/image/ic_lane_bus_3cross_bright@3x.png
baiduNaviSDK.bundle/image/ic_lane_bus_3cross_gray@3x.png
baiduNaviSDK.bundle/image/ic_lane_bus_around_and_left_bright@3x.png
baiduNaviSDK.bundle/image/ic_lane_bus_around_and_left_gray@3x.png
baiduNaviSDK.bundle/image/ic_lane_bus_around_and_right_bright@3x.png
baiduNaviSDK.bundle/image/ic_lane_bus_around_and_right_gray@3x.png
baiduNaviSDK.bundle/image/ic_lane_bus_around_and_straight_bright@3x.png
baiduNaviSDK.bundle/image/ic_lane_bus_around_and_straight_gray@3x.png
baiduNaviSDK.bundle/image/ic_lane_bus_around_left_right_bright@3x.png
baiduNaviSDK.bundle/image/ic_lane_bus_around_left_right_gray@3x.png
baiduNaviSDK.bundle/image/ic_lane_bus_around_left_straight_bright@3x.png
baiduNaviSDK.bundle/image/ic_lane_bus_around_left_straight_gray@3x.png
baiduNaviSDK.bundle/image/ic_lane_bus_around_right_straight_bright@3x.png
baiduNaviSDK.bundle/image/ic_lane_bus_around_right_straight_gray@3x.png
baiduNaviSDK.bundle/image/ic_lane_bus_bright@3x.png
baiduNaviSDK.bundle/image/ic_lane_bus_bright_en@3x.png
baiduNaviSDK.bundle/image/ic_lane_bus_en@3x.png
baiduNaviSDK.bundle/image/ic_lane_bus_left_and_right_bright@3x.png
baiduNaviSDK.bundle/image/ic_lane_bus_left_and_right_gray@3x.png
baiduNaviSDK.bundle/image/ic_lane_bus_straight_bright@3x.png
baiduNaviSDK.bundle/image/ic_lane_bus_straight_gray@3x.png
baiduNaviSDK.bundle/image/ic_lane_bus_text@3x.png
baiduNaviSDK.bundle/image/ic_lane_bus_text_en@3x.png
baiduNaviSDK.bundle/image/ic_lane_bus_turn_around@3x.png
baiduNaviSDK.bundle/image/ic_lane_bus_turn_around_left_bright@3x.png
baiduNaviSDK.bundle/image/ic_lane_bus_turn_around_left_gray@3x.png
baiduNaviSDK.bundle/image/ic_lane_bus_turn_front@3x.png
baiduNaviSDK.bundle/image/ic_lane_bus_turn_left@3x.png
baiduNaviSDK.bundle/image/ic_lane_bus_turn_left_90_bright@3x.png
baiduNaviSDK.bundle/image/ic_lane_bus_turn_left_90_gray@3x.png
baiduNaviSDK.bundle/image/ic_lane_bus_turn_right@3x.png
baiduNaviSDK.bundle/image/ic_lane_bus_turn_right_90_bright@3x.png
baiduNaviSDK.bundle/image/ic_lane_bus_turn_right_90_gray@3x.png
baiduNaviSDK.bundle/image/ic_lane_dotted_line@3x.png
baiduNaviSDK.bundle/image/ic_lane_hov@3x.png
baiduNaviSDK.bundle/image/ic_lane_hov_bright@3x.png
baiduNaviSDK.bundle/image/ic_lane_left_and_around@3x.png
baiduNaviSDK.bundle/image/ic_lane_left_and_right@3x.png
baiduNaviSDK.bundle/image/ic_lane_left_and_right_bright@3x.png
baiduNaviSDK.bundle/image/ic_lane_left_and_right_gray@3x.png
baiduNaviSDK.bundle/image/ic_lane_left_around_right@3x.png
baiduNaviSDK.bundle/image/ic_lane_left_around_right_straight@3x.png
baiduNaviSDK.bundle/image/ic_lane_left_around_straight@3x.png
baiduNaviSDK.bundle/image/ic_lane_olympic_winter_games@3x.png
baiduNaviSDK.bundle/image/ic_lane_olympic_winter_games_en@3x.png
baiduNaviSDK.bundle/image/ic_lane_right_and_around@3x.png
baiduNaviSDK.bundle/image/ic_lane_right_and_left@3x.png
baiduNaviSDK.bundle/image/ic_lane_right_around_left@3x.png
baiduNaviSDK.bundle/image/ic_lane_right_around_left_straight@3x.png
baiduNaviSDK.bundle/image/ic_lane_right_around_straight@3x.png
baiduNaviSDK.bundle/image/ic_lane_straight@3x.png
baiduNaviSDK.bundle/image/ic_lane_straight_and_around@3x.png
baiduNaviSDK.bundle/image/ic_lane_straight_around_left_right@3x.png
baiduNaviSDK.bundle/image/ic_lane_straight_gray@3x.png
baiduNaviSDK.bundle/image/ic_lane_straight_gray_mask@3x.png
baiduNaviSDK.bundle/image/ic_lane_straight_left_around@3x.png
baiduNaviSDK.bundle/image/ic_lane_straight_mask@3x.png
baiduNaviSDK.bundle/image/ic_lane_straight_right_around@3x.png
baiduNaviSDK.bundle/image/ic_lane_tidal_available@3x.png
baiduNaviSDK.bundle/image/ic_lane_tidal_available_bright@3x.png
baiduNaviSDK.bundle/image/ic_lane_tidal_back@3x.png
baiduNaviSDK.bundle/image/ic_lane_tidal_back_bright@3x.png
baiduNaviSDK.bundle/image/ic_lane_tidal_front@3x.png
baiduNaviSDK.bundle/image/ic_lane_tidal_front_bright@3x.png
baiduNaviSDK.bundle/image/ic_lane_tidal_left@3x.png
baiduNaviSDK.bundle/image/ic_lane_tidal_left_bright@3x.png
baiduNaviSDK.bundle/image/ic_lane_tidal_right@3x.png
baiduNaviSDK.bundle/image/ic_lane_tidal_right_bright@3x.png
baiduNaviSDK.bundle/image/ic_lane_tidal_text@3x.png
baiduNaviSDK.bundle/image/ic_lane_tidal_text_bright@3x.png
baiduNaviSDK.bundle/image/ic_lane_tidal_text_bright_en@3x.png
baiduNaviSDK.bundle/image/ic_lane_tidal_text_en@3x.png
baiduNaviSDK.bundle/image/ic_lane_turn_around_left@3x.png
baiduNaviSDK.bundle/image/ic_lane_turn_around_left_gray@3x.png
baiduNaviSDK.bundle/image/ic_lane_turn_around_left_gray_mask@3x.png
baiduNaviSDK.bundle/image/ic_lane_turn_around_left_mask@3x.png
baiduNaviSDK.bundle/image/ic_lane_turn_left_90@3x.png
baiduNaviSDK.bundle/image/ic_lane_turn_left_90_gray@3x.png
baiduNaviSDK.bundle/image/ic_lane_turn_left_90_gray_mask@3x.png
baiduNaviSDK.bundle/image/ic_lane_turn_left_90_mask@3x.png
baiduNaviSDK.bundle/image/ic_lane_turn_right_90@3x.png
baiduNaviSDK.bundle/image/ic_lane_turn_right_90_gray@3x.png
baiduNaviSDK.bundle/image/ic_lane_turn_right_90_gray_mask@3x.png
baiduNaviSDK.bundle/image/ic_lane_turn_right_90_mask@3x.png
baiduNaviSDK.bundle/image/ic_lane_variable@3x.png
baiduNaviSDK.bundle/image/ic_lane_variable_bright@3x.png
baiduNaviSDK.bundle/image/ic_lane_variable_bright_en@3x.png
baiduNaviSDK.bundle/image/ic_lane_variable_en@3x.png
baiduNaviSDK.bundle/image/ic_point_left@3x.png
baiduNaviSDK.bundle/image/ic_point_left_dark@3x.png
baiduNaviSDK.bundle/image/ic_point_middle@3x.png
baiduNaviSDK.bundle/image/ic_point_middle_dark@3x.png
baiduNaviSDK.bundle/image/ic_point_right@3x.png
baiduNaviSDK.bundle/image/ic_point_right_dark@3x.png
baiduNaviSDK.bundle/image/ic_qita@3x.png
baiduNaviSDK.bundle/image/ic_routepreview_apcell_default@3x.png
baiduNaviSDK.bundle/image/ic_shangbao@3x.png
baiduNaviSDK.bundle/image/ic_shangbao@night@3x.png
baiduNaviSDK.bundle/image/ic_shigong@3x.png
baiduNaviSDK.bundle/image/ic_shigong_night@3x.png
baiduNaviSDK.bundle/image/ic_shigong_s@3x.png
baiduNaviSDK.bundle/image/ic_shigu@3x.png
baiduNaviSDK.bundle/image/ic_shigu_night@3x.png
baiduNaviSDK.bundle/image/ic_shigu_s@3x.png
baiduNaviSDK.bundle/image/ic_ugc_chengjiu@3x.png
baiduNaviSDK.bundle/image/ic_ugc_vertify_exist@3x.png
baiduNaviSDK.bundle/image/ic_ugc_vertify_moreprocess@3x.png
baiduNaviSDK.bundle/image/ic_ugc_vertify_msgview_lefticon@3x.png
baiduNaviSDK.bundle/image/ic_ugc_vertify_unexist@3x.png
baiduNaviSDK.bundle/image/ic_useful_grey@3x.png
baiduNaviSDK.bundle/image/ic_useful_normal@3x.png
baiduNaviSDK.bundle/image/ic_useless_grey@3x.png
baiduNaviSDK.bundle/image/ic_useless_normal@3x.png
baiduNaviSDK.bundle/image/ic_v @3x.png
baiduNaviSDK.bundle/image/ic_v2@3x.png
baiduNaviSDK.bundle/image/ic_v3@3x.png
baiduNaviSDK.bundle/image/ic_v@3x.png
baiduNaviSDK.bundle/image/ic_weixian@3x.png
baiduNaviSDK.bundle/image/ic_weixian_lane@3x.png
baiduNaviSDK.bundle/image/ic_weixian_night@3x.png
baiduNaviSDK.bundle/image/ic_weixian_s@3x.png
baiduNaviSDK.bundle/image/ic_wu@3x.png
baiduNaviSDK.bundle/image/ic_wu_ngiht@3x.png
baiduNaviSDK.bundle/image/ic_wu_s@3x.png
baiduNaviSDK.bundle/image/ic_wuxianxing@3x.png
baiduNaviSDK.bundle/image/ic_xianxing@3x.png
baiduNaviSDK.bundle/image/ic_xiaofangche@3x.png
baiduNaviSDK.bundle/image/ic_yingjiqiangxian@3x.png
baiduNaviSDK.bundle/image/ic_yongdu@3x.png
baiduNaviSDK.bundle/image/ic_yongdu_night@3x.png
baiduNaviSDK.bundle/image/ic_yongdu_s@3x.png
baiduNaviSDK.bundle/image/icon_search_route_poi_bankOnWay@3x.png
baiduNaviSDK.bundle/image/icon_search_route_poi_foodOnWay@3x.png
baiduNaviSDK.bundle/image/icon_search_route_poi_gasStation@3x.png
baiduNaviSDK.bundle/image/icon_search_route_poi_hotelOnWay@3x.png
baiduNaviSDK.bundle/image/icon_search_route_poi_parkingLotOnWay@3x.png
baiduNaviSDK.bundle/image/icon_search_route_poi_serviceArea@3x.png
baiduNaviSDK.bundle/image/icon_search_route_poi_toiletOnWay@3x.png
baiduNaviSDK.bundle/image/icon_search_route_poi_viaCity@3x.png
baiduNaviSDK.bundle/image/icon_search_route_poi_viaRoad@3x.png
baiduNaviSDK.bundle/image/icon_search_route_poi_weather@3x.png
baiduNaviSDK.bundle/image/icon_search_route_poi_weather@night@3x.png
baiduNaviSDK.bundle/image/icon_white_navi@3x.png
baiduNaviSDK.bundle/image/icon_white_navi_highlight@3x.png
baiduNaviSDK.bundle/image/intervalcamera_h@2x.png
baiduNaviSDK.bundle/image/jiantou@3x.png
baiduNaviSDK.bundle/image/joint_left@3x.png
baiduNaviSDK.bundle/image/joint_right@3x.png
baiduNaviSDK.bundle/image/lane_close@3x.png
baiduNaviSDK.bundle/image/lane_close@night@3x.png
baiduNaviSDK.bundle/image/lane_fenping@3x.png
baiduNaviSDK.bundle/image/lane_noti_icon@3x.png
baiduNaviSDK.bundle/image/lane_quanping@3x.png
baiduNaviSDK.bundle/image/light_back_icon@3x.png
baiduNaviSDK.bundle/image/light_little_yellow@2x.png
baiduNaviSDK.bundle/image/light_little_yellow_close@3x.png
baiduNaviSDK.bundle/image/light_little_yellow_close_selected@3x.png
baiduNaviSDK.bundle/image/light_little_yellow_gpsloading@3x.png
baiduNaviSDK.bundle/image/light_little_yellow_guide@3x.png
baiduNaviSDK.bundle/image/light_little_yellow_roadcondition@3x.png
baiduNaviSDK.bundle/image/light_turn_2branch_left@3x.png
baiduNaviSDK.bundle/image/light_turn_2branch_left_dark@3x.png
baiduNaviSDK.bundle/image/light_turn_2branch_right@3x.png
baiduNaviSDK.bundle/image/light_turn_2branch_right_dark@3x.png
baiduNaviSDK.bundle/image/light_turn_3branch_center@3x.png
baiduNaviSDK.bundle/image/light_turn_3branch_center_dark@3x.png
baiduNaviSDK.bundle/image/light_turn_3branch_left@3x.png
baiduNaviSDK.bundle/image/light_turn_3branch_left_dark@3x.png
baiduNaviSDK.bundle/image/light_turn_3branch_left_straight@3x.png
baiduNaviSDK.bundle/image/light_turn_3branch_left_straight_dark@3x.png
baiduNaviSDK.bundle/image/light_turn_3branch_right@3x.png
baiduNaviSDK.bundle/image/light_turn_3branch_right_dark@3x.png
baiduNaviSDK.bundle/image/light_turn_3branch_right_straight@3x.png
baiduNaviSDK.bundle/image/light_turn_3branch_right_straight_dark@3x.png
baiduNaviSDK.bundle/image/light_turn_along@3x.png
baiduNaviSDK.bundle/image/light_turn_along_dark@3x.png
baiduNaviSDK.bundle/image/light_turn_back@3x.png
baiduNaviSDK.bundle/image/light_turn_back_dark@3x.png
baiduNaviSDK.bundle/image/light_turn_branch_center@3x.png
baiduNaviSDK.bundle/image/light_turn_branch_center_dark@3x.png
baiduNaviSDK.bundle/image/light_turn_branch_left@3x.png
baiduNaviSDK.bundle/image/light_turn_branch_left_dark@3x.png
baiduNaviSDK.bundle/image/light_turn_branch_left_straight@3x.png
baiduNaviSDK.bundle/image/light_turn_branch_left_straight_dark@3x.png
baiduNaviSDK.bundle/image/light_turn_branch_right@3x.png
baiduNaviSDK.bundle/image/light_turn_branch_right_dark@3x.png
baiduNaviSDK.bundle/image/light_turn_branch_right_straight@3x.png
baiduNaviSDK.bundle/image/light_turn_branch_right_straight_dark@3x.png
baiduNaviSDK.bundle/image/light_turn_dest@3x.png
baiduNaviSDK.bundle/image/light_turn_dest_dark@3x.png
baiduNaviSDK.bundle/image/light_turn_end@3x.png
baiduNaviSDK.bundle/image/light_turn_end_dark@3x.png
baiduNaviSDK.bundle/image/light_turn_front@3x.png
baiduNaviSDK.bundle/image/light_turn_front_dark@3x.png
baiduNaviSDK.bundle/image/light_turn_inferry@3x.png
baiduNaviSDK.bundle/image/light_turn_inferry_dark@3x.png
baiduNaviSDK.bundle/image/light_turn_left@3x.png
baiduNaviSDK.bundle/image/light_turn_left_2branch_left@3x.png
baiduNaviSDK.bundle/image/light_turn_left_2branch_left_dark@3x.png
baiduNaviSDK.bundle/image/light_turn_left_2branch_right@3x.png
baiduNaviSDK.bundle/image/light_turn_left_2branch_right_dark@3x.png
baiduNaviSDK.bundle/image/light_turn_left_3branch_middle@3x.png
baiduNaviSDK.bundle/image/light_turn_left_3branch_middle_dark@3x.png
baiduNaviSDK.bundle/image/light_turn_left_back@3x.png
baiduNaviSDK.bundle/image/light_turn_left_back_dark@3x.png
baiduNaviSDK.bundle/image/light_turn_left_dark@3x.png
baiduNaviSDK.bundle/image/light_turn_left_front@3x.png
baiduNaviSDK.bundle/image/light_turn_left_front_dark@3x.png
baiduNaviSDK.bundle/image/light_turn_left_side@3x.png
baiduNaviSDK.bundle/image/light_turn_left_side_dark@3x.png
baiduNaviSDK.bundle/image/light_turn_left_side_ic@3x.png
baiduNaviSDK.bundle/image/light_turn_left_side_ic_dark@3x.png
baiduNaviSDK.bundle/image/light_turn_left_side_main@3x.png
baiduNaviSDK.bundle/image/light_turn_left_side_main_dark@3x.png
baiduNaviSDK.bundle/image/light_turn_lf_2branch_left@3x.png
baiduNaviSDK.bundle/image/light_turn_lf_2branch_left_dark@3x.png
baiduNaviSDK.bundle/image/light_turn_lf_2branch_right@3x.png
baiduNaviSDK.bundle/image/light_turn_lf_2branch_right_dark@3x.png
baiduNaviSDK.bundle/image/light_turn_rf_2branch_left@3x.png
baiduNaviSDK.bundle/image/light_turn_rf_2branch_left_dark@3x.png
baiduNaviSDK.bundle/image/light_turn_rf_2branch_right@3x.png
baiduNaviSDK.bundle/image/light_turn_rf_2branch_right_dark@3x.png
baiduNaviSDK.bundle/image/light_turn_right@3x.png
baiduNaviSDK.bundle/image/light_turn_right_2branch_left@3x.png
baiduNaviSDK.bundle/image/light_turn_right_2branch_left_dark@3x.png
baiduNaviSDK.bundle/image/light_turn_right_2branch_right@3x.png
baiduNaviSDK.bundle/image/light_turn_right_2branch_right_dark@3x.png
baiduNaviSDK.bundle/image/light_turn_right_3branch_middle@3x.png
baiduNaviSDK.bundle/image/light_turn_right_3branch_middle_dark@3x.png
baiduNaviSDK.bundle/image/light_turn_right_back@3x.png
baiduNaviSDK.bundle/image/light_turn_right_back_dark@3x.png
baiduNaviSDK.bundle/image/light_turn_right_dark@3x.png
baiduNaviSDK.bundle/image/light_turn_right_front@3x.png
baiduNaviSDK.bundle/image/light_turn_right_front_dark@3x.png
baiduNaviSDK.bundle/image/light_turn_right_side@3x.png
baiduNaviSDK.bundle/image/light_turn_right_side_dark@3x.png
baiduNaviSDK.bundle/image/light_turn_right_side_ic@3x.png
baiduNaviSDK.bundle/image/light_turn_right_side_ic_dark@3x.png
baiduNaviSDK.bundle/image/light_turn_right_side_main@3x.png
baiduNaviSDK.bundle/image/light_turn_right_side_main_dark@3x.png
baiduNaviSDK.bundle/image/light_turn_ring@3x.png
baiduNaviSDK.bundle/image/light_turn_ring_back@3x.png
baiduNaviSDK.bundle/image/light_turn_ring_back_dark@3x.png
baiduNaviSDK.bundle/image/light_turn_ring_dark@3x.png
baiduNaviSDK.bundle/image/light_turn_ring_front@3x.png
baiduNaviSDK.bundle/image/light_turn_ring_front_dark@3x.png
baiduNaviSDK.bundle/image/light_turn_ring_left@3x.png
baiduNaviSDK.bundle/image/light_turn_ring_left_back@3x.png
baiduNaviSDK.bundle/image/light_turn_ring_left_back_dark@3x.png
baiduNaviSDK.bundle/image/light_turn_ring_left_dark@3x.png
baiduNaviSDK.bundle/image/light_turn_ring_left_front@3x.png
baiduNaviSDK.bundle/image/light_turn_ring_left_front_dark@3x.png
baiduNaviSDK.bundle/image/light_turn_ring_leftback@3x.png
baiduNaviSDK.bundle/image/light_turn_ring_leftback_dark@3x.png
baiduNaviSDK.bundle/image/light_turn_ring_leftfront@3x.png
baiduNaviSDK.bundle/image/light_turn_ring_leftfront_dark@3x.png
baiduNaviSDK.bundle/image/light_turn_ring_right@3x.png
baiduNaviSDK.bundle/image/light_turn_ring_right_back@3x.png
baiduNaviSDK.bundle/image/light_turn_ring_right_back_dark@3x.png
baiduNaviSDK.bundle/image/light_turn_ring_right_dark@3x.png
baiduNaviSDK.bundle/image/light_turn_ring_right_front@3x.png
baiduNaviSDK.bundle/image/light_turn_ring_right_front_dark@3x.png
baiduNaviSDK.bundle/image/light_turn_ring_rightback@3x.png
baiduNaviSDK.bundle/image/light_turn_ring_rightback_dark@3x.png
baiduNaviSDK.bundle/image/light_turn_ring_rightfront@3x.png
baiduNaviSDK.bundle/image/light_turn_ring_rightfront_dark@3x.png
baiduNaviSDK.bundle/image/light_turn_tollgate@3x.png
baiduNaviSDK.bundle/image/light_turn_tollgate_dark@3x.png
baiduNaviSDK.bundle/image/light_turn_via_1@3x.png
baiduNaviSDK.bundle/image/light_turn_via_2@3x.png
baiduNaviSDK.bundle/image/light_turn_via_3@3x.png
baiduNaviSDK.bundle/image/light_turn_via_4@3x.png
baiduNaviSDK.bundle/image/longdetails_business_hours@3x.png
baiduNaviSDK.bundle/image/lowspeed@3x.png
baiduNaviSDK.bundle/image/main_road@3x.png
baiduNaviSDK.bundle/image/main_road@night@3x.png
baiduNaviSDK.bundle/image/main_road_tips@2x.png
baiduNaviSDK.bundle/image/map_icon_car_location@2x.png
baiduNaviSDK.bundle/image/map_icon_location@3x.png
baiduNaviSDK.bundle/image/map_icon_ugc_road_change@2x.png
baiduNaviSDK.bundle/image/map_location_selection@2x.png
baiduNaviSDK.bundle/image/more_arrow@3x.png
baiduNaviSDK.bundle/image/more_arrow@night@3x.png
baiduNaviSDK.bundle/image/motoHomeCard_car_manage.png
baiduNaviSDK.bundle/image/motoHomeCard_navi_setting.png
baiduNaviSDK.bundle/image/motoHomeCard_team_trip.png
baiduNaviSDK.bundle/image/motoHomeCard_voice.png
baiduNaviSDK.bundle/image/narrow_both@3x.png
baiduNaviSDK.bundle/image/narrow_left@3x.png
baiduNaviSDK.bundle/image/narrow_right@3x.png
baiduNaviSDK.bundle/image/narrowbridge@3x.png
baiduNaviSDK.bundle/image/navi-xiuxiqu.png
baiduNaviSDK.bundle/image/navi-xiuxiqu@night.png
baiduNaviSDK.bundle/image/naviMsg_shadow@3x.png
baiduNaviSDK.bundle/image/navi_arrive_exit@3x.png
baiduNaviSDK.bundle/image/navi_arrive_service@3x.png
baiduNaviSDK.bundle/image/navi_arrive_toll_station@3x.png
baiduNaviSDK.bundle/image/navi_arrive_via_point@3x.png
baiduNaviSDK.bundle/image/navi_arrive_via_point_bank@3x.png
baiduNaviSDK.bundle/image/navi_arrive_via_point_charge@3x.png
baiduNaviSDK.bundle/image/navi_arrive_via_point_food@3x.png
baiduNaviSDK.bundle/image/navi_arrive_via_point_gas@3x.png
baiduNaviSDK.bundle/image/navi_arrive_via_point_hotel@3x.png
baiduNaviSDK.bundle/image/navi_arrive_via_point_scenic@3x.png
baiduNaviSDK.bundle/image/navi_arrive_via_point_toilet@3x.png
baiduNaviSDK.bundle/image/navi_bluetooth@3x.png
baiduNaviSDK.bundle/image/navi_chongdianzhuang.png
baiduNaviSDK.bundle/image/navi_chongdianzhuang@night.png
baiduNaviSDK.bundle/image/navi_deststreet_endpoint@2x.png
baiduNaviSDK.bundle/image/navi_end_back@3x.png
baiduNaviSDK.bundle/image/navi_end_back_down@3x.png
baiduNaviSDK.bundle/image/navi_end_back_normal@3x.png
baiduNaviSDK.bundle/image/navi_end_banner_star_grey@3x.png
baiduNaviSDK.bundle/image/navi_end_banner_star_highlight@3x.png
baiduNaviSDK.bundle/image/navi_end_default_carlogo@2x.png
baiduNaviSDK.bundle/image/navi_end_footmark@2x.png
baiduNaviSDK.bundle/image/navi_end_longwait@3x.png
baiduNaviSDK.bundle/image/navi_end_navi_guarantee@2x.png
baiduNaviSDK.bundle/image/navi_end_nowait@3x.png
baiduNaviSDK.bundle/image/navi_end_point@3x.png
baiduNaviSDK.bundle/image/navi_end_right_arrow@3x.png
baiduNaviSDK.bundle/image/navi_end_rightcard_default@2x.png
baiduNaviSDK.bundle/image/navi_end_share_down@3x.png
baiduNaviSDK.bundle/image/navi_end_share_normal@2x.png
baiduNaviSDK.bundle/image/navi_end_shortwait@3x.png
baiduNaviSDK.bundle/image/navi_end_star_grey@3x.png
baiduNaviSDK.bundle/image/navi_end_star_highlight@3x.png
baiduNaviSDK.bundle/image/navi_end_top_img@3x.png
baiduNaviSDK.bundle/image/navi_end_voucher@2x.png
baiduNaviSDK.bundle/image/navi_end_wrong@2x.png
baiduNaviSDK.bundle/image/navi_energy_operate_icon@3x.png
baiduNaviSDK.bundle/image/navi_finish_rightselect@3x.png
baiduNaviSDK.bundle/image/navi_finish_ugc_charge1@3x.png
baiduNaviSDK.bundle/image/navi_finish_ugc_charge2@3x.png
baiduNaviSDK.bundle/image/navi_finish_ugc_charge_close@3x.png
baiduNaviSDK.bundle/image/navi_growth_normal_bg@3x.png
baiduNaviSDK.bundle/image/navi_high_point_add@3x.png
baiduNaviSDK.bundle/image/navi_icon_down_download@2x.png
baiduNaviSDK.bundle/image/navi_icon_off_download@3x.png
baiduNaviSDK.bundle/image/navi_icon_off_download@night@3x.png
baiduNaviSDK.bundle/image/navi_icon_off_pause@3x.png
baiduNaviSDK.bundle/image/navi_icon_off_pause@night@3x.png
baiduNaviSDK.bundle/image/navi_icon_off_refresh@3x.png
baiduNaviSDK.bundle/image/navi_icon_off_refresh@night@3x.png
baiduNaviSDK.bundle/image/navi_icon_up_download@2x.png
baiduNaviSDK.bundle/image/navi_indoor_yaw@3x.png
baiduNaviSDK.bundle/image/navi_jiayouzhan.png
baiduNaviSDK.bundle/image/navi_jiayouzhan@night.png
baiduNaviSDK.bundle/image/navi_jingqu.png
baiduNaviSDK.bundle/image/navi_jingqu@night.png
baiduNaviSDK.bundle/image/navi_new_energy_oneclickadd@3x.png
baiduNaviSDK.bundle/image/navi_new_energy_oneclickadd_dark@3x.png
baiduNaviSDK.bundle/image/navi_new_energy_right@3x.png
baiduNaviSDK.bundle/image/navi_new_energy_right_dark@3x.png
baiduNaviSDK.bundle/image/navi_new_energy_threeTap@3x.png
baiduNaviSDK.bundle/image/navi_new_energy_threeTap_dark@3x.png
baiduNaviSDK.bundle/image/navi_park_goto@3x.png
baiduNaviSDK.bundle/image/navi_reunion_lightnavi_icon@3x.png
baiduNaviSDK.bundle/image/navi_reunion_naviation_icon@3x.png
baiduNaviSDK.bundle/image/navi_reunion_operational_icon@3x.png
baiduNaviSDK.bundle/image/navi_reunion_operational_icon@night@3x.png
baiduNaviSDK.bundle/image/navi_scenic_pop_bg@3x.png
baiduNaviSDK.bundle/image/navi_sdk_logo@3x.png
baiduNaviSDK.bundle/image/navi_sdk_logo_en@3x.png
baiduNaviSDK.bundle/image/navi_truck_carsize_l@3x.png
baiduNaviSDK.bundle/image/navi_truck_carsize_m@3x.png
baiduNaviSDK.bundle/image/navi_truck_carsize_s@3x.png
baiduNaviSDK.bundle/image/navi_truck_carsize_xl@3x.png
baiduNaviSDK.bundle/image/navi_ugc_area@3x.png
baiduNaviSDK.bundle/image/navi_ugc_bg_answer@3x.png
baiduNaviSDK.bundle/image/navi_ugc_bg_question@3x.png
baiduNaviSDK.bundle/image/navi_ugc_btn_bg@3x.png
baiduNaviSDK.bundle/image/navi_ugc_close@3x.png
baiduNaviSDK.bundle/image/navi_ugc_close@night@3x.png
baiduNaviSDK.bundle/image/navi_ugc_close_dark@3x.png
baiduNaviSDK.bundle/image/navi_ugc_fenglu@3x.png
baiduNaviSDK.bundle/image/navi_ugc_gate_close@3x.png
baiduNaviSDK.bundle/image/navi_ugc_gate_internal@3x.png
baiduNaviSDK.bundle/image/navi_ugc_gate_wrongdirection@3x.png
baiduNaviSDK.bundle/image/navi_ugc_guanzhi@3x.png
baiduNaviSDK.bundle/image/navi_ugc_ic_close@3x.png
baiduNaviSDK.bundle/image/navi_ugc_new_no@3x.png
baiduNaviSDK.bundle/image/navi_ugc_new_qita@3x.png
baiduNaviSDK.bundle/image/navi_ugc_new_shangbao@3x.png
baiduNaviSDK.bundle/image/navi_ugc_new_shangbao_dark@3x.png
baiduNaviSDK.bundle/image/navi_ugc_new_yes@3x.png
baiduNaviSDK.bundle/image/navi_ugc_shigong@3x.png
baiduNaviSDK.bundle/image/navi_upload_kefu@3x.png
baiduNaviSDK.bundle/image/navi_via_poi_delete@2x.png
baiduNaviSDK.bundle/image/navi_via_poi_detail@3x.png
baiduNaviSDK.bundle/image/navi_via_search_1@3x.png
baiduNaviSDK.bundle/image/navi_via_search_2@3x.png
baiduNaviSDK.bundle/image/navi_via_search_3@3x.png
baiduNaviSDK.bundle/image/navi_via_search_4@3x.png
baiduNaviSDK.bundle/image/navi_via_search_5@3x.png
baiduNaviSDK.bundle/image/navi_via_search_6@3x.png
baiduNaviSDK.bundle/image/navisetting_search_1@3x.png
baiduNaviSDK.bundle/image/navisetting_search_1@night@3x.png
baiduNaviSDK.bundle/image/navisetting_search_2@3x.png
baiduNaviSDK.bundle/image/navisetting_search_2@night@3x.png
baiduNaviSDK.bundle/image/navisetting_search_3@3x.png
baiduNaviSDK.bundle/image/navisetting_search_3@night@3x.png
baiduNaviSDK.bundle/image/navisetting_search_4@3x.png
baiduNaviSDK.bundle/image/navisetting_search_4@night@3x.png
baiduNaviSDK.bundle/image/navisetting_search_5@3x.png
baiduNaviSDK.bundle/image/navisetting_search_5@night@3x.png
baiduNaviSDK.bundle/image/navisetting_search_6@3x.png
baiduNaviSDK.bundle/image/navisetting_search_6@night@3x.png
baiduNaviSDK.bundle/image/navisetting_search_attraction@3x.png
baiduNaviSDK.bundle/image/navisetting_search_attraction@night@3x.png
baiduNaviSDK.bundle/image/navisetting_search_bank@3x.png
baiduNaviSDK.bundle/image/navisetting_search_bank@night@3x.png
baiduNaviSDK.bundle/image/navisetting_search_catering@3x.png
baiduNaviSDK.bundle/image/navisetting_search_catering@night@3x.png
baiduNaviSDK.bundle/image/navisetting_search_gasstation@3x.png
baiduNaviSDK.bundle/image/navisetting_search_gasstation@night@3x.png
baiduNaviSDK.bundle/image/navisetting_search_hotel@3x.png
baiduNaviSDK.bundle/image/navisetting_search_hotel@night@3x.png
baiduNaviSDK.bundle/image/navisetting_search_parking@3x.png
baiduNaviSDK.bundle/image/navisetting_search_parking@night@3x.png
baiduNaviSDK.bundle/image/navisetting_search_servicearea@3x.png
baiduNaviSDK.bundle/image/navisetting_search_servicearea@night@3x.png
baiduNaviSDK.bundle/image/navisetting_search_toilet@3x.png
baiduNaviSDK.bundle/image/navisetting_search_toilet@night@3x.png
baiduNaviSDK.bundle/image/notification@3x.png
baiduNaviSDK.bundle/image/nsdk_arrive_time_label_background.png
baiduNaviSDK.bundle/image/nsdk_arrive_time_label_background@night.png
baiduNaviSDK.bundle/image/nsdk_bt_ic_vdr_intervene_notice.png
baiduNaviSDK.bundle/image/nsdk_bt_vdr_noticeIcon1@3x.png
baiduNaviSDK.bundle/image/nsdk_bt_vdr_noticeIcon2@3x.png
baiduNaviSDK.bundle/image/nsdk_bt_vdr_noticeIcon3@3x.png
baiduNaviSDK.bundle/image/nsdk_common_ic@3x.png
baiduNaviSDK.bundle/image/nsdk_ipo_ic_carmark@3x.png
baiduNaviSDK.bundle/image/nsdk_ipo_ic_end@3x.png
baiduNaviSDK.bundle/image/nsdk_ipo_ic_star@3x.png
baiduNaviSDK.bundle/image/nsdk_ipo_ic_tab_sp@3x.png
baiduNaviSDK.bundle/image/nsdk_rg_ic_ crown_default@3x.png
baiduNaviSDK.bundle/image/nsdk_rg_ic_alongsearch@3x.png
baiduNaviSDK.bundle/image/nsdk_rg_ic_alongsearch@night@3x.png
baiduNaviSDK.bundle/image/nsdk_rg_ic_battery_100@3x.png
baiduNaviSDK.bundle/image/nsdk_rg_ic_battery_35@3x.png
baiduNaviSDK.bundle/image/nsdk_rg_ic_battery_65@3x.png
baiduNaviSDK.bundle/image/nsdk_rg_ic_battery_95@3x.png
baiduNaviSDK.bundle/image/nsdk_rg_ic_bluetooth@3x.png
baiduNaviSDK.bundle/image/nsdk_rg_ic_boardcast_off@3x.png
baiduNaviSDK.bundle/image/nsdk_rg_ic_boardcast_off_ding@2x.png
baiduNaviSDK.bundle/image/nsdk_rg_ic_boardcast_zero@3x.png
baiduNaviSDK.bundle/image/nsdk_rg_ic_broadcast_detail@3x.png
baiduNaviSDK.bundle/image/nsdk_rg_ic_broadcast_detail@night@3x.png
baiduNaviSDK.bundle/image/nsdk_rg_ic_broadcast_detail_select@3x.png
baiduNaviSDK.bundle/image/nsdk_rg_ic_broadcast_detail_select@night@3x.png
baiduNaviSDK.bundle/image/nsdk_rg_ic_broadcast_mute@3x.png
baiduNaviSDK.bundle/image/nsdk_rg_ic_broadcast_mute@night@3x.png
baiduNaviSDK.bundle/image/nsdk_rg_ic_broadcast_mute_select@3x.png
baiduNaviSDK.bundle/image/nsdk_rg_ic_broadcast_mute_select@night@3x.png
baiduNaviSDK.bundle/image/nsdk_rg_ic_broadcast_mute_select_list@3x.png
baiduNaviSDK.bundle/image/nsdk_rg_ic_broadcast_mute_select_list@night@3x.png
baiduNaviSDK.bundle/image/nsdk_rg_ic_broadcast_simple@3x.png
baiduNaviSDK.bundle/image/nsdk_rg_ic_broadcast_simple@night@3x.png
baiduNaviSDK.bundle/image/nsdk_rg_ic_broadcast_simple_select@3x.png
baiduNaviSDK.bundle/image/nsdk_rg_ic_broadcast_simple_select@night@3x.png
baiduNaviSDK.bundle/image/nsdk_rg_ic_carlocal.png
baiduNaviSDK.bundle/image/nsdk_rg_ic_carlocal@3x车\346\240\#207.png
baiduNaviSDK.bundle/image/nsdk_rg_ic_chat_off@3x.png
baiduNaviSDK.bundle/image/nsdk_rg_ic_chat_off@night@3x.png
baiduNaviSDK.bundle/image/nsdk_rg_ic_clear@3x.png
baiduNaviSDK.bundle/image/nsdk_rg_ic_clear@night@3x.png
baiduNaviSDK.bundle/image/nsdk_rg_ic_follow@3x.png
baiduNaviSDK.bundle/image/nsdk_rg_ic_ipo@3x.png
baiduNaviSDK.bundle/image/nsdk_rg_ic_ipo@night@3x.png
baiduNaviSDK.bundle/image/nsdk_rg_ic_lights_off@3x.png
baiduNaviSDK.bundle/image/nsdk_rg_ic_lights_on@3x.png
baiduNaviSDK.bundle/image/nsdk_rg_ic_loading_close@3x.png
baiduNaviSDK.bundle/image/nsdk_rg_ic_loading_logo@3x.png
baiduNaviSDK.bundle/image/nsdk_rg_ic_loading_progress@3x.png
baiduNaviSDK.bundle/image/nsdk_rg_ic_mph@3x.png
baiduNaviSDK.bundle/image/nsdk_rg_ic_mph_ar@3x.png
baiduNaviSDK.bundle/image/nsdk_rg_ic_mph_ar_overspeed@3x.png
baiduNaviSDK.bundle/image/nsdk_rg_ic_mph_dark@3x.png
baiduNaviSDK.bundle/image/nsdk_rg_ic_mph_lanesmode_full@3x.png
baiduNaviSDK.bundle/image/nsdk_rg_ic_mph_overspeed@3x.png
baiduNaviSDK.bundle/image/nsdk_rg_ic_mph_overspeed_dark@3x.png
baiduNaviSDK.bundle/image/nsdk_rg_ic_mph_overspeed_lanesmode_full@3x.png
baiduNaviSDK.bundle/image/nsdk_rg_ic_north@3x.png
baiduNaviSDK.bundle/image/nsdk_rg_ic_offToOnline@3x.png
baiduNaviSDK.bundle/image/nsdk_rg_ic_offToOnline@night@3x.png
baiduNaviSDK.bundle/image/nsdk_rg_ic_quit@3x.png
baiduNaviSDK.bundle/image/nsdk_rg_ic_quit@night@3x.png
baiduNaviSDK.bundle/image/nsdk_rg_ic_recount@3x.png
baiduNaviSDK.bundle/image/nsdk_rg_ic_recount@night@3x.png
baiduNaviSDK.bundle/image/nsdk_rg_ic_return@3x.png
baiduNaviSDK.bundle/image/nsdk_rg_ic_setting@3x.png
baiduNaviSDK.bundle/image/nsdk_rg_ic_setting@night@3x.png
baiduNaviSDK.bundle/image/nsdk_rg_ic_signal@3x.png
baiduNaviSDK.bundle/image/nsdk_rg_ic_signal_low@3x.png
baiduNaviSDK.bundle/image/nsdk_rg_ic_traffic_off@3x.png
baiduNaviSDK.bundle/image/nsdk_rg_ic_traffic_off@night@3x.png
baiduNaviSDK.bundle/image/nsdk_rg_ic_traffic_on@3x.png
baiduNaviSDK.bundle/image/nsdk_rg_ic_traffic_on@night@3x.png
baiduNaviSDK.bundle/image/nsdk_rg_ic_ugc_expand@3x.png
baiduNaviSDK.bundle/image/nsdk_rg_ic_ugc_report@3x.png
baiduNaviSDK.bundle/image/nsdk_rg_ic_ugc_report@night@3x.png
baiduNaviSDK.bundle/image/nsdk_rg_ic_ugc_report_nav@3x.png
baiduNaviSDK.bundle/image/nsdk_rg_ic_ugc_retract@3x.png
baiduNaviSDK.bundle/image/nsdk_rg_ic_usb@3x.png
baiduNaviSDK.bundle/image/nsdk_rg_ic_vdr@3x.png
baiduNaviSDK.bundle/image/nsdk_rg_ic_voice_off@3x.png
baiduNaviSDK.bundle/image/nsdk_rg_ic_zoomin@3x.png
baiduNaviSDK.bundle/image/nsdk_rg_ic_zoomin@night@3x.png
baiduNaviSDK.bundle/image/nsdk_rg_ic_zoomout@3x.png
baiduNaviSDK.bundle/image/nsdk_rg_ic_zoomout@night@3x.png
baiduNaviSDK.bundle/image/nsdk_rg_other_gift_popup_big@3x.png
baiduNaviSDK.bundle/image/nsdk_rg_other_gift_popup_big@night@3x.png
baiduNaviSDK.bundle/image/nsdk_rg_other_gift_popup_small@3x.png
baiduNaviSDK.bundle/image/nsdk_rg_other_gift_popup_small@night@3x.png
baiduNaviSDK.bundle/image/overtakeforbidden_h@2x.png
baiduNaviSDK.bundle/image/parkinfo_1_card@3x.png
baiduNaviSDK.bundle/image/parkinfo_1_card_sel@3x.png
baiduNaviSDK.bundle/image/parkinfo_1_select@3x.png
baiduNaviSDK.bundle/image/parkinfo_1_unselect@3x.png
baiduNaviSDK.bundle/image/parkinfo_2_card@3x.png
baiduNaviSDK.bundle/image/parkinfo_2_card_sel@3x.png
baiduNaviSDK.bundle/image/parkinfo_2_select@3x.png
baiduNaviSDK.bundle/image/parkinfo_2_unselect@3x.png
baiduNaviSDK.bundle/image/parkinfo_3_card@3x.png
baiduNaviSDK.bundle/image/parkinfo_3_card_sel@3x.png
baiduNaviSDK.bundle/image/parkinfo_3_select@3x.png
baiduNaviSDK.bundle/image/parkinfo_3_unselect@3x.png
baiduNaviSDK.bundle/image/poi_detail_move_down@2x.png
baiduNaviSDK.bundle/image/poi_detail_move_down@night@2x.png
baiduNaviSDK.bundle/image/poi_detail_move_up@2x.png
baiduNaviSDK.bundle/image/poi_detail_move_up@night@2x.png
baiduNaviSDK.bundle/image/preference_arrow@3x.png
baiduNaviSDK.bundle/image/preference_button@3x.png
baiduNaviSDK.bundle/image/preference_button_selected@3x.png
baiduNaviSDK.bundle/image/preference_point@3x.png
baiduNaviSDK.bundle/image/pull_down_arrow@3x.png
baiduNaviSDK.bundle/image/pull_down_arrow@night@3x.png
baiduNaviSDK.bundle/image/railway_managed@3x.png
baiduNaviSDK.bundle/image/railway_unmanaged@3x.png
baiduNaviSDK.bundle/image/rockfall_left@3x.png
baiduNaviSDK.bundle/image/rockfall_right@3x.png
baiduNaviSDK.bundle/image/route_tips_close@3x.png
baiduNaviSDK.bundle/image/route_tips_close@night@3x.png
baiduNaviSDK.bundle/image/scenic_intro_icon@3x.png
baiduNaviSDK.bundle/image/search_btn_bg_d@2x.png
baiduNaviSDK.bundle/image/setup_deselect@3x.png
baiduNaviSDK.bundle/image/setup_selected@3x.png
baiduNaviSDK.bundle/image/slip@3x.png
baiduNaviSDK.bundle/image/speedcamera@3x.png
baiduNaviSDK.bundle/image/speedcamera_h@2x.png
baiduNaviSDK.bundle/image/trafficlightcamera_h@2x.png
baiduNaviSDK.bundle/image/tunnel@3x.png
baiduNaviSDK.bundle/image/turn_along@3x.png
baiduNaviSDK.bundle/image/turn_back@3x.png
baiduNaviSDK.bundle/image/turn_back_2branch_left@3x.png
baiduNaviSDK.bundle/image/turn_back_2branch_right@3x.png
baiduNaviSDK.bundle/image/turn_back_3branch_left@3x.png
baiduNaviSDK.bundle/image/turn_back_3branch_middle@3x.png
baiduNaviSDK.bundle/image/turn_back_3branch_right@3x.png
baiduNaviSDK.bundle/image/turn_back_right@3x.png
baiduNaviSDK.bundle/image/turn_branch_center@3x.png
baiduNaviSDK.bundle/image/turn_branch_left@3x.png
baiduNaviSDK.bundle/image/turn_branch_left_straight@3x.png
baiduNaviSDK.bundle/image/turn_branch_right@3x.png
baiduNaviSDK.bundle/image/turn_branch_right_straight@3x.png
baiduNaviSDK.bundle/image/turn_dest@3x.png
baiduNaviSDK.bundle/image/turn_front@3x.png
baiduNaviSDK.bundle/image/turn_front_2branch_left@3x.png
baiduNaviSDK.bundle/image/turn_front_2branch_right@3x.png
baiduNaviSDK.bundle/image/turn_front_3branch_left@3x.png
baiduNaviSDK.bundle/image/turn_front_3branch_middle@3x.png
baiduNaviSDK.bundle/image/turn_front_3branch_right@3x.png
baiduNaviSDK.bundle/image/turn_inferry@3x.png
baiduNaviSDK.bundle/image/turn_lb_2branch_left@3x.png
baiduNaviSDK.bundle/image/turn_lb_2branch_right@3x.png
baiduNaviSDK.bundle/image/turn_lb_3branch_left@3x.png
baiduNaviSDK.bundle/image/turn_lb_3branch_middle@3x.png
baiduNaviSDK.bundle/image/turn_lb_3branch_right@3x.png
baiduNaviSDK.bundle/image/turn_lb_not_back@3x.png
baiduNaviSDK.bundle/image/turn_left@3x.png
baiduNaviSDK.bundle/image/turn_left_2branch_left@3x.png
baiduNaviSDK.bundle/image/turn_left_2branch_right@3x.png
baiduNaviSDK.bundle/image/turn_left_3branch_left@3x.png
baiduNaviSDK.bundle/image/turn_left_3branch_middle@3x.png
baiduNaviSDK.bundle/image/turn_left_3branch_right@3x.png
baiduNaviSDK.bundle/image/turn_left_back@3x.png
baiduNaviSDK.bundle/image/turn_left_front@3x.png
baiduNaviSDK.bundle/image/turn_left_side@3x.png
baiduNaviSDK.bundle/image/turn_left_side_ic@3x.png
baiduNaviSDK.bundle/image/turn_left_side_main@3x.png
baiduNaviSDK.bundle/image/turn_left_straight@3x.png
baiduNaviSDK.bundle/image/turn_lf_2branch_left@3x.png
baiduNaviSDK.bundle/image/turn_lf_2branch_right@3x.png
baiduNaviSDK.bundle/image/turn_lf_3branch_left@3x.png
baiduNaviSDK.bundle/image/turn_lf_3branch_middle@3x.png
baiduNaviSDK.bundle/image/turn_lf_3branch_right@3x.png
baiduNaviSDK.bundle/image/turn_lf_not_left@3x.png
baiduNaviSDK.bundle/image/turn_near_right_front@3x.png
baiduNaviSDK.bundle/image/turn_outferry@3x.png
baiduNaviSDK.bundle/image/turn_rb_2branch_left@3x.png
baiduNaviSDK.bundle/image/turn_rb_2branch_right@3x.png
baiduNaviSDK.bundle/image/turn_rb_3branch_left@3x.png
baiduNaviSDK.bundle/image/turn_rb_3branch_middle@3x.png
baiduNaviSDK.bundle/image/turn_rb_3branch_right@3x.png
baiduNaviSDK.bundle/image/turn_rb_not_back@3x.png
baiduNaviSDK.bundle/image/turn_rf_2branch_left@3x.png
baiduNaviSDK.bundle/image/turn_rf_2branch_right@3x.png
baiduNaviSDK.bundle/image/turn_rf_3branch_left@3x.png
baiduNaviSDK.bundle/image/turn_rf_3branch_middle@3x.png
baiduNaviSDK.bundle/image/turn_rf_3branch_right@3x.png
baiduNaviSDK.bundle/image/turn_rf_not_right@3x.png
baiduNaviSDK.bundle/image/turn_right@3x.png
baiduNaviSDK.bundle/image/turn_right_2branch_left@3x.png
baiduNaviSDK.bundle/image/turn_right_2branch_right@3x.png
baiduNaviSDK.bundle/image/turn_right_3branch_left@3x.png
baiduNaviSDK.bundle/image/turn_right_3branch_middle@3x.png
baiduNaviSDK.bundle/image/turn_right_3branch_right@3x.png
baiduNaviSDK.bundle/image/turn_right_back@3x.png
baiduNaviSDK.bundle/image/turn_right_front@3x.png
baiduNaviSDK.bundle/image/turn_right_side@3x.png
baiduNaviSDK.bundle/image/turn_right_side_ic@3x.png
baiduNaviSDK.bundle/image/turn_right_side_main@3x.png
baiduNaviSDK.bundle/image/turn_right_straight.@3x.png
baiduNaviSDK.bundle/image/turn_right_straight@3x.png
baiduNaviSDK.bundle/image/turn_ring@3x.png
baiduNaviSDK.bundle/image/turn_ring_back@3x.png
baiduNaviSDK.bundle/image/turn_ring_front@3x.png
baiduNaviSDK.bundle/image/turn_ring_left@3x.png
baiduNaviSDK.bundle/image/turn_ring_leftback@3x.png
baiduNaviSDK.bundle/image/turn_ring_leftfront@3x.png
baiduNaviSDK.bundle/image/turn_ring_out@3x.png
baiduNaviSDK.bundle/image/turn_ring_right@3x.png
baiduNaviSDK.bundle/image/turn_ring_rightback@3x.png
baiduNaviSDK.bundle/image/turn_ring_rightfront@3x.png
baiduNaviSDK.bundle/image/turn_tollgate@3x.png
baiduNaviSDK.bundle/image/turn_via_1@2x.png
baiduNaviSDK.bundle/image/turn_via_1_en@2x.png
baiduNaviSDK.bundle/image/turn_via_2@2x.png
baiduNaviSDK.bundle/image/turn_via_2_en@2x.png
baiduNaviSDK.bundle/image/turn_via_3@2x.png
baiduNaviSDK.bundle/image/turn_via_3_en@2x.png
baiduNaviSDK.bundle/image/turn_via_4@2x.png
baiduNaviSDK.bundle/image/turn_via_4_en@2x.png
baiduNaviSDK.bundle/image/ugc_bg_grey@3x.png
baiduNaviSDK.bundle/image/ugc_event_button_select@3x.png
baiduNaviSDK.bundle/image/ugc_event_button_select_dark@3x.png
baiduNaviSDK.bundle/image/ugc_event_detail_default@3x.png
baiduNaviSDK.bundle/image/ugc_event_detail_default_landscape@3x.png
baiduNaviSDK.bundle/image/ugc_event_detail_default_small@3x.png
baiduNaviSDK.bundle/image/ugc_event_prompt_icon@3x.png
baiduNaviSDK.bundle/image/ugc_event_prompt_icon_dark@3x.png
baiduNaviSDK.bundle/image/ugc_icon_pin@3x.png
baiduNaviSDK.bundle/image/ugc_scene_upload@3x.png
baiduNaviSDK.bundle/image/underwater@3x.png
baiduNaviSDK.bundle/image/uneven@3x.png
baiduNaviSDK.bundle/image/voice_icon@3x.png
baiduNaviSDK.bundle/image/voice_packet_car@3x.png
baiduNaviSDK.bundle/image/voice_packet_pause_btn@3x.png
baiduNaviSDK.bundle/image/voice_packet_play_btn@3x.png
baiduNaviSDK.bundle/image/voice_silence_icon@3x.png
baiduNaviSDK.bundle/image/voice_tip@3x.png
baiduNaviSDK.bundle/image/voiceprocess@3x.png
baiduNaviSDK.bundle/image/voiceprocess_all@3x.png
baiduNaviSDK.bundle/image/voiceprocess_bg@3x.png
baiduNaviSDK.bundle/image/walkNavi@2x.png
baiduNaviSDK.bundle/image/wave_left@3x.png
baiduNaviSDK.bundle/image/wave_right@3x.png
baiduNaviSDK.bundle/image/weizhi@3x.png
baiduNaviSDK.bundle/image/yawpoint@3x.png
baiduNaviSDK.bundle/image/yellow_banner_default_icon@3x.png
baiduNaviSDK.bundle/image/yellowtip_badge_icon@3x.png
baiduNaviSDK.bundle/image/yellowtip_bg_blue@3x.png
baiduNaviSDK.bundle/image/yellowtip_bg_green@3x.png
baiduNaviSDK.bundle/image/yellowtip_bg_red@3x.png
baiduNaviSDK.bundle/image/yellowtip_bg_yellow@3x.png
baiduNaviSDK.bundle/image/yellowtip_glass_blue@3x.png
baiduNaviSDK.bundle/image/yellowtip_glass_blue_dark@3x.png
baiduNaviSDK.bundle/image/yellowtip_glass_green@3x.png
baiduNaviSDK.bundle/image/yellowtip_glass_green_dark@3x.png
baiduNaviSDK.bundle/image/yellowtip_glass_red@3x.png
baiduNaviSDK.bundle/image/yellowtip_glass_red_dark@3x.png
baiduNaviSDK.bundle/image/yellowtip_glass_yellow@3x.png
baiduNaviSDK.bundle/image/yellowtip_glass_yellow_dark@3x.png
baiduNaviSDK.bundle/image/yellowtip_guanbi@3x.png
baiduNaviSDK.bundle/image/yellowtip_guanbi_baise@3x.png
baiduNaviSDK.bundle/image/yellowtip_guanbi_dark@3x.png
baiduNaviSDK.bundle/image/yellowtip_notice_default@3x.png
baiduNaviSDK.bundle/image/zippass@3x.png
baiduNaviSDK.bundle/image/\351\273\#230认\346\240\#207签2x.png
baiduNaviSDK.bundle/lottie/
baiduNaviSDK.bundle/lottie/ace/
baiduNaviSDK.bundle/lottie/ace/guide/
baiduNaviSDK.bundle/lottie/ace/guide/smart_zone/
baiduNaviSDK.bundle/lottie/ace/guide/smart_zone/data.json
baiduNaviSDK.bundle/lottie/ace/guide/trunk_green_wave/
baiduNaviSDK.bundle/lottie/ace/guide/trunk_green_wave/data.json
baiduNaviSDK.bundle/lottie/ace/overspeed/
baiduNaviSDK.bundle/lottie/ace/overspeed/green_wave_speed.json
baiduNaviSDK.bundle/lottie/ace/overspeed/green_wave_speed_dark.json
baiduNaviSDK.bundle/lottie/ace/overspeed/overspeed.json
baiduNaviSDK.bundle/lottie/ace/overspeed/overspeed_night.json
baiduTTSSDK.bundle/
baiduTTSSDK.bundle/cfg/
baiduTTSSDK.bundle/cfg/bd_etts_navi_speech_f7_mand_eng_high_am-emphasis-16k-raw_v3.5.0_20190430.dat
baiduTTSSDK.bundle/cfg/bd_etts_navi_text_txt_all_mand_middle_big_v3.4.2_20190221.dat
mapapi.bundle/
mapapi.bundle/default.metallib
mapapi.bundle/files/
mapapi.bundle/files/cfg/
mapapi.bundle/files/cfg/a/
mapapi.bundle/files/cfg/a/mode_1/
mapapi.bundle/files/cfg/a/mode_1/car.rs
mapapi.bundle/files/cfg/a/mode_1/car.sty
mapapi.bundle/files/cfg/a/mode_1/cartraffic.sty
mapapi.bundle/files/cfg/a/mode_1/englishmap.sty
mapapi.bundle/files/cfg/a/mode_1/indoor.rs
mapapi.bundle/files/cfg/a/mode_1/indoor.sty
mapapi.bundle/files/cfg/a/mode_1/map.rs
mapapi.bundle/files/cfg/a/mode_1/map.sty
mapapi.bundle/files/cfg/a/mode_1/reduct.rs
mapapi.bundle/files/cfg/a/mode_1/reduct.sty
mapapi.bundle/files/cfg/a/mode_1/traffic.rs
mapapi.bundle/files/cfg/a/mode_1/traffic.sty
mapapi.bundle/files/cfg/a/mode_2/
mapapi.bundle/files/cfg/a/mode_2/map.rs
mapapi.bundle/files/cfg/a/mode_2/map.sty
mapapi.bundle/files/cfg/h/
mapapi.bundle/files/cfg/h/DVDirectory.cfg
mapapi.bundle/files/cfg/h/DVHotMap.cfg
mapapi.bundle/files/cfg/h/DVHotcity.cfg
mapapi.bundle/files/cfg/h/DVSDirectory.cfg
mapapi.bundle/files/cfg/h/DVStreet.cfg
mapapi.bundle/files/cfg/h/DVVersion_pkg.cfg
mapapi.bundle/images/
mapapi.bundle/images/Icon_navi_compass@2x.png
mapapi.bundle/images/Icon_navi_compass@3x.png
mapapi.bundle/images/baidumap_logo.png
mapapi.bundle/images/baidumap_logo@2x.png
mapapi.bundle/images/car_triangle@2x.png
mapapi.bundle/images/car_triangle@3x.png
mapapi.bundle/images/direction_wheel@2x.png
mapapi.bundle/images/direction_wheel@3x.png
mapapi.bundle/images/icon_center_point_new@2x.png
mapapi.bundle/images/icon_center_point_new@3x.png
mapapi.bundle/images/icon_compass.png
mapapi.bundle/images/icon_compass@2x.png
mapapi.bundle/images/icon_compass_background.png
mapapi.bundle/images/icon_compass_background@2x.png
mapapi.bundle/images/icon_end@2x.png
mapapi.bundle/images/icon_end@3x.png
mapapi.bundle/images/icon_line_nofocus.png
mapapi.bundle/images/icon_paopao_middle_left.png
mapapi.bundle/images/icon_paopao_middle_left@2x.png
mapapi.bundle/images/icon_paopao_middle_left_highlighted.png
mapapi.bundle/images/icon_paopao_middle_left_highlighted@2x.png
mapapi.bundle/images/icon_paopao_middle_right.png
mapapi.bundle/images/icon_paopao_middle_right@2x.png
mapapi.bundle/images/icon_paopao_middle_right_highlighted.png
mapapi.bundle/images/icon_paopao_middle_right_highlighted@2x.png
mapapi.bundle/images/icon_start@2x.png
mapapi.bundle/images/icon_start@3x.png
mapapi.bundle/images/icon_traceColors.png
mapapi.bundle/images/icon_via@2x.png
mapapi.bundle/images/icon_via@3x.png
mapapi.bundle/images/icon_via_gray@2x.png
mapapi.bundle/images/icon_via_gray@3x.png
mapapi.bundle/images/lineDash_Dot.png
mapapi.bundle/images/lineDash_Rectangle.png
mapapi.bundle/images/lineDash_Square.png
mapapi.bundle/images/line_texture.png
mapapi.bundle/images/loc_cur_indot@2x.png
mapapi.bundle/images/loc_cur_indot@3x.png
mapapi.bundle/images/loc_cur_light@2x.png
mapapi.bundle/images/loc_cur_light@3x.png
mapapi.bundle/images/loc_cur_outdot@2x.png
mapapi.bundle/images/loc_cur_outdot@3x.png
mapapi.bundle/images/pin_green.png
mapapi.bundle/images/pin_green@2x.png
mapapi.bundle/images/pin_purple.png
mapapi.bundle/images/pin_purple@2x.png
mapapi.bundle/images/pin_red.png
mapapi.bundle/images/pin_red@2x.png
mode.bundle/
mode.bundle/mode_14/
mode.bundle/mode_14/day.sty
mode.bundle/mode_14/map.rs
mode.bundle/mode_14/mapviewallday.sty
mode.bundle/mode_14/mapviewallnight.sty
mode.bundle/mode_14/navdaymapits.sty
mode.bundle/mode_14/navdayviewallits.sty
mode.bundle/mode_14/navipoday.sty
mode.bundle/mode_14/navipolockday.sty
mode.bundle/mode_14/navnightmapits.sty
mode.bundle/mode_14/navnightviewallits.sty
mode.bundle/mode_14/night.sty
mode.bundle/mode_14/smallscreennav.sty
mode.bundle/mode_14/smallscreenoverview.sty
navigation.bundle/
navigation.bundle/CycleNavi/
navigation.bundle/CycleNavi/BeforeNavi/
navigation.bundle/CycleNavi/BeforeNavi/cycle_navi_btn_icon_normal@2x.png
navigation.bundle/CycleNavi/BeforeNavi/cycle_navi_btn_icon_normal@3x.png
navigation.bundle/CycleNavi/BeforeNavi/cycle_navi_btn_icon_selected@2x.png
navigation.bundle/CycleNavi/BeforeNavi/cycle_navi_btn_icon_selected@3x.png
navigation.bundle/CycleNavi/BeforeNavi/cycle_navi_btn_normal@2x.png
navigation.bundle/CycleNavi/BeforeNavi/cycle_navi_btn_normal@3x.png
navigation.bundle/CycleNavi/BeforeNavi/cycle_navi_btn_selected@2x.png
navigation.bundle/CycleNavi/BeforeNavi/cycle_navi_btn_selected@3x.png
navigation.bundle/CycleNavi/NaviNormal/
navigation.bundle/CycleNavi/NaviNormal/bcnavi_btn_close_navi@2x.png
navigation.bundle/CycleNavi/NaviNormal/bcnavi_btn_close_navi@3x.png
navigation.bundle/CycleNavi/NaviNormal/bcnavi_btn_voice@2x.png
navigation.bundle/CycleNavi/NaviNormal/bcnavi_btn_voice@3x.png
navigation.bundle/CycleNavi/NaviNormal/bcnavi_btn_voice_silence@2x.png
navigation.bundle/CycleNavi/NaviNormal/bcnavi_btn_voice_silence@3x.png
navigation.bundle/CycleNavi/NaviNormal/bnavi_bk_gps_weak.imageset.png
navigation.bundle/CycleNavi/NaviNormal/bnavi_bk_guide_info@2x.png
navigation.bundle/CycleNavi/NaviNormal/bnavi_btn_continue@2x.png
navigation.bundle/CycleNavi/NaviNormal/bnavi_btn_continue@3x.png
navigation.bundle/CycleNavi/NaviNormal/bnavi_btn_continue_bk@2x.png
navigation.bundle/CycleNavi/NaviNormal/bnavi_btn_continue_bk@3x.png
navigation.bundle/CycleNavi/NaviNormal/bnavi_btn_continue_bk_highlight@2x.png
navigation.bundle/CycleNavi/NaviNormal/bnavi_btn_continue_bk_highlight@3x.png
navigation.bundle/CycleNavi/NaviNormal/bnavi_btn_speed_normal@2x.png
navigation.bundle/CycleNavi/NaviNormal/bnavi_current_speed@2x.png
navigation.bundle/CycleNavi/NaviNormal/bnavi_current_speed@3x.png
navigation.bundle/CycleNavi/NaviNormal/bnavi_riding_altitude@2x.png
navigation.bundle/CycleNavi/NaviNormal/bnavi_riding_altitude@3x.png
navigation.bundle/CycleNavi/NaviNormal/bnavi_riding_climb@2x.png
navigation.bundle/CycleNavi/NaviNormal/bnavi_riding_climb@3x.png
navigation.bundle/CycleNavi/NaviNormal/bnavi_used_calory@2x.png
navigation.bundle/CycleNavi/NaviNormal/bnavi_used_calory@3x.png
navigation.bundle/CycleNavi/NaviNormal/button_main_zoomin@2x.png
navigation.bundle/CycleNavi/NaviNormal/button_main_zoomin@3x.png
navigation.bundle/CycleNavi/NaviNormal/button_main_zoomout@2x.png
navigation.bundle/CycleNavi/NaviNormal/button_main_zoomout@3x.png
navigation.bundle/CycleNavi/NaviNormal/bwcnavi_btn_background@2x.png
navigation.bundle/CycleNavi/NaviNormal/bwcnavi_btn_background@3x.png
navigation.bundle/CycleNavi/NaviNormal/bwnavi_icon_ar_mode_exchange_black@2x.png
navigation.bundle/CycleNavi/NaviNormal/bwnavi_icon_ar_mode_exchange_black@3x.png
navigation.bundle/CycleNavi/NaviNormal/cn_dest@2x.png
navigation.bundle/CycleNavi/NaviNormal/cn_faraway_route@2x.png
navigation.bundle/CycleNavi/NaviNormal/cn_ferry@2x.png
navigation.bundle/CycleNavi/NaviNormal/cn_front@2x.png
navigation.bundle/CycleNavi/NaviNormal/cn_goto_left_road@2x.png
navigation.bundle/CycleNavi/NaviNormal/cn_goto_left_road_uturn@2x.png
navigation.bundle/CycleNavi/NaviNormal/cn_goto_right_road@2x.png
navigation.bundle/CycleNavi/NaviNormal/cn_goto_right_road_uturn@2x.png
navigation.bundle/CycleNavi/NaviNormal/cn_gps_weak@2x.png
navigation.bundle/CycleNavi/NaviNormal/cn_ladder@2x.png
navigation.bundle/CycleNavi/NaviNormal/cn_left@2x.png
navigation.bundle/CycleNavi/NaviNormal/cn_left_back@2x.png
navigation.bundle/CycleNavi/NaviNormal/cn_left_front@2x.png
navigation.bundle/CycleNavi/NaviNormal/cn_left_front_straight@2x.png
navigation.bundle/CycleNavi/NaviNormal/cn_left_passroad_front@2x.png
navigation.bundle/CycleNavi/NaviNormal/cn_left_passroad_uturn@2x.png
navigation.bundle/CycleNavi/NaviNormal/cn_left_three_leftSide@2x.png
navigation.bundle/CycleNavi/NaviNormal/cn_left_three_middle@2x.png
navigation.bundle/CycleNavi/NaviNormal/cn_left_three_rightSide@2x.png
navigation.bundle/CycleNavi/NaviNormal/cn_left_two_leftSide@2x.png
navigation.bundle/CycleNavi/NaviNormal/cn_left_two_rightSide@2x.png
navigation.bundle/CycleNavi/NaviNormal/cn_leftdiagonal_passroad_left@2x.png
navigation.bundle/CycleNavi/NaviNormal/cn_leftdiagonal_passroad_left_back@2x.png
navigation.bundle/CycleNavi/NaviNormal/cn_leftdiagonal_passroad_left_front@2x.png
navigation.bundle/CycleNavi/NaviNormal/cn_leftdiagonal_passroad_right@2x.png
navigation.bundle/CycleNavi/NaviNormal/cn_leftdiagonal_passroad_right_front@2x.png
navigation.bundle/CycleNavi/NaviNormal/cn_overlinebridge@2x.png
navigation.bundle/CycleNavi/NaviNormal/cn_park@2x.png
navigation.bundle/CycleNavi/NaviNormal/cn_passroad_left@2x.png
navigation.bundle/CycleNavi/NaviNormal/cn_passroad_right@2x.png
navigation.bundle/CycleNavi/NaviNormal/cn_right@2x.png
navigation.bundle/CycleNavi/NaviNormal/cn_right_back@2x.png
navigation.bundle/CycleNavi/NaviNormal/cn_right_front@2x.png
navigation.bundle/CycleNavi/NaviNormal/cn_right_front_straight@2x.png
navigation.bundle/CycleNavi/NaviNormal/cn_right_passroad_front@2x.png
navigation.bundle/CycleNavi/NaviNormal/cn_right_passroad_uturn@2x.png
navigation.bundle/CycleNavi/NaviNormal/cn_right_three_leftSide@2x.png
navigation.bundle/CycleNavi/NaviNormal/cn_right_three_middle@2x.png
navigation.bundle/CycleNavi/NaviNormal/cn_right_three_rightSide@2x.png
navigation.bundle/CycleNavi/NaviNormal/cn_right_two_leftSide@2x.png
navigation.bundle/CycleNavi/NaviNormal/cn_right_two_rightSide@2x.png
navigation.bundle/CycleNavi/NaviNormal/cn_rightdiagonal_passroad_left@2x.png
navigation.bundle/CycleNavi/NaviNormal/cn_rightdiagonal_passroad_left_front@2x.png
navigation.bundle/CycleNavi/NaviNormal/cn_rightdiagonal_passroad_right@2x.png
navigation.bundle/CycleNavi/NaviNormal/cn_rightdiagonal_passroad_right_back@2x.png
navigation.bundle/CycleNavi/NaviNormal/cn_rightdiagonal_passroad_right_front@2x.png
navigation.bundle/CycleNavi/NaviNormal/cn_ring@2x.png
navigation.bundle/CycleNavi/NaviNormal/cn_square@2x.png
navigation.bundle/CycleNavi/NaviNormal/cn_start@2x.png
navigation.bundle/CycleNavi/NaviNormal/cn_three_leftSide@2x.png
navigation.bundle/CycleNavi/NaviNormal/cn_three_middle@2x.png
navigation.bundle/CycleNavi/NaviNormal/cn_three_rightSide@2x.png
navigation.bundle/CycleNavi/NaviNormal/cn_two_leftSide@2x.png
navigation.bundle/CycleNavi/NaviNormal/cn_two_rightSide@2x.png
navigation.bundle/CycleNavi/NaviNormal/cn_undergroundpassage@2x.png
navigation.bundle/CycleNavi/NaviNormal/cn_waypoint@2x.png
navigation.bundle/CycleNavi/NaviNormal/icon_for_more@2x.png
navigation.bundle/CycleNavi/NaviNormal/icon_for_more@3x.png
navigation.bundle/CycleNavi/NaviNormal/icon_navi_cycle_normal@2x.png
navigation.bundle/CycleNavi/NaviNormal/icon_navi_cycle_normal@3x.png
navigation.bundle/CycleNavi/NaviNormal/icon_record_add@2x.png
navigation.bundle/CycleNavi/NaviNormal/icon_record_add@3x.png
navigation.bundle/CycleNavi/NaviNormal/img_adv_cycle_record@2x.png
navigation.bundle/CycleNavi/NaviNormal/img_adv_cycle_record@3x.png
navigation.bundle/CycleNavi/TurnType/
navigation.bundle/CycleNavi/TurnType/cycle_turn_40@2x.png
navigation.bundle/CycleNavi/TurnType/cycle_turn_41@2x.png
navigation.bundle/CycleNavi/TurnType/cycle_turn_42@2x.png
navigation.bundle/CycleNavi/TurnType/cycle_turn_43@2x.png
navigation.bundle/CycleNavi/TurnType/cycle_turn_44@2x.png
navigation.bundle/CycleNavi/TurnType/cycle_turn_45@2x.png
navigation.bundle/CycleNavi/TurnType/cycle_turn_46@2x.png
navigation.bundle/CycleNavi/TurnType/cycle_turn_47@2x.png
navigation.bundle/CycleNavi/TurnType/cycle_turn_48@2x.png
navigation.bundle/CycleNavi/TurnType/cycle_turn_49@2x.png
navigation.bundle/CycleNavi/TurnType/cycle_turn_50@2x.png
navigation.bundle/CycleNavi/TurnType/cycle_turn_51@2x.png
navigation.bundle/CycleNavi/TurnType/cycle_turn_52@2x.png
navigation.bundle/CycleNavi/TurnType/cycle_turn_53@2x.png
navigation.bundle/CycleNavi/TurnType/cycle_turn_54@2x.png
navigation.bundle/CycleNavi/TurnType/cycle_turn_55@2x.png
navigation.bundle/Engine/
navigation.bundle/Engine/icon_facility_type_Forbidden_en@2x.png
navigation.bundle/Engine/icon_facility_type_Forbidden_en@3x.png
navigation.bundle/Engine/icon_facility_type_Retrograde_en@2x.png
navigation.bundle/Engine/icon_facility_type_Retrograde_en@3x.png
navigation.bundle/Engine/icon_light_notice_en.png
navigation.bundle/Engine/icon_light_pass_en.png
navigation.bundle/Engine/icon_light_wait_en.png
navigation.bundle/Engine/icon_navi_compass_en@2x.png
navigation.bundle/Engine/icon_navi_compass_en@3x.png
navigation.bundle/Engine/icon_route_end_en@2x.png
navigation.bundle/Engine/icon_route_end_en@3x.png
navigation.bundle/Engine/traffic_texture_smooth.png
navigation.bundle/WalkNavi/
navigation.bundle/WalkNavi/ARNavi/
navigation.bundle/WalkNavi/ARNavi/ar_compass@2x.png
navigation.bundle/WalkNavi/ARNavi/ar_new_npc_red_dot_icon@2x.png
navigation.bundle/WalkNavi/ARNavi/ar_walk_arrow_split_below@2x.png
navigation.bundle/WalkNavi/ARNavi/ar_walk_arrow_split_below@3x.png
navigation.bundle/WalkNavi/ARNavi/ar_walk_arrow_split_up@2x.png
navigation.bundle/WalkNavi/ARNavi/ar_walk_arrow_split_up@3x.png
navigation.bundle/WalkNavi/ARNavi/ar_walk_config_btn@2x.png
navigation.bundle/WalkNavi/ARNavi/ar_walk_config_btn@3x.png
navigation.bundle/WalkNavi/ARNavi/ar_walk_config_btn_en@2x.png
navigation.bundle/WalkNavi/ARNavi/ar_walk_config_btn_en@3x.png
navigation.bundle/WalkNavi/ARNavi/ar_walk_config_close_btn@2x.png
navigation.bundle/WalkNavi/ARNavi/ar_walk_config_close_btn@3x.png
navigation.bundle/WalkNavi/ARNavi/icon_ar_guide_ar@2x.png
navigation.bundle/WalkNavi/ARNavi/icon_ar_guide_normal@2x.png
navigation.bundle/WalkNavi/ARNavi/icon_ar_instrument_change@2x.png
navigation.bundle/WalkNavi/ARNavi/icon_ar_instrument_change_en@2x.png
navigation.bundle/WalkNavi/ARNavi/icon_ar_instrument_check@2x.png
navigation.bundle/WalkNavi/ARNavi/icon_ar_instrument_check_en@2x.png
navigation.bundle/WalkNavi/ARNavi/icon_ar_instrument_end@2x.png
navigation.bundle/WalkNavi/ARNavi/icon_ar_instrument_end_en@2x.png
navigation.bundle/WalkNavi/ARNavi/icon_ar_instrument_straight@2x.png
navigation.bundle/WalkNavi/ARNavi/icon_ar_instrument_straight_en@2x.png
navigation.bundle/WalkNavi/ARNavi/icon_ar_instrument_turn@2x.png
navigation.bundle/WalkNavi/ARNavi/icon_ar_instrument_turn_en@2x.png
navigation.bundle/WalkNavi/ARNavi/icon_ar_instrument_underground.png
navigation.bundle/WalkNavi/ARNavi/icon_ar_instrument_underground_en.png
navigation.bundle/WalkNavi/ARNavi/icon_walk_ar_loading@2x.png
navigation.bundle/WalkNavi/ARNavi/icon_walk_ar_npc_loading@2x.png
navigation.bundle/WalkNavi/ARNavi/walk_ar_gocrossing_01@2x.png
navigation.bundle/WalkNavi/ARNavi/walk_ar_gocrossing_02@2x.png
navigation.bundle/WalkNavi/ARNavi/walk_ar_gocrossing_03@2x.png
navigation.bundle/WalkNavi/ARNavi/walk_ar_gocrossing_04@2x.png
navigation.bundle/WalkNavi/ARNavi/walk_ar_gocrossing_05@2x.png
navigation.bundle/WalkNavi/ARNavi/walk_ar_gocrossing_06@2x.png
navigation.bundle/WalkNavi/ARNavi/walk_ar_gocrossing_07@2x.png
navigation.bundle/WalkNavi/BeforeNavi/
navigation.bundle/WalkNavi/BeforeNavi/bg_trace_record_run_normal@2.png
navigation.bundle/WalkNavi/BeforeNavi/bg_trace_record_run_normal@3.png
navigation.bundle/WalkNavi/BeforeNavi/bg_trace_record_run_selected@2.png
navigation.bundle/WalkNavi/BeforeNavi/bg_trace_record_run_selected@3.png
navigation.bundle/WalkNavi/BeforeNavi/icon_walk_route_via_poi.png
navigation.bundle/WalkNavi/BeforeNavi/icon_walk_route_via_poi_en.png
navigation.bundle/WalkNavi/BeforeNavi/trace_record_stop_normal@2x.png
navigation.bundle/WalkNavi/BeforeNavi/trace_record_stop_normal@3x.png
navigation.bundle/WalkNavi/BeforeNavi/trace_record_stop_selected@2x.png
navigation.bundle/WalkNavi/BeforeNavi/trace_record_stop_selected@3x.png
navigation.bundle/WalkNavi/BeforeNavi/walk_arnavi_btn_normal@2x.png
navigation.bundle/WalkNavi/BeforeNavi/walk_arnavi_btn_normal@3x.png
navigation.bundle/WalkNavi/BeforeNavi/walk_arnavi_btn_selected@2x.png
navigation.bundle/WalkNavi/BeforeNavi/walk_arnavi_btn_selected@3x.png
navigation.bundle/WalkNavi/NaviGuide/
navigation.bundle/WalkNavi/NaviGuide/tutu_yindao@2x.png
navigation.bundle/WalkNavi/NaviGuide/wn_dest@2x.png
navigation.bundle/WalkNavi/NaviGuide/wn_dest_ar@2x.png
navigation.bundle/WalkNavi/NaviGuide/wn_dest_highlight@2x.png
navigation.bundle/WalkNavi/NaviGuide/wn_door.png
navigation.bundle/WalkNavi/NaviGuide/wn_door@2x.png
navigation.bundle/WalkNavi/NaviGuide/wn_door_ar@2x.png
navigation.bundle/WalkNavi/NaviGuide/wn_door_highlight@2x.png
navigation.bundle/WalkNavi/NaviGuide/wn_elevator.png
navigation.bundle/WalkNavi/NaviGuide/wn_elevator_highlight.png
navigation.bundle/WalkNavi/NaviGuide/wn_escalator.png
navigation.bundle/WalkNavi/NaviGuide/wn_escalator_highlight.png
navigation.bundle/WalkNavi/NaviGuide/wn_faraway_route.png
navigation.bundle/WalkNavi/NaviGuide/wn_faraway_route@2x.png
navigation.bundle/WalkNavi/NaviGuide/wn_faraway_route_ar@2x.png
navigation.bundle/WalkNavi/NaviGuide/wn_faraway_route_highlight@2x.png
navigation.bundle/WalkNavi/NaviGuide/wn_ferry.png
navigation.bundle/WalkNavi/NaviGuide/wn_ferry@2x.png
navigation.bundle/WalkNavi/NaviGuide/wn_ferry_ar@2x.png
navigation.bundle/WalkNavi/NaviGuide/wn_ferry_highlight@2x.png
navigation.bundle/WalkNavi/NaviGuide/wn_gps.png
navigation.bundle/WalkNavi/NaviGuide/wn_gps@2x.png
navigation.bundle/WalkNavi/NaviGuide/wn_gps_ar@2x.png
navigation.bundle/WalkNavi/NaviGuide/wn_gps_highlight@2x.png
navigation.bundle/WalkNavi/NaviGuide/wn_indoor_is_walking_highlight@2x.png
navigation.bundle/WalkNavi/NaviGuide/wn_indoor_start_and_end_highlight@2x.png
navigation.bundle/WalkNavi/NaviGuide/wn_ladder.png
navigation.bundle/WalkNavi/NaviGuide/wn_ladder@2x.png
navigation.bundle/WalkNavi/NaviGuide/wn_ladder_ar@2x.png
navigation.bundle/WalkNavi/NaviGuide/wn_ladder_highlight@2x.png
navigation.bundle/WalkNavi/NaviGuide/wn_overline_bridge.png
navigation.bundle/WalkNavi/NaviGuide/wn_overline_bridge@2x.png
navigation.bundle/WalkNavi/NaviGuide/wn_overline_bridge_ar@2x.png
navigation.bundle/WalkNavi/NaviGuide/wn_overline_bridge_highlight@2x.png
navigation.bundle/WalkNavi/NaviGuide/wn_park.png
navigation.bundle/WalkNavi/NaviGuide/wn_park@2x.png
navigation.bundle/WalkNavi/NaviGuide/wn_park_ar@2x.png
navigation.bundle/WalkNavi/NaviGuide/wn_park_highlight@2x.png
navigation.bundle/WalkNavi/NaviGuide/wn_reroute.png
navigation.bundle/WalkNavi/NaviGuide/wn_reroute@2x.png
navigation.bundle/WalkNavi/NaviGuide/wn_reroute_ar@2x.png
navigation.bundle/WalkNavi/NaviGuide/wn_reroute_highlight@2x.png
navigation.bundle/WalkNavi/NaviGuide/wn_ring.png
navigation.bundle/WalkNavi/NaviGuide/wn_ring@2x.png
navigation.bundle/WalkNavi/NaviGuide/wn_ring_ar@2x.png
navigation.bundle/WalkNavi/NaviGuide/wn_ring_highlight@2x.png
navigation.bundle/WalkNavi/NaviGuide/wn_securitycheck.png
navigation.bundle/WalkNavi/NaviGuide/wn_securitycheck_highlight.png
navigation.bundle/WalkNavi/NaviGuide/wn_square.png
navigation.bundle/WalkNavi/NaviGuide/wn_square@2x.png
navigation.bundle/WalkNavi/NaviGuide/wn_square_ar@2x.png
navigation.bundle/WalkNavi/NaviGuide/wn_square_highlight@2x.png
navigation.bundle/WalkNavi/NaviGuide/wn_stair.png
navigation.bundle/WalkNavi/NaviGuide/wn_stair_highlight.png
navigation.bundle/WalkNavi/NaviGuide/wn_start@2x.png
navigation.bundle/WalkNavi/NaviGuide/wn_start_ar@2x.png
navigation.bundle/WalkNavi/NaviGuide/wn_start_highlight@2x.png
navigation.bundle/WalkNavi/NaviGuide/wn_turn_front.png
navigation.bundle/WalkNavi/NaviGuide/wn_turn_front@2x.png
navigation.bundle/WalkNavi/NaviGuide/wn_turn_front_ar@2x.png
navigation.bundle/WalkNavi/NaviGuide/wn_turn_front_highlight@2x.png
navigation.bundle/WalkNavi/NaviGuide/wn_turn_goto_leftroad_front.png
navigation.bundle/WalkNavi/NaviGuide/wn_turn_goto_leftroad_front@2x.png
navigation.bundle/WalkNavi/NaviGuide/wn_turn_goto_leftroad_front_ar@2x.png
navigation.bundle/WalkNavi/NaviGuide/wn_turn_goto_leftroad_front_highlight@2x.png
navigation.bundle/WalkNavi/NaviGuide/wn_turn_goto_leftroad_uturn.png
navigation.bundle/WalkNavi/NaviGuide/wn_turn_goto_leftroad_uturn@2x.png
navigation.bundle/WalkNavi/NaviGuide/wn_turn_goto_leftroad_uturn_ar@2x.png
navigation.bundle/WalkNavi/NaviGuide/wn_turn_goto_leftroad_uturn_highlight@2x.png
navigation.bundle/WalkNavi/NaviGuide/wn_turn_goto_rightroad_front.png
navigation.bundle/WalkNavi/NaviGuide/wn_turn_goto_rightroad_front@2x.png
navigation.bundle/WalkNavi/NaviGuide/wn_turn_goto_rightroad_front_ar@2x.png
navigation.bundle/WalkNavi/NaviGuide/wn_turn_goto_rightroad_front_highlight@2x.png
navigation.bundle/WalkNavi/NaviGuide/wn_turn_goto_rightroad_uturn.png
navigation.bundle/WalkNavi/NaviGuide/wn_turn_goto_rightroad_uturn@2x.png
navigation.bundle/WalkNavi/NaviGuide/wn_turn_goto_rightroad_uturn_ar@2x.png
navigation.bundle/WalkNavi/NaviGuide/wn_turn_goto_rightroad_uturn_highlight@2x.png
navigation.bundle/WalkNavi/NaviGuide/wn_turn_left.png
navigation.bundle/WalkNavi/NaviGuide/wn_turn_left@2x.png
navigation.bundle/WalkNavi/NaviGuide/wn_turn_left_ar@2x.png
navigation.bundle/WalkNavi/NaviGuide/wn_turn_left_back.png
navigation.bundle/WalkNavi/NaviGuide/wn_turn_left_back@2x.png
navigation.bundle/WalkNavi/NaviGuide/wn_turn_left_back_ar@2x.png
navigation.bundle/WalkNavi/NaviGuide/wn_turn_left_back_highlight@2x.png
navigation.bundle/WalkNavi/NaviGuide/wn_turn_left_diagonal_passroad_left_back.png
navigation.bundle/WalkNavi/NaviGuide/wn_turn_left_diagonal_passroad_left_back@2x.png
navigation.bundle/WalkNavi/NaviGuide/wn_turn_left_diagonal_passroad_left_back_ar@2x.png
navigation.bundle/WalkNavi/NaviGuide/wn_turn_left_diagonal_passroad_left_back_highlight@2x.png
navigation.bundle/WalkNavi/NaviGuide/wn_turn_left_diagonal_passroad_left_front.png
navigation.bundle/WalkNavi/NaviGuide/wn_turn_left_diagonal_passroad_left_front@2x.png
navigation.bundle/WalkNavi/NaviGuide/wn_turn_left_diagonal_passroad_left_front_ar@2x.png
navigation.bundle/WalkNavi/NaviGuide/wn_turn_left_diagonal_passroad_left_front_highlight@2x.png
navigation.bundle/WalkNavi/NaviGuide/wn_turn_left_diagonal_passroad_right_front.png
navigation.bundle/WalkNavi/NaviGuide/wn_turn_left_diagonal_passroad_right_front@2x.png
navigation.bundle/WalkNavi/NaviGuide/wn_turn_left_diagonal_passroad_right_front_ar@2x.png
navigation.bundle/WalkNavi/NaviGuide/wn_turn_left_diagonal_passroad_right_front_highlight@2x.png
navigation.bundle/WalkNavi/NaviGuide/wn_turn_left_front.png
navigation.bundle/WalkNavi/NaviGuide/wn_turn_left_front@2x.png
navigation.bundle/WalkNavi/NaviGuide/wn_turn_left_front_ar@2x.png
navigation.bundle/WalkNavi/NaviGuide/wn_turn_left_front_highlight@2x.png
navigation.bundle/WalkNavi/NaviGuide/wn_turn_left_front_straight.png
navigation.bundle/WalkNavi/NaviGuide/wn_turn_left_front_straight@2x.png
navigation.bundle/WalkNavi/NaviGuide/wn_turn_left_front_straight_ar@2x.png
navigation.bundle/WalkNavi/NaviGuide/wn_turn_left_front_straight_highlight@2x.png
navigation.bundle/WalkNavi/NaviGuide/wn_turn_left_highlight@2x.png
navigation.bundle/WalkNavi/NaviGuide/wn_turn_left_passroad_front.png
navigation.bundle/WalkNavi/NaviGuide/wn_turn_left_passroad_front@2x.png
navigation.bundle/WalkNavi/NaviGuide/wn_turn_left_passroad_front_ar@2x.png
navigation.bundle/WalkNavi/NaviGuide/wn_turn_left_passroad_front_highlight@2x.png
navigation.bundle/WalkNavi/NaviGuide/wn_turn_left_passroad_uturn.png
navigation.bundle/WalkNavi/NaviGuide/wn_turn_left_passroad_uturn@2x.png
navigation.bundle/WalkNavi/NaviGuide/wn_turn_left_passroad_uturn_ar@2x.png
navigation.bundle/WalkNavi/NaviGuide/wn_turn_left_passroad_uturn_highlight@2x.png
navigation.bundle/WalkNavi/NaviGuide/wn_turn_passroad_left.png
navigation.bundle/WalkNavi/NaviGuide/wn_turn_passroad_left@2x.png
navigation.bundle/WalkNavi/NaviGuide/wn_turn_passroad_left_ar@2x.png
navigation.bundle/WalkNavi/NaviGuide/wn_turn_passroad_left_highlight@2x.png
navigation.bundle/WalkNavi/NaviGuide/wn_turn_passroad_right.png
navigation.bundle/WalkNavi/NaviGuide/wn_turn_passroad_right@2x.png
navigation.bundle/WalkNavi/NaviGuide/wn_turn_passroad_right_ar@2x.png
navigation.bundle/WalkNavi/NaviGuide/wn_turn_passroad_right_highlight@2x.png
navigation.bundle/WalkNavi/NaviGuide/wn_turn_right.png
navigation.bundle/WalkNavi/NaviGuide/wn_turn_right@2x.png
navigation.bundle/WalkNavi/NaviGuide/wn_turn_right_ar@2x.png
navigation.bundle/WalkNavi/NaviGuide/wn_turn_right_back.png
navigation.bundle/WalkNavi/NaviGuide/wn_turn_right_back@2x.png
navigation.bundle/WalkNavi/NaviGuide/wn_turn_right_back_ar@2x.png
navigation.bundle/WalkNavi/NaviGuide/wn_turn_right_back_highlight@2x.png
navigation.bundle/WalkNavi/NaviGuide/wn_turn_right_diagonal_passroad_left_front.png
navigation.bundle/WalkNavi/NaviGuide/wn_turn_right_diagonal_passroad_left_front@2x.png
navigation.bundle/WalkNavi/NaviGuide/wn_turn_right_diagonal_passroad_left_front_ar@2x.png
navigation.bundle/WalkNavi/NaviGuide/wn_turn_right_diagonal_passroad_left_front_highlight@2x.png
navigation.bundle/WalkNavi/NaviGuide/wn_turn_right_diagonal_passroad_right_back.png
navigation.bundle/WalkNavi/NaviGuide/wn_turn_right_diagonal_passroad_right_back@2x.png
navigation.bundle/WalkNavi/NaviGuide/wn_turn_right_diagonal_passroad_right_back_ar@2x.png
navigation.bundle/WalkNavi/NaviGuide/wn_turn_right_diagonal_passroad_right_back_highlight@2x.png
navigation.bundle/WalkNavi/NaviGuide/wn_turn_right_diagonal_passroad_right_front.png
navigation.bundle/WalkNavi/NaviGuide/wn_turn_right_diagonal_passroad_right_front@2x.png
navigation.bundle/WalkNavi/NaviGuide/wn_turn_right_diagonal_passroad_right_front_ar@2x.png
navigation.bundle/WalkNavi/NaviGuide/wn_turn_right_diagonal_passroad_right_front_highlight@2x.png
navigation.bundle/WalkNavi/NaviGuide/wn_turn_right_front.png
navigation.bundle/WalkNavi/NaviGuide/wn_turn_right_front@2x.png
navigation.bundle/WalkNavi/NaviGuide/wn_turn_right_front_ar@2x.png
navigation.bundle/WalkNavi/NaviGuide/wn_turn_right_front_highlight@2x.png
navigation.bundle/WalkNavi/NaviGuide/wn_turn_right_front_straight.png
navigation.bundle/WalkNavi/NaviGuide/wn_turn_right_front_straight@2x.png
navigation.bundle/WalkNavi/NaviGuide/wn_turn_right_front_straight_ar@2x.png
navigation.bundle/WalkNavi/NaviGuide/wn_turn_right_front_straight_highlight@2x.png
navigation.bundle/WalkNavi/NaviGuide/wn_turn_right_highlight@2x.png
navigation.bundle/WalkNavi/NaviGuide/wn_turn_right_passroad_front.png
navigation.bundle/WalkNavi/NaviGuide/wn_turn_right_passroad_front@2x.png
navigation.bundle/WalkNavi/NaviGuide/wn_turn_right_passroad_front_ar@2x.png
navigation.bundle/WalkNavi/NaviGuide/wn_turn_right_passroad_front_highlight@2x.png
navigation.bundle/WalkNavi/NaviGuide/wn_turn_right_passroad_uturn.png
navigation.bundle/WalkNavi/NaviGuide/wn_turn_right_passroad_uturn@2x.png
navigation.bundle/WalkNavi/NaviGuide/wn_turn_right_passroad_uturn_ar@2x.png
navigation.bundle/WalkNavi/NaviGuide/wn_turn_right_passroad_uturn_highlight@2x.png
navigation.bundle/WalkNavi/NaviGuide/wn_underground_passage.png
navigation.bundle/WalkNavi/NaviGuide/wn_underground_passage@2x.png
navigation.bundle/WalkNavi/NaviGuide/wn_underground_passage_ar@2x.png
navigation.bundle/WalkNavi/NaviGuide/wn_underground_passage_highlight@2x.png
navigation.bundle/WalkNavi/NaviGuide/wn_waypoint.png
navigation.bundle/WalkNavi/NaviGuide/wn_waypoint@2x.png
navigation.bundle/WalkNavi/NaviGuide/wn_waypoint_ar@2x.png
navigation.bundle/WalkNavi/NaviGuide/wn_waypoint_highlight@2x.png
navigation.bundle/WalkNavi/NaviNormal/
navigation.bundle/WalkNavi/NaviNormal/ChickenLeg@2x.png
navigation.bundle/WalkNavi/NaviNormal/Chocolate@2x.png
navigation.bundle/WalkNavi/NaviNormal/Cookie@2x.png
navigation.bundle/WalkNavi/NaviNormal/Corncob@2x.png
navigation.bundle/WalkNavi/NaviNormal/CreamCake@2x.png
navigation.bundle/WalkNavi/NaviNormal/Egg@2x.png
navigation.bundle/WalkNavi/NaviNormal/Hamburger@2x.png
navigation.bundle/WalkNavi/NaviNormal/IceCream@2x.png
navigation.bundle/WalkNavi/NaviNormal/Icon_route_walk_end_with_floorId.imageset.png
navigation.bundle/WalkNavi/NaviNormal/Icon_route_walk_end_without_floorId.png
navigation.bundle/WalkNavi/NaviNormal/Icon_route_walk_start_with_floorId.png
navigation.bundle/WalkNavi/NaviNormal/Icon_route_walk_start_without_floorId.png
navigation.bundle/WalkNavi/NaviNormal/InstantNoodles@2x.png
navigation.bundle/WalkNavi/NaviNormal/Kebab@2x.png
navigation.bundle/WalkNavi/NaviNormal/Peanut@2x.png
navigation.bundle/WalkNavi/NaviNormal/Potato@2x.png
navigation.bundle/WalkNavi/NaviNormal/Rice@2x.png
navigation.bundle/WalkNavi/NaviNormal/Toffee@2x.png
navigation.bundle/WalkNavi/NaviNormal/bg_pane_shadow.png
navigation.bundle/WalkNavi/NaviNormal/bg_route_tips@2x.png
navigation.bundle/WalkNavi/NaviNormal/bg_route_tips@3x.png
navigation.bundle/WalkNavi/NaviNormal/bnavi_bt_more@2x.png
navigation.bundle/WalkNavi/NaviNormal/bnavi_bt_more@3x.png
navigation.bundle/WalkNavi/NaviNormal/bnavi_btn_close_navi@2x.png
navigation.bundle/WalkNavi/NaviNormal/bnavi_btn_close_navi@3x.png
navigation.bundle/WalkNavi/NaviNormal/bnavi_btn_declare_bk.png
navigation.bundle/WalkNavi/NaviNormal/bnavi_calorie_expand_bk@2x.png
navigation.bundle/WalkNavi/NaviNormal/bnavi_calorie_expand_bk@3x.png
navigation.bundle/WalkNavi/NaviNormal/bnavi_calorie_num_bk@2x.png
navigation.bundle/WalkNavi/NaviNormal/bnavi_calorie_num_bk@3x.png
navigation.bundle/WalkNavi/NaviNormal/bnavi_calorie_num_bk_untransparent@2x.png
navigation.bundle/WalkNavi/NaviNormal/bnavi_calorie_num_bk_untransparent@3x.png
navigation.bundle/WalkNavi/NaviNormal/bnavi_icon_map_loc_green.png
navigation.bundle/WalkNavi/NaviNormal/buxing_jingdian@2x.png
navigation.bundle/WalkNavi/NaviNormal/buxing_tutu@2x.png
navigation.bundle/WalkNavi/NaviNormal/bw_navi_ar_enter_icon@2x.png
navigation.bundle/WalkNavi/NaviNormal/bw_navi_ar_enter_icon_en@2x.png
navigation.bundle/WalkNavi/NaviNormal/bwcnavi_bk_button_normal.imageset.png
navigation.bundle/WalkNavi/NaviNormal/bwcnavi_bk_button_pressed@2x.png
navigation.bundle/WalkNavi/NaviNormal/bwcnavi_icon_location_compass@2x.png
navigation.bundle/WalkNavi/NaviNormal/bwcnavi_icon_location_fixed@2x.png
navigation.bundle/WalkNavi/NaviNormal/bwcnavi_icon_location_fixed@3x.png
navigation.bundle/WalkNavi/NaviNormal/bwcnavi_icon_location_fixed_en@2x.png
navigation.bundle/WalkNavi/NaviNormal/bwcnavi_icon_location_fixed_en@3x.png
navigation.bundle/WalkNavi/NaviNormal/bwcnavi_icon_location_unfixed@2x.png
navigation.bundle/WalkNavi/NaviNormal/bwcnavi_loadingX@2x.png
navigation.bundle/WalkNavi/NaviNormal/bwcnavi_loading_cell@2x.png
navigation.bundle/WalkNavi/NaviNormal/bwcnavi_loading_circle@2x.png
navigation.bundle/WalkNavi/NaviNormal/bwcnavi_loading_drop@2x.png
navigation.bundle/WalkNavi/NaviNormal/bwcnavi_search_btn_bg_d@2x.png
navigation.bundle/WalkNavi/NaviNormal/bwnavi_btn_close_navi_black@2x.png
navigation.bundle/WalkNavi/NaviNormal/bwnavi_btn_close_navi_black@3x.png
navigation.bundle/WalkNavi/NaviNormal/bwnavi_icon_ar_mode_exchange_black@2x.png
navigation.bundle/WalkNavi/NaviNormal/bwnavi_icon_ar_mode_exchange_black@3x.png
navigation.bundle/WalkNavi/NaviNormal/declare_info_header@2x.png
navigation.bundle/WalkNavi/NaviNormal/declare_info_point@2x.png
navigation.bundle/WalkNavi/NaviNormal/icon_card_top_little_line@2x.png
navigation.bundle/WalkNavi/NaviNormal/icon_card_top_little_line@3x.png
navigation.bundle/WalkNavi/NaviNormal/icon_center_foot_route_img@2x.png
navigation.bundle/WalkNavi/NaviNormal/icon_center_foot_route_img@3x.png
navigation.bundle/WalkNavi/NaviNormal/icon_navi_finish_back_btn@2x.png
navigation.bundle/WalkNavi/NaviNormal/icon_navi_finish_back_btn@3x.png
navigation.bundle/WalkNavi/NaviNormal/icon_navi_finish_back_btn_touched@2x.png
navigation.bundle/WalkNavi/NaviNormal/icon_navi_finish_back_btn_touched@3x.png
navigation.bundle/WalkNavi/NaviNormal/icon_navi_finish_calory@2x.png
navigation.bundle/WalkNavi/NaviNormal/icon_navi_finish_calory@3x.png
navigation.bundle/WalkNavi/NaviNormal/icon_navi_finish_history@2x.png
navigation.bundle/WalkNavi/NaviNormal/icon_navi_finish_history@3x.png
navigation.bundle/WalkNavi/NaviNormal/icon_navi_finish_share_btn@3x.png
navigation.bundle/WalkNavi/NaviNormal/icon_navi_finish_share_btn_touched@2x.png
navigation.bundle/WalkNavi/NaviNormal/icon_navi_finish_share_btn_touched@3x.png
navigation.bundle/WalkNavi/NaviNormal/icon_navi_finish_share_btnl@2x.png
navigation.bundle/WalkNavi/NaviNormal/icon_navi_finish_walk_average_peisu@2x.png
navigation.bundle/WalkNavi/NaviNormal/icon_navi_finish_walk_average_peisu@3x.png
navigation.bundle/WalkNavi/NaviNormal/icon_navi_finish_walk_average_speed@2x.png
navigation.bundle/WalkNavi/NaviNormal/icon_navi_finish_walk_average_speed@3x.png
navigation.bundle/WalkNavi/NaviNormal/icon_navi_finish_walk_distance@2x.png
navigation.bundle/WalkNavi/NaviNormal/icon_navi_finish_walk_distance@3x.png
navigation.bundle/WalkNavi/NaviNormal/icon_navi_finish_walk_endtime@2x.png
navigation.bundle/WalkNavi/NaviNormal/icon_navi_finish_walk_endtime@3x.png
navigation.bundle/WalkNavi/NaviNormal/icon_navi_finish_walk_step_count@2x.png
navigation.bundle/WalkNavi/NaviNormal/icon_navi_finish_walk_step_count@3x.png
navigation.bundle/WalkNavi/NaviNormal/icon_navi_walk_ar@2x.png
navigation.bundle/WalkNavi/NaviNormal/icon_navi_walk_ar@3x.png
navigation.bundle/WalkNavi/NaviNormal/icon_navi_walk_ar_pop_up_direct_down@2x.png
navigation.bundle/WalkNavi/NaviNormal/icon_navi_walk_ar_pop_up_direct_left@2x.png
navigation.bundle/WalkNavi/NaviNormal/icon_navi_walk_ar_pop_up_direct_right@2x.png
navigation.bundle/WalkNavi/NaviNormal/icon_navi_walk_ar_pop_up_direct_up@2x.png
navigation.bundle/WalkNavi/NaviNormal/icon_navi_walk_ar_pupup_inner_dest.imageset.png
navigation.bundle/WalkNavi/NaviNormal/icon_navi_walk_normal@2x.png
navigation.bundle/WalkNavi/NaviNormal/icon_navi_walk_normal@3x.png
navigation.bundle/WalkNavi/NaviNormal/icon_navi_walk_selected@2x.png
navigation.bundle/WalkNavi/NaviNormal/icon_navi_walk_selected@3x.png
navigation.bundle/WalkNavi/NaviNormal/icon_pane_shadown@2x.png
navigation.bundle/WalkNavi/NaviNormal/icon_route_new_but_far_bk@2x.png
navigation.bundle/WalkNavi/NaviNormal/icon_route_pane_line@2x.png
navigation.bundle/WalkNavi/NaviNormal/icon_route_pane_line@3x.png
navigation.bundle/WalkNavi/NaviNormal/icon_route_walk_node_with_floorId_bk@2x.png
navigation.bundle/WalkNavi/NaviNormal/icon_route_walk_type_Ferry.png
navigation.bundle/WalkNavi/NaviNormal/icon_route_walk_type_Ladder.png
navigation.bundle/WalkNavi/NaviNormal/icon_route_walk_type_Park.png
navigation.bundle/WalkNavi/NaviNormal/icon_route_walk_type_Square.png
navigation.bundle/WalkNavi/NaviNormal/icon_route_walk_type_UndergroundPassage.png
navigation.bundle/WalkNavi/NaviNormal/icon_route_walk_type_indoor_check@2x.png
navigation.bundle/WalkNavi/NaviNormal/icon_route_walk_type_indoor_check@3x.png
navigation.bundle/WalkNavi/NaviNormal/icon_route_walk_type_indoor_door@2x.png
navigation.bundle/WalkNavi/NaviNormal/icon_route_walk_type_indoor_door@3x.png
navigation.bundle/WalkNavi/NaviNormal/icon_route_walk_type_indoor_door_popup@2x.png
navigation.bundle/WalkNavi/NaviNormal/icon_route_walk_type_indoor_elevator@2x.png
navigation.bundle/WalkNavi/NaviNormal/icon_route_walk_type_indoor_elevator@3x.png
navigation.bundle/WalkNavi/NaviNormal/icon_route_walk_type_indoor_escalator@2x.png
navigation.bundle/WalkNavi/NaviNormal/icon_route_walk_type_indoor_escalator@3x.png
navigation.bundle/WalkNavi/NaviNormal/icon_route_walk_type_indoor_next_popup@2x.png
navigation.bundle/WalkNavi/NaviNormal/icon_route_walk_type_indoor_stair@2x.png
navigation.bundle/WalkNavi/NaviNormal/icon_route_walk_type_indoor_stair@3x.png
navigation.bundle/WalkNavi/NaviNormal/icon_route_walk_type_overbridge.png
navigation.bundle/WalkNavi/NaviNormal/icon_route_walk_type_popup@2x.png
navigation.bundle/WalkNavi/NaviNormal/icon_route_walk_via_poi.png
navigation.bundle/WalkNavi/NaviNormal/icon_seperator_dot@2x.png
navigation.bundle/WalkNavi/NaviNormal/icon_seperator_dot@3x.png
navigation.bundle/WalkNavi/NaviNormal/icon_walk_card_down@2x.png
navigation.bundle/WalkNavi/NaviNormal/icon_walk_card_up@2x.png
navigation.bundle/WalkNavi/NaviNormal/icon_walk_hongsanjiao@2x.png
navigation.bundle/WalkNavi/NaviNormal/icon_walk_navi_ar_exit@2x.png
navigation.bundle/WalkNavi/NaviNormal/icon_walk_navi_ar_exit@3x.png
navigation.bundle/WalkNavi/NaviNormal/icon_walk_navi_tip_night@2x.png
navigation.bundle/WalkNavi/NaviNormal/icon_walk_navi_tip_night@3x.png
navigation.bundle/WalkNavi/NaviNormal/icon_walk_navi_tip_ok@2x.png
navigation.bundle/WalkNavi/NaviNormal/icon_walk_navi_tip_ok@3x.png
navigation.bundle/WalkNavi/NaviNormal/icon_walk_navi_tip_warning@2x.png
navigation.bundle/WalkNavi/NaviNormal/icon_walk_navi_tip_warning@3x.png
navigation.bundle/WalkNavi/NaviNormal/icon_walk_too_near_show_left@2x.png
navigation.bundle/WalkNavi/NaviNormal/icon_walk_too_near_show_left@3x.png
navigation.bundle/WalkNavi/NaviNormal/icon_walk_too_near_show_right@2x.png
navigation.bundle/WalkNavi/NaviNormal/icon_walk_too_near_show_right@3x.png
navigation.bundle/WalkNavi/NaviNormal/icon_walk_tuqi@2x.png
navigation.bundle/WalkNavi/NaviNormal/icon_walk_xian@2x.png
navigation.bundle/WalkNavi/NaviNormal/img_adv_walk_record@2x.png
navigation.bundle/WalkNavi/NaviNormal/img_adv_walk_record@3x.png
navigation.bundle/WalkNavi/NaviNormal/map_route_correct_walk_cycle@2x.png
navigation.bundle/WalkNavi/NaviNormal/map_route_correct_walk_cycle@3x.png
navigation.bundle/WalkNavi/NaviNormal/navi_scroll_animation_bk@2x.png
navigation.bundle/WalkNavi/NaviNormal/navi_scroll_animation_bk@3x.png
navigation.bundle/WalkNavi/NaviNormal/navi_see_streetscape_arrow.png
navigation.bundle/WalkNavi/NaviNormal/navi_streetscape_below_bg.png
navigation.bundle/WalkNavi/NaviNormal/walk_btn_close@2x.png
navigation.bundle/WalkNavi/NaviNormal/walk_navi_bt_bk_normal@2x.png
navigation.bundle/WalkNavi/NaviNormal/walk_navi_bt_bk_normal@3x.png
navigation.bundle/WalkNavi/NaviNormal/walk_navi_bt_bk_normal_dark@2x.png
navigation.bundle/WalkNavi/NaviNormal/walk_navi_bt_bk_normal_dark@3x.png
navigation.bundle/WalkNavi/TurnType/
navigation.bundle/WalkNavi/TurnType/walk_turn_0@2x.png
navigation.bundle/WalkNavi/TurnType/walk_turn_10@2x.png
navigation.bundle/WalkNavi/TurnType/walk_turn_11@2x.png
navigation.bundle/WalkNavi/TurnType/walk_turn_12@2x.png
navigation.bundle/WalkNavi/TurnType/walk_turn_13@2x.png
navigation.bundle/WalkNavi/TurnType/walk_turn_14@2x.png
navigation.bundle/WalkNavi/TurnType/walk_turn_15@2x.png
navigation.bundle/WalkNavi/TurnType/walk_turn_16@2x.png
navigation.bundle/WalkNavi/TurnType/walk_turn_17@2x.png
navigation.bundle/WalkNavi/TurnType/walk_turn_18@2x.png
navigation.bundle/WalkNavi/TurnType/walk_turn_19@2x.png
navigation.bundle/WalkNavi/TurnType/walk_turn_1@2x.png
navigation.bundle/WalkNavi/TurnType/walk_turn_20@2x.png
navigation.bundle/WalkNavi/TurnType/walk_turn_21@2x.png
navigation.bundle/WalkNavi/TurnType/walk_turn_22@2x.png
navigation.bundle/WalkNavi/TurnType/walk_turn_23@2x.png
navigation.bundle/WalkNavi/TurnType/walk_turn_24@2x.png
navigation.bundle/WalkNavi/TurnType/walk_turn_25@2x.png
navigation.bundle/WalkNavi/TurnType/walk_turn_26@2x.png
navigation.bundle/WalkNavi/TurnType/walk_turn_27@2x.png
navigation.bundle/WalkNavi/TurnType/walk_turn_28@2x.png
navigation.bundle/WalkNavi/TurnType/walk_turn_29@2x.png
navigation.bundle/WalkNavi/TurnType/walk_turn_2@2x.png
navigation.bundle/WalkNavi/TurnType/walk_turn_30@2x.png
navigation.bundle/WalkNavi/TurnType/walk_turn_31@2x.png
navigation.bundle/WalkNavi/TurnType/walk_turn_32@2x.png
navigation.bundle/WalkNavi/TurnType/walk_turn_33@2x.png
navigation.bundle/WalkNavi/TurnType/walk_turn_34@2x.png
navigation.bundle/WalkNavi/TurnType/walk_turn_35@2x.png
navigation.bundle/WalkNavi/TurnType/walk_turn_36@2x.png
navigation.bundle/WalkNavi/TurnType/walk_turn_37@2x.png
navigation.bundle/WalkNavi/TurnType/walk_turn_38@2x.png
navigation.bundle/WalkNavi/TurnType/walk_turn_39@2x.png
navigation.bundle/WalkNavi/TurnType/walk_turn_3@2x.png
navigation.bundle/WalkNavi/TurnType/walk_turn_40@2x.png
navigation.bundle/WalkNavi/TurnType/walk_turn_4@2x.png
navigation.bundle/WalkNavi/TurnType/walk_turn_5@2x.png
navigation.bundle/WalkNavi/TurnType/walk_turn_6@2x.png
navigation.bundle/WalkNavi/TurnType/walk_turn_7@2x.png
navigation.bundle/WalkNavi/TurnType/walk_turn_8@2x.png
navigation.bundle/WalkNavi/TurnType/walk_turn_9@2x.png

sent 28225056 bytes  received 61580 bytes  18857757.33 bytes/sec
total size is 27995151  speedup is 0.99

WriteAuxiliaryFile /Users/runner/Library/Developer/Xcode/DerivedData/Probe-ekfbkukithifuccjqocbdrxgxvkg/Build/Intermediates.noindex/Probe.build/Debug-iphoneos/unimoduleProbe.build/Objects-normal/arm64/unimoduleProbe.SwiftConstValuesFileList (in target 'unimoduleProbe' from project 'Probe')
    cd /Users/runner/work/hw-baidu-navi-specs/hw-baidu-navi-specs/probe/B
    write-file /Users/runner/Library/Developer/Xcode/DerivedData/Probe-ekfbkukithifuccjqocbdrxgxvkg/Build/Intermediates.noindex/Probe.build/Debug-iphoneos/unimoduleProbe.build/Objects-normal/arm64/unimoduleProbe.SwiftConstValuesFileList

ExtractAppIntentsMetadata (in target 'unimoduleProbe' from project 'Probe')
    cd /Users/runner/work/hw-baidu-navi-specs/hw-baidu-navi-specs/probe/B
    /Applications/Xcode_15.4.app/Contents/Developer/Toolchains/XcodeDefault.xctoolchain/usr/bin/appintentsmetadataprocessor --output /Users/runner/Library/Developer/Xcode/DerivedData/Probe-ekfbkukithifuccjqocbdrxgxvkg/Build/Products/Debug-iphoneos/unimoduleProbe.framework --toolchain-dir /Applications/Xcode_15.4.app/Contents/Developer/Toolchains/XcodeDefault.xctoolchain --module-name unimoduleProbe --sdk-root /Applications/Xcode_15.4.app/Contents/Developer/Platforms/iPhoneOS.platform/Developer/SDKs/iPhoneOS17.5.sdk --xcode-version 15F31d --platform-family iOS --deployment-target 14.0 --target-triple arm64-apple-ios14.0 --binary-file /Users/runner/Library/Developer/Xcode/DerivedData/Probe-ekfbkukithifuccjqocbdrxgxvkg/Build/Products/Debug-iphoneos/unimoduleProbe.framework/unimoduleProbe --dependency-file /Users/runner/Library/Developer/Xcode/DerivedData/Probe-ekfbkukithifuccjqocbdrxgxvkg/Build/Intermediates.noindex/Probe.build/Debug-iphoneos/unimoduleProbe.build/Objects-normal/arm64/unimoduleProbe_dependency_info.dat --stringsdata-file /Users/runner/Library/Developer/Xcode/DerivedData/Probe-ekfbkukithifuccjqocbdrxgxvkg/Build/Intermediates.noindex/Probe.build/Debug-iphoneos/unimoduleProbe.build/Objects-normal/arm64/ExtractedAppShortcutsMetadata.stringsdata --source-file-list /Users/runner/Library/Developer/Xcode/DerivedData/Probe-ekfbkukithifuccjqocbdrxgxvkg/Build/Intermediates.noindex/Probe.build/Debug-iphoneos/unimoduleProbe.build/Objects-normal/arm64/unimoduleProbe.SwiftFileList --swift-const-vals-list /Users/runner/Library/Developer/Xcode/DerivedData/Probe-ekfbkukithifuccjqocbdrxgxvkg/Build/Intermediates.noindex/Probe.build/Debug-iphoneos/unimoduleProbe.build/Objects-normal/arm64/unimoduleProbe.SwiftConstValuesFileList --compile-time-extraction --deployment-aware-processing
note: Metadata extraction skipped. No AppIntents.framework dependency found. (in target 'unimoduleProbe' from project 'Probe')

GenerateTAPI /Users/runner/Library/Developer/Xcode/DerivedData/Probe-ekfbkukithifuccjqocbdrxgxvkg/Build/Intermediates.noindex/EagerLinkingTBDs/Debug-iphoneos/unimoduleProbe.framework/unimoduleProbe.tbd (in target 'unimoduleProbe' from project 'Probe')
    cd /Users/runner/work/hw-baidu-navi-specs/hw-baidu-navi-specs/probe/B
    /Applications/Xcode_15.4.app/Contents/Developer/Toolchains/XcodeDefault.xctoolchain/usr/bin/tapi stubify -isysroot /Applications/Xcode_15.4.app/Contents/Developer/Platforms/iPhoneOS.platform/Developer/SDKs/iPhoneOS17.5.sdk -F/Users/runner/Library/Developer/Xcode/DerivedData/Probe-ekfbkukithifuccjqocbdrxgxvkg/Build/Products/Debug-iphoneos -F/Users/runner/Library/Developer/Xcode/DerivedData/Probe-ekfbkukithifuccjqocbdrxgxvkg/Build/Products/Debug-iphoneos/Masonry -F/Users/runner/work/hw-baidu-navi-specs/hw-baidu-navi-specs/probe/B/Pods/BaiduNaviKit3 -F/Users/runner/work/hw-baidu-navi-specs/hw-baidu-navi-specs/probe/B/Pods/BaiduNaviKit3/BaiduTraceKit -F/Users/runner/work/hw-baidu-navi-specs/hw-baidu-navi-specs/probe/B/Pods/BaiduNaviKit3/MapSDK -F/Users/runner/work/hw-baidu-navi-specs/hw-baidu-navi-specs/probe/B/Pods/OpenCV -L/Users/runner/Library/Developer/Xcode/DerivedData/Probe-ekfbkukithifuccjqocbdrxgxvkg/Build/Products/Debug-iphoneos -L/Users/runner/work/hw-baidu-navi-specs/hw-baidu-navi-specs/probe/B/Pods/BaiduNaviKit3/MapSDK/thirdlibs /Users/runner/Library/Developer/Xcode/DerivedData/Probe-ekfbkukithifuccjqocbdrxgxvkg/Build/Products/Debug-iphoneos/unimoduleProbe.framework/unimoduleProbe -o /Users/runner/Library/Developer/Xcode/DerivedData/Probe-ekfbkukithifuccjqocbdrxgxvkg/Build/Intermediates.noindex/EagerLinkingTBDs/Debug-iphoneos/unimoduleProbe.framework/unimoduleProbe.tbd

RegisterExecutionPolicyException /Users/runner/Library/Developer/Xcode/DerivedData/Probe-ekfbkukithifuccjqocbdrxgxvkg/Build/Products/Debug-iphoneos/unimoduleProbe.framework (in target 'unimoduleProbe' from project 'Probe')
    cd /Users/runner/work/hw-baidu-navi-specs/hw-baidu-navi-specs/probe/B
    builtin-RegisterExecutionPolicyException /Users/runner/Library/Developer/Xcode/DerivedData/Probe-ekfbkukithifuccjqocbdrxgxvkg/Build/Products/Debug-iphoneos/unimoduleProbe.framework

Touch /Users/runner/Library/Developer/Xcode/DerivedData/Probe-ekfbkukithifuccjqocbdrxgxvkg/Build/Products/Debug-iphoneos/unimoduleProbe.framework (in target 'unimoduleProbe' from project 'Probe')
    cd /Users/runner/work/hw-baidu-navi-specs/hw-baidu-navi-specs/probe/B
    /usr/bin/touch -c /Users/runner/Library/Developer/Xcode/DerivedData/Probe-ekfbkukithifuccjqocbdrxgxvkg/Build/Products/Debug-iphoneos/unimoduleProbe.framework

/Users/runner/work/hw-baidu-navi-specs/hw-baidu-navi-specs/probe/B/Pods/Pods.xcodeproj: warning: The iOS deployment target 'IPHONEOS_DEPLOYMENT_TARGET' is set to 8.0, but the range of supported deployment target versions is 12.0 to 17.5.99. (in target 'OpenCV' from project 'Pods')
/Users/runner/work/hw-baidu-navi-specs/hw-baidu-navi-specs/probe/B/Pods/Pods.xcodeproj: warning: The iOS deployment target 'IPHONEOS_DEPLOYMENT_TARGET' is set to 8.0, but the range of supported deployment target versions is 12.0 to 17.5.99. (in target 'Masonry' from project 'Pods')
** BUILD SUCCEEDED **

